index,psnr,ssim,mae,lpaps,arm,prompt
0,13.181592777303567,0.2017105524655998,0.18195246160030365,6.253756046295166,gaussian,A high quality recording of an epic violin solo with an orchestra accompaniment.
1,12.101141512670457,0.13458115049373665,0.19527918100357056,6.17469334602356,gaussian,A high quality recording of an epic violin solo with an orchestra accompaniment.
2,11.899257170160624,0.19382910161158454,0.19363857805728912,4.770734906196594,gaussian,A high quality recording of an epic violin solo with an orchestra accompaniment.
3,9.049545861197636,0.15385091167132645,0.293018639087677,4.777466773986816,gaussian,A high quality recording of an epic violin solo with an orchestra accompaniment.
4,12.042519030330492,0.18887113091500352,0.20737487077713013,5.693282842636108,gaussian,A recording of a happy upbeat song in an orchestral style.
5,13.854646604023987,0.26949401429541403,0.142595112323761,4.338589906692505,gaussian,A recording of a happy upbeat song in an orchestral style.
6,14.243103552083403,0.23169636785107225,0.14959587156772614,6.09549617767334,gaussian,A recording of a happy upbeat song in an orchestral style.
7,14.5610090591925,0.12285577806933809,0.1587039977312088,5.231831789016724,gaussian,A recording of a happy upbeat song in an orchestral style.
8,11.878135405563748,0.13599222774094702,0.2099718153476715,5.517505168914795,gaussian,Strings playing a scary classical music melody with flutes and drums accompaniment in the background.
9,12.748191017038184,0.284844207304783,0.17759181559085846,5.28586220741272,gaussian,Strings playing a scary classical music melody with flutes and drums accompaniment in the background.
10,17.434338746421986,0.3828896567012015,0.09164829552173615,3.5488487482070923,gaussian,Strings playing a scary classical music melody with flutes and drums accompaniment in the background.
11,16.209107777605464,0.32719046650356587,0.10953384637832642,3.9850776195526123,gaussian,Strings playing a scary classical music melody with flutes and drums accompaniment in the background.
12,15.804729568176509,0.16615730165502046,0.13350367546081543,5.181404113769531,gaussian,A recording of an upbeat Arabic song.
13,16.701649319259694,0.2208024175043901,0.11002505570650101,5.369463682174683,gaussian,A recording of an upbeat Arabic song.
14,11.989410545182874,0.11870493010813236,0.20682334899902344,5.158373594284058,gaussian,A recording of an upbeat Arabic song.
15,10.865822208579011,0.09758652728687173,0.23488083481788635,4.158815860748291,gaussian,A recording of an upbeat Arabic song.
16,15.18629799266435,0.25137136186335063,0.1294313222169876,5.189949035644531,gaussian,"A banjo playing a funky country melody, with an accompaniment of a violin, bass and drums."
17,10.961167986586942,0.2307278784203784,0.2217683494091034,5.956570148468018,gaussian,"A banjo playing a funky country melody, with an accompaniment of a violin, bass and drums."
18,16.293809596987337,0.1623788325852187,0.12108034640550613,6.059546709060669,gaussian,"A banjo playing a funky country melody, with an accompaniment of a violin, bass and drums."
19,16.03899638341103,0.18346859608883098,0.1183500736951828,5.013323545455933,gaussian,"A banjo playing a funky country melody, with an accompaniment of a violin, bass and drums."
20,12.808654238462873,0.18363939761875064,0.16082045435905457,6.214517593383789,gaussian,A recording of a quiet metal song.
21,9.999683786724786,0.1794048726070333,0.23751236498355865,5.737391471862793,gaussian,A recording of a quiet metal song.
22,9.632918767051953,0.036299928840413935,0.30510252714157104,5.807438611984253,gaussian,A recording of a quiet metal song.
23,14.45973417858915,0.2794939253375847,0.13139742612838745,5.040924072265625,gaussian,A recording of a quiet metal song.
24,15.976658773556643,0.228867545691024,0.12254071235656738,5.82736873626709,gaussian,A string section playing classical music.
25,16.130168883817902,0.2404499932715816,0.12145904451608658,4.185878038406372,gaussian,A string section playing classical music.
26,11.023814541997275,0.12303452961782183,0.22248999774456024,5.7563300132751465,gaussian,A string section playing classical music.
27,17.61004414239665,0.2973611560532353,0.09716659039258957,4.519017934799194,gaussian,A string section playing classical music.
28,12.04408783748503,0.30551056087188116,0.1723698526620865,5.688772439956665,gaussian,"A recording of a sneaky, quiet and scary techno song, that turns loud in the middle then turns quite again."
29,13.218369464068472,0.07351367236124232,0.18231500685214996,5.769392967224121,gaussian,"A recording of a sneaky, quiet and scary techno song, that turns loud in the middle then turns quite again."
30,10.891632463164566,0.15958315525794972,0.22805480659008026,5.103679656982422,gaussian,"A recording of a sneaky, quiet and scary techno song, that turns loud in the middle then turns quite again."
31,13.017048786979984,0.17855378235211383,0.16590283811092377,5.953161716461182,gaussian,"A recording of a sneaky, quiet and scary techno song, that turns loud in the middle then turns quite again."
32,11.451292629648178,0.20037938895835208,0.2130928933620453,4.834126353263855,gaussian,A recording of a happy upbeat rock song.
33,15.103707422712123,0.23971115880589286,0.1331453174352646,4.948066353797913,gaussian,A recording of a happy upbeat rock song.
34,10.627383430218151,0.08613553274476136,0.24556007981300354,6.765883684158325,gaussian,A recording of a happy upbeat rock song.
35,15.423901824892404,0.1955479699088186,0.1349114179611206,5.4793219566345215,gaussian,A recording of a happy upbeat rock song.
36,11.166471092060576,0.1634152464137568,0.23062051832675934,5.191054344177246,gaussian,"A woman is singing a country song with a guitar, bass and drums playing in the background."
37,15.136591046622637,0.12294639189882586,0.13591095805168152,5.6022868156433105,gaussian,"A woman is singing a country song with a guitar, bass and drums playing in the background."
38,12.580570439845363,0.22115636508060868,0.15769417583942413,6.40364408493042,gaussian,"A woman is singing a country song with a guitar, bass and drums playing in the background."
39,11.645667156951319,0.17931474570483524,0.2271580696105957,5.786203384399414,gaussian,"A woman is singing a country song with a guitar, bass and drums playing in the background."
40,17.553580907251796,0.24473738650367372,0.09929543733596802,4.343110799789429,gaussian,A high quality recording of a violin playing a melody while another violin and drums are playing in the background.
41,14.474532423508927,0.1558068377050206,0.15227998793125153,5.87306547164917,gaussian,A high quality recording of a violin playing a melody while another violin and drums are playing in the background.
42,15.762287388753274,0.2153164126144063,0.1275773048400879,6.159242868423462,gaussian,A high quality recording of a violin playing a melody while another violin and drums are playing in the background.
43,13.415249723230483,0.09867507995842464,0.1685151904821396,5.33350133895874,gaussian,A high quality recording of a violin playing a melody while another violin and drums are playing in the background.
44,13.14768724217135,0.23027639547488554,0.1567823737859726,5.404012203216553,gaussian,"A woman is singing while a guitar, bass and drums playing in the background."
45,14.913157064751273,0.14599560758977284,0.1384589970111847,5.731418132781982,gaussian,"A woman is singing while a guitar, bass and drums playing in the background."
46,7.493372138921542,0.029825563576404483,0.40705522894859314,7.543060541152954,gaussian,"A woman is singing while a guitar, bass and drums playing in the background."
47,10.95467860201935,0.0956905930183162,0.2517070472240448,6.071223258972168,gaussian,"A woman is singing while a guitar, bass and drums playing in the background."
48,15.73976023440455,0.20981774360744365,0.13356730341911316,4.804994225502014,gaussian,"A country song with a guitar, piano, bass and drums playing."
49,14.660610917306183,0.22780263124360386,0.1451307088136673,5.044965028762817,gaussian,"A country song with a guitar, piano, bass and drums playing."
50,15.564153596580708,0.24416963451037285,0.12813341617584229,5.049421548843384,gaussian,"A country song with a guitar, piano, bass and drums playing."
51,13.47311205543435,0.269093424505894,0.16354234516620636,5.818011283874512,gaussian,"A country song with a guitar, piano, bass and drums playing."
52,15.992867054557962,0.21316718358502112,0.12562479078769684,5.443734645843506,gaussian,A recording of a happy upbeat blues song.
53,14.178015187524846,0.11007510873055248,0.1552954912185669,6.780691146850586,gaussian,A recording of a happy upbeat blues song.
54,16.520325323039987,0.24690598507686293,0.11218713223934174,4.8010663986206055,gaussian,A recording of a happy upbeat blues song.
55,11.130889383094885,0.2786860220839119,0.1974305361509323,5.932030916213989,gaussian,A recording of a happy upbeat blues song.
56,16.589349360718085,0.2257606135268805,0.10850848257541656,5.523050785064697,gaussian,"A harp playing alongside a piano, bass and drums in an upbeat old-timey cool classical song."
57,12.560610692722545,0.17792468877043355,0.1847408562898636,5.661922216415405,gaussian,"A harp playing alongside a piano, bass and drums in an upbeat old-timey cool classical song."
58,13.038619110363674,0.13360123193636095,0.18258358538150787,5.695053577423096,gaussian,"A harp playing alongside a piano, bass and drums in an upbeat old-timey cool classical song."
59,14.70984955601172,0.16742617625323483,0.13885192573070526,4.575449466705322,gaussian,"A harp playing alongside a piano, bass and drums in an upbeat old-timey cool classical song."
60,13.561325298958163,0.2453819416540708,0.13268353044986725,7.134397745132446,gaussian,A recording of angry metal music.
61,17.89140018295706,0.39054359489649165,0.0792551264166832,3.7124269008636475,gaussian,A recording of angry metal music.
62,10.16890581641855,0.2107551830839404,0.24009095132350922,4.991082310676575,gaussian,A recording of angry metal music.
63,14.924244094548232,0.2515743381135426,0.12248453497886658,6.130770921707153,gaussian,A recording of angry metal music.
64,16.672712045401873,0.264937792299524,0.11288688331842422,4.144249081611633,gaussian,A country song of a woman singing while bass and drums accompany her.
65,10.5391168165257,0.1284601445969141,0.25180479884147644,6.504346132278442,gaussian,A country song of a woman singing while bass and drums accompany her.
66,15.97386827210543,0.2698680609820597,0.11393454670906067,4.392336845397949,gaussian,A country song of a woman singing while bass and drums accompany her.
67,13.955866913553457,0.09946135232390477,0.15679672360420227,5.995746612548828,gaussian,A country song of a woman singing while bass and drums accompany her.
68,15.302534788367996,0.13464684757310902,0.12682902812957764,6.251842260360718,gaussian,"A violin playing while a guitar, bass and drums playing in the background a calm country song."
69,13.603978817819115,0.17304036701408418,0.17027783393859863,5.707258939743042,gaussian,"A violin playing while a guitar, bass and drums playing in the background a calm country song."
70,16.709259263919524,0.2728098345324771,0.1150645986199379,4.970116853713989,gaussian,"A violin playing while a guitar, bass and drums playing in the background a calm country song."
71,9.975365465088537,0.10238462092564661,0.2814984917640686,5.471897602081299,gaussian,"A violin playing while a guitar, bass and drums playing in the background a calm country song."
72,10.751794761505664,0.1374872660113742,0.23046009242534637,6.286134719848633,gaussian,A recording of an upbeat angry punk song.
73,13.065404689741442,0.2045945614167434,0.16915765404701233,5.890992641448975,gaussian,A recording of an upbeat angry punk song.
74,13.3671451749876,0.24572855387028816,0.1529107391834259,5.075595140457153,gaussian,A recording of an upbeat angry punk song.
75,13.58539138987255,0.12350219170903219,0.1676921397447586,5.23869252204895,gaussian,A recording of an upbeat angry punk song.
76,13.988708571514161,0.17101469206575365,0.14996767044067383,5.243086099624634,gaussian,"A kid is singing while a piano, bass and drums are accompanying him in a happy upbeat rock song."
77,16.55255714717112,0.21670421497786915,0.11052355170249939,6.046504020690918,gaussian,"A kid is singing while a piano, bass and drums are accompanying him in a happy upbeat rock song."
78,13.097722391339259,0.19259273286142894,0.19017618894577026,5.3396453857421875,gaussian,"A kid is singing while a piano, bass and drums are accompanying him in a happy upbeat rock song."
79,17.311140963300666,0.2801648646912067,0.10757549852132797,4.598754167556763,gaussian,"A kid is singing while a piano, bass and drums are accompanying him in a happy upbeat rock song."
80,15.931783126923367,0.27038887533205286,0.1265379935503006,4.925669193267822,gaussian,A strings section playing techno music.
81,15.669904088668185,0.17553244311441746,0.12651857733726501,4.769347429275513,gaussian,A strings section playing techno music.
82,11.247102098330913,0.22477395813838263,0.23310504853725433,5.8121912479400635,gaussian,A strings section playing techno music.
83,19.04915407714132,0.22312243809667065,0.08753553777933121,5.710952997207642,gaussian,A strings section playing techno music.
84,16.665301992842938,0.3473944783503598,0.11315838992595673,4.543321013450623,gaussian,"A metal song of a man singing while a guitar, bass and drums accompany him."
85,13.197753542316653,0.1098741594104963,0.17281022667884827,6.181740760803223,gaussian,"A metal song of a man singing while a guitar, bass and drums accompany him."
86,11.74285401254629,0.09703019925356819,0.2165786623954773,6.111432790756226,gaussian,"A metal song of a man singing while a guitar, bass and drums accompany him."
87,14.162914670814306,0.1870344269544967,0.1598968654870987,5.20611572265625,gaussian,"A metal song of a man singing while a guitar, bass and drums accompany him."
88,12.91779834940568,0.17523267759978556,0.15529793500900269,5.1914753913879395,gaussian,A recording of an old rock song from the nineties.
89,15.255923930822489,0.23379119539700016,0.11712473630905151,5.813182830810547,gaussian,A recording of an old rock song from the nineties.
90,10.863004357981865,0.23214124428623706,0.21734312176704407,5.46799373626709,gaussian,A recording of an old rock song from the nineties.
91,13.05324148804609,0.12014267471076943,0.1735047549009323,5.97568678855896,gaussian,A recording of an old rock song from the nineties.
92,14.670897011540722,0.1706462625782329,0.14876645803451538,5.318196058273315,gaussian,A recording of a slow and cool jazz song.
93,13.332440797164185,0.1886213441118506,0.16692541539669037,6.364030361175537,gaussian,A recording of a slow and cool jazz song.
94,11.93393873105234,0.2229694478259403,0.19288654625415802,4.291313052177429,gaussian,A recording of a slow and cool jazz song.
95,13.096241813136944,0.19769489928343714,0.18362486362457275,6.164093255996704,gaussian,A recording of a slow and cool jazz song.
96,15.893521168834305,0.2210604583992541,0.1232500895857811,5.734182119369507,gaussian,"A high quality recording of strings, drums and flutes playing."
97,12.580614215367783,0.11651069097461766,0.19705525040626526,5.380127668380737,gaussian,"A high quality recording of strings, drums and flutes playing."
98,12.039173985798453,0.19800860285337132,0.20118919014930725,4.1992199420928955,gaussian,"A high quality recording of strings, drums and flutes playing."
99,11.151125184843176,0.10982147035963148,0.23465412855148315,5.965891361236572,gaussian,"A high quality recording of strings, drums and flutes playing."
100,14.939768845822975,0.22106119122414342,0.1307678073644638,6.188186168670654,gaussian,A recording of a slow cool hip hop song.
101,16.76703446944383,0.24930653709470021,0.11338934302330017,4.72848379611969,gaussian,A recording of a slow cool hip hop song.
102,12.384329114813966,0.12207105442778682,0.19991238415241241,5.394207000732422,gaussian,A recording of a slow cool hip hop song.
103,17.002916222865704,0.3208612534315867,0.10992373526096344,4.910915374755859,gaussian,A recording of a slow cool hip hop song.
104,13.117669346771521,0.2741234626670997,0.19712263345718384,5.501305818557739,gaussian,"Chinese strings, flutes, and harps playing an upbeat piece."
105,17.713898412364127,0.3474560270548871,0.09562371671199799,4.397215366363525,gaussian,"Chinese strings, flutes, and harps playing an upbeat piece."
106,18.768718415508147,0.2680023783945324,0.08722953498363495,4.6516923904418945,gaussian,"Chinese strings, flutes, and harps playing an upbeat piece."
107,10.34212929362333,0.09349349291651693,0.25682222843170166,5.892677545547485,gaussian,"Chinese strings, flutes, and harps playing an upbeat piece."
108,11.508309021593256,0.21168467375909356,0.201450377702713,6.113100051879883,gaussian,A recording of a calm and cool jazz song.
109,13.75307715820938,0.1720991131919736,0.15317487716674805,5.158710956573486,gaussian,A recording of a calm and cool jazz song.
110,13.019181406254805,0.12115298621439748,0.1527261883020401,5.654489755630493,gaussian,A recording of a calm and cool jazz song.
111,12.487366927885608,0.1984013262144283,0.17215409874916077,5.997348308563232,gaussian,A recording of a calm and cool jazz song.
112,13.16624172973919,0.1355158774146207,0.17457595467567444,6.425010919570923,gaussian,A recording of a funky jazz song.
113,12.870612408269604,0.14677952042269685,0.18573671579360962,5.739195346832275,gaussian,A recording of a funky jazz song.
114,13.218707985259366,0.13792870642115018,0.17710353434085846,6.517842531204224,gaussian,A recording of a funky jazz song.
115,13.425902619467504,0.23373746687248603,0.1821768432855606,5.732236385345459,gaussian,A recording of a funky jazz song.
116,17.129195940701546,0.3302500899294182,0.095795638859272,4.324672222137451,gaussian,A recording of a classical music piece.
117,13.768832122194272,0.15808491440595937,0.14276210963726044,6.039536952972412,gaussian,A recording of a classical music piece.
118,15.134374506717636,0.1587410211945583,0.13901318609714508,5.510206937789917,gaussian,A recording of a classical music piece.
119,11.293882490235529,0.1503097680771203,0.20289717614650726,4.423624753952026,gaussian,A recording of a classical music piece.
120,15.040529399345644,0.26843881700807737,0.12901431322097778,5.747872829437256,gaussian,A high quality recording of an electric guitar playing a cool metal solo with accompaniment.
121,15.324803697140155,0.18126074923316943,0.1359148919582367,4.141131639480591,gaussian,A high quality recording of an electric guitar playing a cool metal solo with accompaniment.
122,17.8658672711189,0.26134561626836883,0.09790454804897308,4.35036027431488,gaussian,A high quality recording of an electric guitar playing a cool metal solo with accompaniment.
123,16.158087597426,0.1585710773800524,0.1197257786989212,5.105367183685303,gaussian,A high quality recording of an electric guitar playing a cool metal solo with accompaniment.
124,17.254642033049542,0.22988571098385366,0.09972301870584488,4.430652379989624,gaussian,A recording of a happy calm Chinese song.
125,12.704642086252298,0.17579175407448352,0.16906774044036865,5.9706549644470215,gaussian,A recording of a happy calm Chinese song.
126,13.566631372334314,0.16876311253838552,0.161637082695961,5.170732736587524,gaussian,A recording of a happy calm Chinese song.
127,10.053522338948436,0.1986784894070258,0.24710088968276978,4.958535075187683,gaussian,A recording of a happy calm Chinese song.
128,12.82508878251787,0.2427062340805016,0.16082660853862762,5.930962324142456,gaussian,A recording of a funky arcade game soundtrack.
129,10.698530507587902,0.1524451019696133,0.25573086738586426,5.112520694732666,gaussian,A recording of a funky arcade game soundtrack.
130,12.49589265039793,0.08327414941728754,0.19107094407081604,6.701571464538574,gaussian,A recording of a funky arcade game soundtrack.
131,13.339011918128346,0.1684200292592764,0.160856693983078,5.753905534744263,gaussian,A recording of a funky arcade game soundtrack.
132,16.430701328688087,0.17341169972693718,0.11491208523511887,5.377671003341675,gaussian,A recording of a calm arcade game soundtrack.
133,15.471714938052944,0.30318180927664695,0.13435634970664978,3.8898327350616455,gaussian,A recording of a calm arcade game soundtrack.
134,11.150514535232514,0.1108557857960845,0.23017902672290802,6.479771137237549,gaussian,A recording of a calm arcade game soundtrack.
135,15.139570042876409,0.24232405277362892,0.14125795662403107,6.3945698738098145,gaussian,A recording of a calm arcade game soundtrack.
136,11.805300743095021,0.14770792562841176,0.20970143377780914,6.518907070159912,gaussian,"A jazz song with 2 trumpets, piano, bass and drums playing."
137,14.247181338379395,0.2686718371609451,0.15327118337154388,4.887147426605225,gaussian,"A jazz song with 2 trumpets, piano, bass and drums playing."
138,15.819465282604199,0.1779128284519556,0.1211068332195282,5.717056751251221,gaussian,"A jazz song with 2 trumpets, piano, bass and drums playing."
139,12.321082634384844,0.22524843274905842,0.19766707718372345,4.615017414093018,gaussian,"A jazz song with 2 trumpets, piano, bass and drums playing."
140,12.480315364549345,0.07185240264392961,0.1909060925245285,6.690444469451904,gaussian,"A recording of a sneaky, quiet and dramatic Chinese music piece, that turns loud in the middle then turns quite again."
141,13.089940911333935,0.41037566046010804,0.1473921537399292,4.679075837135315,gaussian,"A recording of a sneaky, quiet and dramatic Chinese music piece, that turns loud in the middle then turns quite again."
142,13.656374736730923,0.3159546462054645,0.1336672008037567,4.190407156944275,gaussian,"A recording of a sneaky, quiet and dramatic Chinese music piece, that turns loud in the middle then turns quite again."
143,14.708825593515769,0.14369407702230644,0.12755002081394196,5.351921319961548,gaussian,"A recording of a sneaky, quiet and dramatic Chinese music piece, that turns loud in the middle then turns quite again."
144,15.447208352286559,0.1600914171202448,0.12423056364059448,5.603492736816406,gaussian,"A woman is singing while a guitar, bass and drums playing in the background a calm country song."
145,15.241521635744295,0.21173668227931886,0.1362185925245285,4.60001277923584,gaussian,"A woman is singing while a guitar, bass and drums playing in the background a calm country song."
146,12.423902853396633,0.07401560466809962,0.2108059823513031,6.455337047576904,gaussian,"A woman is singing while a guitar, bass and drums playing in the background a calm country song."
147,8.656805899494419,0.06354459682356045,0.3208279609680176,6.455368995666504,gaussian,"A woman is singing while a guitar, bass and drums playing in the background a calm country song."
148,15.8135432044576,0.23651286393268636,0.1240677759051323,5.310660362243652,gaussian,"A cool 70s rock song of a man singing while a guitar, bass and drums accompany him."
149,10.342506346123159,0.13425893637142272,0.2589876651763916,5.524199485778809,gaussian,"A cool 70s rock song of a man singing while a guitar, bass and drums accompany him."
150,10.938281075977693,0.1719425512474054,0.22316217422485352,4.793996810913086,gaussian,"A cool 70s rock song of a man singing while a guitar, bass and drums accompany him."
151,18.352498322509675,0.3240855391234024,0.08952132612466812,5.061682462692261,gaussian,"A cool 70s rock song of a man singing while a guitar, bass and drums accompany him."
152,16.31253172892417,0.2777725983905322,0.11715258657932281,4.569859623908997,gaussian,"A high quality recording of a saxophone playing, and a guitar, bass and drums playing."
153,14.680788449145938,0.12530093463385727,0.15280978381633759,5.640046119689941,gaussian,"A high quality recording of a saxophone playing, and a guitar, bass and drums playing."
154,13.893601755824456,0.13080992673527767,0.15215860307216644,6.123294830322266,gaussian,"A high quality recording of a saxophone playing, and a guitar, bass and drums playing."
155,15.38524091143067,0.17538399296103763,0.13065460324287415,4.273679614067078,gaussian,"A high quality recording of a saxophone playing, and a guitar, bass and drums playing."
156,9.353709529314587,0.1661164139301682,0.29161402583122253,4.6558518409729,gaussian,A recording of a cool jazz song.
157,15.354286389378428,0.15921539058109627,0.1317308396100998,6.3680572509765625,gaussian,A recording of a cool jazz song.
158,11.68091927354473,0.15249223955777605,0.19534724950790405,5.455783367156982,gaussian,A recording of a cool jazz song.
159,13.59474574172384,0.20906962396930776,0.15885619819164276,4.885872840881348,gaussian,A recording of a cool jazz song.
160,12.663760503013927,0.11068987207038432,0.19185280799865723,6.107259273529053,gaussian,A recording of an old rock song.
161,11.816449890794825,0.06271807836372045,0.22715803980827332,6.159072637557983,gaussian,A recording of an old rock song.
162,13.90009554199306,0.26730845180435586,0.13710182905197144,6.437899589538574,gaussian,A recording of an old rock song.
163,12.765507271309398,0.1864693314866175,0.15774452686309814,4.967098951339722,gaussian,A recording of an old rock song.
164,13.268904161343523,0.1108410104069227,0.17546886205673218,5.802537441253662,gaussian,A recording of a death metal song.
165,8.973241998138812,0.17114814395249658,0.2955765724182129,7.066356897354126,gaussian,A recording of a death metal song.
166,11.844905691584092,0.09511434975947891,0.20513302087783813,5.6169047355651855,gaussian,A recording of a death metal song.
167,6.168589085148007,0.024819935285609225,0.46399638056755066,7.236164093017578,gaussian,A recording of a death metal song.
168,12.52537647659505,0.25273650093845745,0.1970759928226471,5.210423469543457,gaussian,A high quality recording of a rock band playing a happy song.
169,12.594570787915702,0.17526955021464896,0.17652718722820282,4.917637228965759,gaussian,A high quality recording of a rock band playing a happy song.
170,12.955215729317262,0.25041399773157735,0.19212199747562408,6.123686790466309,gaussian,A high quality recording of a rock band playing a happy song.
171,15.22695519648009,0.249307360668004,0.13809305429458618,5.16208028793335,gaussian,A high quality recording of a rock band playing a happy song.
172,10.329747441091254,0.1413507635499065,0.24348992109298706,6.15549898147583,gaussian,A recording of an old upbeat cool arcade game soundtrack.
173,12.766099938190392,0.14303170621652503,0.1758892983198166,6.142809152603149,gaussian,A recording of an old upbeat cool arcade game soundtrack.
174,12.007927668182898,0.20435669742312063,0.21179939806461334,4.907520532608032,gaussian,A recording of an old upbeat cool arcade game soundtrack.
175,8.97676913605136,0.10197672524410747,0.3016212284564972,5.997714996337891,gaussian,A recording of an old upbeat cool arcade game soundtrack.
176,16.952510609617327,0.2434544214358998,0.1043955460190773,4.834906339645386,gaussian,A recording of a happy upbeat song in a retro arcade game soundtrack style.
177,14.391975567450306,0.1983632545247893,0.15093469619750977,5.0977349281311035,gaussian,A recording of a happy upbeat song in a retro arcade game soundtrack style.
178,6.355934618864048,0.0715780348677401,0.4426725506782532,6.481642246246338,gaussian,A recording of a happy upbeat song in a retro arcade game soundtrack style.
179,11.108119585381665,0.10830206929811313,0.21342654526233673,5.937882900238037,gaussian,A recording of a happy upbeat song in a retro arcade game soundtrack style.
180,12.843014226633581,0.19362704833731495,0.18089552223682404,6.208237648010254,gaussian,"A high quality recording of a trumpet, saxophone, electric keyboard, bass and drums playing."
181,11.405374583747086,0.3085142564892719,0.18959224224090576,5.014941930770874,gaussian,"A high quality recording of a trumpet, saxophone, electric keyboard, bass and drums playing."
182,11.980815710221162,0.11112581614208006,0.20186427235603333,6.119084119796753,gaussian,"A high quality recording of a trumpet, saxophone, electric keyboard, bass and drums playing."
183,12.305027109121053,0.2142572036783149,0.18226969242095947,3.2025418505072594,gaussian,"A high quality recording of a trumpet, saxophone, electric keyboard, bass and drums playing."
184,16.262294600826444,0.23572820091499228,0.11561524868011475,4.813724875450134,gaussian,"A trumpet and a guitar playing a cool jazz melody, with an accompaniment of a piano, bass and drums."
185,17.856099616651548,0.2727530433054781,0.09578429162502289,5.032274484634399,gaussian,"A trumpet and a guitar playing a cool jazz melody, with an accompaniment of a piano, bass and drums."
186,11.881348792730568,0.08279015743797016,0.21895787119865417,6.1829845905303955,gaussian,"A trumpet and a guitar playing a cool jazz melody, with an accompaniment of a piano, bass and drums."
187,13.728111481402419,0.2907043393349188,0.14082008600234985,4.041818380355835,gaussian,"A trumpet and a guitar playing a cool jazz melody, with an accompaniment of a piano, bass and drums."
188,15.739025336578065,0.14500476294419784,0.13003060221672058,4.254361867904663,gaussian,A recording of a Arabic song.
189,15.553699973740006,0.2089391077557533,0.1291901171207428,4.602691411972046,gaussian,A recording of a Arabic song.
190,15.721156750199448,0.25759458973728877,0.12681950628757477,5.15532112121582,gaussian,A recording of a Arabic song.
191,15.902631957589858,0.21404792772273545,0.12239430099725723,5.616955041885376,gaussian,A recording of a Arabic song.
192,12.870756428650903,0.15407319833890198,0.1770569235086441,5.56453275680542,gaussian,A high quality recording of an epic guitar country solo with a country band accompaniment.
193,10.498386541198633,0.1309731261363473,0.2621650993824005,6.083698034286499,gaussian,A high quality recording of an epic guitar country solo with a country band accompaniment.
194,12.260039842170897,0.193017238758787,0.19399423897266388,5.562865257263184,gaussian,A high quality recording of an epic guitar country solo with a country band accompaniment.
195,14.887055644790316,0.22368796565196405,0.14698845148086548,5.370586156845093,gaussian,A high quality recording of an epic guitar country solo with a country band accompaniment.
196,12.55948300149256,0.2251880834754809,0.20493461191654205,5.1817426681518555,gaussian,"An electric guitar playing epic riffs while a piano, bass and drums are playing in the background."
197,12.80008391109951,0.15861911529462144,0.1717458814382553,5.779096841812134,gaussian,"An electric guitar playing epic riffs while a piano, bass and drums are playing in the background."
198,15.144660447946599,0.24816722057661264,0.12317527085542679,5.231486558914185,gaussian,"An electric guitar playing epic riffs while a piano, bass and drums are playing in the background."
199,15.024601135605376,0.29106278946708813,0.1249774619936943,5.721803188323975,gaussian,"An electric guitar playing epic riffs while a piano, bass and drums are playing in the background."
200,14.473652931095543,0.31838198611103463,0.13904596865177155,4.521567106246948,gaussian,A recording of an upbeat angry movie soundtrack.
201,11.28671496720722,0.2143492568224071,0.18928635120391846,5.117046117782593,gaussian,A recording of an upbeat angry movie soundtrack.
202,15.535819851523591,0.3016853254832785,0.125045046210289,4.0866841077804565,gaussian,A recording of an upbeat angry movie soundtrack.
203,12.177873013922131,0.17373996910213577,0.18487675487995148,4.854856848716736,gaussian,A recording of an upbeat angry movie soundtrack.
204,12.320868109730949,0.23254093342657295,0.1830238550901413,5.101250410079956,gaussian,A recording of a sneaky arcade game soundtrack.
205,12.44943926313698,0.10114098314819622,0.20211109519004822,6.383205890655518,gaussian,A recording of a sneaky arcade game soundtrack.
206,12.69088343780526,0.05081387092193036,0.1924918293952942,6.560484409332275,gaussian,A recording of a sneaky arcade game soundtrack.
207,14.739617680635153,0.23950507348029554,0.12195087969303131,5.860674858093262,gaussian,A recording of a sneaky arcade game soundtrack.
208,11.542119983860248,0.15189555951403888,0.19713465869426727,6.294903516769409,gaussian,A recording of a romantic country song.
209,16.564728418249505,0.2724297998694556,0.11434707045555115,5.213325500488281,gaussian,A recording of a romantic country song.
210,14.158639095291976,0.23889584274297565,0.15610045194625854,5.6625590324401855,gaussian,A recording of a romantic country song.
211,15.177842707413395,0.14945157631280406,0.13504865765571594,5.84246826171875,gaussian,A recording of a romantic country song.
212,12.117217196618872,0.14874335856673093,0.20732145011425018,5.187176942825317,gaussian,A high quality recording of a metal band playing a happy song.
213,11.519647225277541,0.1523758194467141,0.2272389680147171,6.639792442321777,gaussian,A high quality recording of a metal band playing a happy song.
214,9.03801083874386,0.02102350492733845,0.2902385890483856,6.097454309463501,gaussian,A high quality recording of a metal band playing a happy song.
215,17.625340396935975,0.2722589353986409,0.10087957978248596,5.267980098724365,gaussian,A high quality recording of a metal band playing a happy song.
216,13.406468612759435,0.17174659519689855,0.1587713360786438,4.723052620887756,gaussian,A high quality recording of a trumpet playing a melody while another trumpet and drums are playing in the background.
217,14.009598115764563,0.09072638712401011,0.14947597682476044,5.306936740875244,gaussian,A high quality recording of a trumpet playing a melody while another trumpet and drums are playing in the background.
218,13.711254268797246,0.18184825163021107,0.16613610088825226,5.012274742126465,gaussian,A high quality recording of a trumpet playing a melody while another trumpet and drums are playing in the background.
219,15.644774815993864,0.2863228027815057,0.12753240764141083,4.2070101499557495,gaussian,A high quality recording of a trumpet playing a melody while another trumpet and drums are playing in the background.
220,10.231418430824167,0.10101066174569429,0.264921635389328,4.614078879356384,gaussian,A recording of a slow cool metal song.
221,13.750708054862159,0.06350347482806729,0.17096006870269775,6.428287506103516,gaussian,A recording of a slow cool metal song.
222,10.454443006451125,0.04472257834166123,0.2619304656982422,6.559481620788574,gaussian,A recording of a slow cool metal song.
223,9.841115773624175,0.12333074365549443,0.25966617465019226,4.8795976638793945,gaussian,A recording of a slow cool metal song.
224,17.095238079880623,0.21960253193953636,0.1047336533665657,4.723083972930908,gaussian,"A jazz song with a guitar, trumpet, piano, bass and drums playing."
225,14.432027716135192,0.14858389603331432,0.14603887498378754,5.924864053726196,gaussian,"A jazz song with a guitar, trumpet, piano, bass and drums playing."
226,12.17272526529988,0.10009103861529531,0.2128300666809082,6.382774353027344,gaussian,"A jazz song with a guitar, trumpet, piano, bass and drums playing."
227,14.233610963820189,0.21173617660400187,0.13916350901126862,5.9348464012146,gaussian,"A jazz song with a guitar, trumpet, piano, bass and drums playing."
228,17.03490771251683,0.3570950161137194,0.0762537494301796,5.786041259765625,gaussian,"A metal song with an electric guitar, bass and drums playing."
229,18.107875868365905,0.22773242254870246,0.09376931190490723,5.321454763412476,gaussian,"A metal song with an electric guitar, bass and drums playing."
230,13.683371113960735,0.23565904005080465,0.16231726109981537,5.877495050430298,gaussian,"A metal song with an electric guitar, bass and drums playing."
231,12.925761962128243,0.23417909259453976,0.1589992642402649,6.250013828277588,gaussian,"A metal song with an electric guitar, bass and drums playing."
232,17.73229796696652,0.2852846457405779,0.09713495522737503,4.697772026062012,gaussian,A cello playing a melody and then slowly a violin joins and more strings and they play a happy emotional song.
233,16.007880833628917,0.3199766889138523,0.10938253253698349,4.356181621551514,gaussian,A cello playing a melody and then slowly a violin joins and more strings and they play a happy emotional song.
234,13.918604637651855,0.16373025204292593,0.16211652755737305,5.35828971862793,gaussian,A cello playing a melody and then slowly a violin joins and more strings and they play a happy emotional song.
235,15.81916576498351,0.2341077930523941,0.12890766561031342,5.662210464477539,gaussian,A cello playing a melody and then slowly a violin joins and more strings and they play a happy emotional song.
236,12.28643475206961,0.21622009323302668,0.19402441382408142,6.394045829772949,gaussian,"A recording of a sneaky, quiet and dramatic arcade game soundtrack, that turns loud in the middle then turns quite again."
237,10.896177195149136,0.20342787512604174,0.21988388895988464,5.689598560333252,gaussian,"A recording of a sneaky, quiet and dramatic arcade game soundtrack, that turns loud in the middle then turns quite again."
238,11.947825640223408,0.22169725610844554,0.1810949146747589,5.306530714035034,gaussian,"A recording of a sneaky, quiet and dramatic arcade game soundtrack, that turns loud in the middle then turns quite again."
239,13.84321660872608,0.20487171114314434,0.14513956010341644,5.386169195175171,gaussian,"A recording of a sneaky, quiet and dramatic arcade game soundtrack, that turns loud in the middle then turns quite again."
240,12.503168002719779,0.1584862839523114,0.1788249909877777,5.044404983520508,gaussian,A high quality recording of a cello and violins playing a happy and emotional piece.
241,13.68038963371106,0.21582504847427383,0.1448974907398224,3.789637565612793,gaussian,A high quality recording of a cello and violins playing a happy and emotional piece.
242,14.274017679533257,0.24563191781226523,0.13614428043365479,5.471152305603027,gaussian,A high quality recording of a cello and violins playing a happy and emotional piece.
243,16.023182672096826,0.2376932815144079,0.11875107139348984,5.215518951416016,gaussian,A high quality recording of a cello and violins playing a happy and emotional piece.
244,13.162028191756256,0.14607844806486533,0.17521077394485474,5.775164365768433,gaussian,"A cool 60s jazz song of a saxophone playing while a guitar, bass and drums accompany him."
245,16.231214692409164,0.24983172573627324,0.11715368926525116,5.21519660949707,gaussian,"A cool 60s jazz song of a saxophone playing while a guitar, bass and drums accompany him."
246,13.248286401073102,0.22487508760063957,0.16589008271694183,4.755560994148254,gaussian,"A cool 60s jazz song of a saxophone playing while a guitar, bass and drums accompany him."
247,18.194774992143245,0.28860305692326976,0.0935218334197998,4.7141746282577515,gaussian,"A cool 60s jazz song of a saxophone playing while a guitar, bass and drums accompany him."
248,13.273541577658214,0.13731255817487945,0.18194665014743805,5.2873711585998535,gaussian,"A techno song of a synthesizer playing while an electric guitar, bass and drums are playing in the background."
249,11.21863484604068,0.17760349632963465,0.2225136160850525,4.163233160972595,gaussian,"A techno song of a synthesizer playing while an electric guitar, bass and drums are playing in the background."
250,14.670700294486512,0.11835614451403784,0.14527109265327454,6.777238845825195,gaussian,"A techno song of a synthesizer playing while an electric guitar, bass and drums are playing in the background."
251,14.579164775558525,0.27839145291521583,0.14638404548168182,4.656187653541565,gaussian,"A techno song of a synthesizer playing while an electric guitar, bass and drums are playing in the background."
252,11.831374784233526,0.07595431182716988,0.20855458080768585,5.58599853515625,gaussian,A man singing a melody and then slowly a woman joins and strings and they play a happy emotional song.
253,13.265800179987826,0.16714585782694855,0.17296050488948822,6.092202425003052,gaussian,A man singing a melody and then slowly a woman joins and strings and they play a happy emotional song.
254,14.936477516989076,0.20856388434034875,0.1314183920621872,4.878748655319214,gaussian,A man singing a melody and then slowly a woman joins and strings and they play a happy emotional song.
255,17.362705655989426,0.20360706774315884,0.1042807400226593,3.9830175638198853,gaussian,A man singing a melody and then slowly a woman joins and strings and they play a happy emotional song.
256,14.465933871594983,0.1486245579144535,0.1468709260225296,5.911640644073486,gaussian,"A clarinet playing a quiet jazz melody, with an accompaniment of bass and drums."
257,15.467623066655605,0.21264880058688437,0.1190483421087265,4.948754072189331,gaussian,"A clarinet playing a quiet jazz melody, with an accompaniment of bass and drums."
258,13.593691035821927,0.19658805975625085,0.1611190289258957,5.288029193878174,gaussian,"A clarinet playing a quiet jazz melody, with an accompaniment of bass and drums."
259,15.124141492685514,0.14431318784582892,0.13811653852462769,5.628782033920288,gaussian,"A clarinet playing a quiet jazz melody, with an accompaniment of bass and drums."
260,8.796181080937641,0.07889643373122111,0.3148118257522583,6.393005609512329,gaussian,A recording of a happy movie score.
261,15.541317623828132,0.30416223085218175,0.11762780696153641,4.174728751182556,gaussian,A recording of a happy movie score.
262,15.33339419684642,0.28466296856403384,0.12060307711362839,4.0423280000686646,gaussian,A recording of a happy movie score.
263,10.342585874202221,0.14176846010432162,0.2549102008342743,4.840615510940552,gaussian,A recording of a happy movie score.
264,13.60377021223285,0.1325719662130918,0.1678316742181778,4.836728811264038,gaussian,"A high quality recording of strings, flutes and drums playing."
265,14.46658847566557,0.13033470382393392,0.15289248526096344,5.625394821166992,gaussian,"A high quality recording of strings, flutes and drums playing."
266,12.867407701727709,0.19233218105271843,0.19740772247314453,6.458059310913086,gaussian,"A high quality recording of strings, flutes and drums playing."
267,14.816577478710052,0.19500219024179827,0.14586570858955383,5.277339458465576,gaussian,"A high quality recording of strings, flutes and drums playing."
268,14.384511162309149,0.24015224069028723,0.1380869746208191,4.598533630371094,gaussian,A high quality recording of an epic saxophone jazz solo with a jazz band accompaniment.
269,14.971985809050254,0.1590194619295778,0.13753172755241394,5.385107517242432,gaussian,A high quality recording of an epic saxophone jazz solo with a jazz band accompaniment.
270,13.979364403000625,0.273738110320751,0.1607867181301117,5.171947479248047,gaussian,A high quality recording of an epic saxophone jazz solo with a jazz band accompaniment.
271,13.501935552732371,0.18915701079483038,0.1568782478570938,5.305567264556885,gaussian,A high quality recording of an epic saxophone jazz solo with a jazz band accompaniment.
272,15.487585474650345,0.17609982660529983,0.1263202726840973,5.169376611709595,gaussian,A high quality recording of wind instruments playing.
273,12.140000732628327,0.10481207448696882,0.2032775580883026,5.6719889640808105,gaussian,A high quality recording of wind instruments playing.
274,15.296783816169512,0.19126576654736888,0.10895469784736633,4.765679359436035,gaussian,A high quality recording of wind instruments playing.
275,11.05595542628553,0.11736819253425892,0.22731365263462067,6.265426158905029,gaussian,A high quality recording of wind instruments playing.
276,15.933944936992642,0.20231544835668835,0.11583450436592102,5.1306891441345215,gaussian,A recording of a dramatic metal song.
277,15.09001834067866,0.29582607324154697,0.12286917865276337,6.921581983566284,gaussian,A recording of a dramatic metal song.
278,10.892865192789644,0.1396755142450415,0.23582789301872253,6.066605567932129,gaussian,A recording of a dramatic metal song.
279,12.430154734890523,0.14161968250098972,0.18624599277973175,5.993359804153442,gaussian,A recording of a dramatic metal song.
280,14.442657178766806,0.18387683406416094,0.1444786787033081,4.59971022605896,gaussian,"A high quality recording of a saxophone playing and drums, guitar and bass playing a song, and later a trumpet is playing."
281,12.881447633324154,0.25370512825366875,0.18675579130649567,5.525320529937744,gaussian,"A high quality recording of a saxophone playing and drums, guitar and bass playing a song, and later a trumpet is playing."
282,14.172634446200213,0.16792663280486012,0.1588108092546463,5.190082550048828,gaussian,"A high quality recording of a saxophone playing and drums, guitar and bass playing a song, and later a trumpet is playing."
283,14.274607607720123,0.12474473426503244,0.15590256452560425,5.038757920265198,gaussian,"A high quality recording of a saxophone playing and drums, guitar and bass playing a song, and later a trumpet is playing."
284,15.436384117632487,0.20614091036118432,0.11767728626728058,4.302352428436279,gaussian,Flutes and strings playing a happy calm classical score.
285,16.71243920799172,0.26312691852935394,0.11042442917823792,4.98416805267334,gaussian,Flutes and strings playing a happy calm classical score.
286,15.501624381344241,0.20773156321539005,0.1264045685529709,4.961526393890381,gaussian,Flutes and strings playing a happy calm classical score.
287,14.28061119083373,0.20384460301459287,0.1536484956741333,5.543123006820679,gaussian,Flutes and strings playing a happy calm classical score.
288,16.88974128433877,0.2974044962631335,0.09880619496107101,4.397071361541748,gaussian,"Strings, flutes, and harp playing an upbeat happy piece."
289,13.547080739704139,0.16511540419888524,0.16935864090919495,5.3104143142700195,gaussian,"Strings, flutes, and harp playing an upbeat happy piece."
290,13.772409381588362,0.14904992570712217,0.16501668095588684,5.5248541831970215,gaussian,"Strings, flutes, and harp playing an upbeat happy piece."
291,12.021820303135842,0.22062225171818692,0.19437159597873688,5.424636363983154,gaussian,"Strings, flutes, and harp playing an upbeat happy piece."
292,15.56363247268272,0.36997653396771163,0.13072249293327332,3.3680853843688965,gaussian,"Flutes, wind instruments and strings playing a dramatic classical music piece."
293,14.021894425168856,0.20148030883825235,0.1423424929380417,4.8305137157440186,gaussian,"Flutes, wind instruments and strings playing a dramatic classical music piece."
294,13.76565548539176,0.18568165605023715,0.15147648751735687,4.741914510726929,gaussian,"Flutes, wind instruments and strings playing a dramatic classical music piece."
295,16.81893671371458,0.3468825951463761,0.10656864196062088,3.805058240890503,gaussian,"Flutes, wind instruments and strings playing a dramatic classical music piece."
296,15.514039207276141,0.1399153153421327,0.13043197989463806,6.367683172225952,gaussian,"A high quality recording of a saxophone playing and drums, guitar and bass playing a song, and later a woman is singing."
297,9.689453045546973,0.15640736271129793,0.2539198398590088,5.314084053039551,gaussian,"A high quality recording of a saxophone playing and drums, guitar and bass playing a song, and later a woman is singing."
298,14.965995909597446,0.12492106427111101,0.1363096833229065,6.314520359039307,gaussian,"A high quality recording of a saxophone playing and drums, guitar and bass playing a song, and later a woman is singing."
299,13.735930410536543,0.2736478719080348,0.16611497104167938,4.825084686279297,gaussian,"A high quality recording of a saxophone playing and drums, guitar and bass playing a song, and later a woman is singing."
300,9.218884647079813,0.12265902060834849,0.2781085669994354,6.56866455078125,gaussian,A recording of a cool movie soundtrack.
301,13.305503281482844,0.1147817336807351,0.1718534678220749,6.037524700164795,gaussian,A recording of a cool movie soundtrack.
302,13.922074518370096,0.10484891436814904,0.15257078409194946,5.783975124359131,gaussian,A recording of a cool movie soundtrack.
303,9.469503013490892,0.08858451228073734,0.29881995916366577,6.8290321826934814,gaussian,A recording of a cool movie soundtrack.
304,15.284156172179886,0.30810733923209765,0.14200662076473236,5.257697582244873,gaussian,A recording of a happy orchestral score.
305,11.648209598560753,0.1544523921639677,0.21942470967769623,5.458557605743408,gaussian,A recording of a happy orchestral score.
306,15.362133677418603,0.33333970260463536,0.12337379902601242,4.2874486446380615,gaussian,A recording of a happy orchestral score.
307,17.02078645825218,0.3647800626327984,0.09779403358697891,4.560958623886108,gaussian,A recording of a happy orchestral score.
308,15.45212840481276,0.2016357269024187,0.12582673132419586,4.48916494846344,gaussian,"A jazz song with a saxophone, violin, bass and drums playing."
309,12.028711829859155,0.1364884871690234,0.2031441628932953,5.764498233795166,gaussian,"A jazz song with a saxophone, violin, bass and drums playing."
310,12.28896205821313,0.13200771771213082,0.1847936511039734,6.674070835113525,gaussian,"A jazz song with a saxophone, violin, bass and drums playing."
311,12.165417664111825,0.26923663380748675,0.1955517828464508,3.895735502243042,gaussian,"A jazz song with a saxophone, violin, bass and drums playing."
312,12.990223239282756,0.10159346749790356,0.18175755441188812,5.4516565799713135,gaussian,A high quality recording of a synthesizer playing with a guitar and drums playing in the background.
313,14.458975231210037,0.18861640418843179,0.1459694653749466,5.327649116516113,gaussian,A high quality recording of a synthesizer playing with a guitar and drums playing in the background.
314,12.10702162340034,0.14003273837315813,0.2018994390964508,5.267660856246948,gaussian,A high quality recording of a synthesizer playing with a guitar and drums playing in the background.
315,13.382612030002605,0.11984223590156655,0.165195032954216,5.861457109451294,gaussian,A high quality recording of a synthesizer playing with a guitar and drums playing in the background.
316,12.70519858155823,0.21811809030273135,0.18083897233009338,5.220265626907349,gaussian,A recording of hip hop music.
317,10.527954993274033,0.1297422607798911,0.24735496938228607,5.73092246055603,gaussian,A recording of hip hop music.
318,13.582622810299803,0.18391890035086628,0.16088098287582397,4.982540726661682,gaussian,A recording of hip hop music.
319,13.443166936711329,0.19394757905113116,0.15761332213878632,4.68744969367981,gaussian,A recording of hip hop music.
320,11.463582087490686,0.10663709361607913,0.22052644193172455,5.216614007949829,gaussian,"Guitars, trumpets, and piano playing a happy song."
321,12.483122637999616,0.07055707704201729,0.197379007935524,6.521348714828491,gaussian,"Guitars, trumpets, and piano playing a happy song."
322,14.766545295917435,0.14597163451402603,0.14641596376895905,5.723185062408447,gaussian,"Guitars, trumpets, and piano playing a happy song."
323,16.594338708289154,0.23957896145302174,0.11014347523450851,4.7447919845581055,gaussian,"Guitars, trumpets, and piano playing a happy song."
324,14.916630591950453,0.215415031016905,0.13146457076072693,6.091033935546875,gaussian,"A jazz song with a trumpet, piano, bass and drums playing."
325,14.476881454413961,0.11745736154182004,0.1487361490726471,5.62334132194519,gaussian,"A jazz song with a trumpet, piano, bass and drums playing."
326,9.748613808532776,0.061524215128977905,0.27035799622535706,6.704191207885742,gaussian,"A jazz song with a trumpet, piano, bass and drums playing."
327,13.448824686083167,0.21196485011713612,0.16082705557346344,4.845253825187683,gaussian,"A jazz song with a trumpet, piano, bass and drums playing."
328,16.646975543031353,0.18142839818322998,0.117064468562603,5.248035430908203,gaussian,"A cool 90s hip hop song of a man singing while a guitar, bass and drums accompany him."
329,12.789843135037502,0.23836160634029874,0.1712150126695633,4.718470811843872,gaussian,"A cool 90s hip hop song of a man singing while a guitar, bass and drums accompany him."
330,14.317963877230602,0.17587696625956145,0.14509068429470062,5.27759575843811,gaussian,"A cool 90s hip hop song of a man singing while a guitar, bass and drums accompany him."
331,12.432296550486106,0.23761310456522675,0.1818820685148239,5.2874932289123535,gaussian,"A cool 90s hip hop song of a man singing while a guitar, bass and drums accompany him."
332,13.303950694397798,0.1404819156622144,0.17525352537631989,5.869367361068726,gaussian,A recording of an old timey Chinese song from the forties.
333,13.442171587125335,0.16133209289461398,0.16536739468574524,4.713247537612915,gaussian,A recording of an old timey Chinese song from the forties.
334,10.973994895406573,0.14654358712887108,0.23859044909477234,5.349981784820557,gaussian,A recording of an old timey Chinese song from the forties.
335,12.012778499728938,0.13101156490171767,0.18767337501049042,5.548171281814575,gaussian,A recording of an old timey Chinese song from the forties.
336,14.977282697441442,0.21696698851201668,0.1448131948709488,6.108874320983887,gaussian,A high quality recording of a woman singing with an orchestra rock band accompaniment.
337,14.07195161969881,0.25974594670088796,0.1585730016231537,4.853265643119812,gaussian,A high quality recording of a woman singing with an orchestra rock band accompaniment.
338,17.67591213413553,0.2578090824564634,0.1052093654870987,4.567045092582703,gaussian,A high quality recording of a woman singing with an orchestra rock band accompaniment.
339,14.75680478165729,0.27471016435820206,0.13278532028198242,6.008904457092285,gaussian,A high quality recording of a woman singing with an orchestra rock band accompaniment.
340,11.840359554338477,0.17633399365891786,0.18729469180107117,5.119174242019653,gaussian,A recording of happy techno music.
341,9.395647381672589,0.07291952281478932,0.30274513363838196,5.761696815490723,gaussian,A recording of happy techno music.
342,12.085150534269356,0.12752523837818755,0.19922827184200287,5.4798195362091064,gaussian,A recording of happy techno music.
343,14.906462882552097,0.13142732861764264,0.14230376482009888,5.8387675285339355,gaussian,A recording of happy techno music.
344,13.129768433198885,0.35761678382084916,0.16241863369941711,2.7309047169983387,gaussian,"Strings playing a mysterious song, alongside drums and flutes."
345,15.455696262939169,0.2043800016191423,0.1269255131483078,5.667702674865723,gaussian,"Strings playing a mysterious song, alongside drums and flutes."
346,13.650904152801909,0.22933130103073987,0.15307526290416718,5.152747392654419,gaussian,"Strings playing a mysterious song, alongside drums and flutes."
347,14.519422594850447,0.2265546874488093,0.15003111958503723,6.637653350830078,gaussian,"Strings playing a mysterious song, alongside drums and flutes."
348,14.928177690136817,0.29160680160825253,0.13375048339366913,5.280106782913208,gaussian,A high quality recording of a choir and violins playing a happy and emotional  piece.
349,13.590565778308584,0.194746131788658,0.15813852846622467,4.974926948547363,gaussian,A high quality recording of a choir and violins playing a happy and emotional  piece.
350,14.649742717994025,0.21126112070294495,0.1484483927488327,5.683500051498413,gaussian,A high quality recording of a choir and violins playing a happy and emotional  piece.
351,12.747116196620782,0.15757074915849564,0.1757614016532898,6.31502366065979,gaussian,A high quality recording of a choir and violins playing a happy and emotional  piece.
352,12.872874855308435,0.1654379493102227,0.17668049037456512,6.178997278213501,gaussian,"A classical piece with a string section, piano, bass and drums playing."
353,15.414197416313817,0.25133403794875586,0.121780626475811,4.343644022941589,gaussian,"A classical piece with a string section, piano, bass and drums playing."
354,14.281097772334414,0.28044131377678533,0.14865076541900635,3.6167399883270264,gaussian,"A classical piece with a string section, piano, bass and drums playing."
355,11.122186496058964,0.16590077906998443,0.2181147038936615,6.551729202270508,gaussian,"A classical piece with a string section, piano, bass and drums playing."
356,7.627790636959881,0.02349974804228158,0.3813857436180115,6.679244756698608,gaussian,A recording of an old classical song.
357,14.86645630554114,0.1525110577619787,0.1386028528213501,5.245160818099976,gaussian,A recording of an old classical song.
358,10.981030637669416,0.11386975751807085,0.2286192774772644,5.796718120574951,gaussian,A recording of an old classical song.
359,14.512302225130107,0.1682279530863557,0.13752923905849457,4.637680411338806,gaussian,A recording of an old classical song.
360,14.972715818251066,0.2538515327763944,0.13272204995155334,5.32288122177124,gaussian,"A high quality recording of a man singing, and a piano, bass and drums playing."
361,12.049236615863709,0.08028043864262445,0.19941550493240356,5.301538467407227,gaussian,"A high quality recording of a man singing, and a piano, bass and drums playing."
362,15.94894056780654,0.28143001428926434,0.1193297803401947,4.9458513259887695,gaussian,"A high quality recording of a man singing, and a piano, bass and drums playing."
363,13.504272523504184,0.14744753370932648,0.16469401121139526,5.893290042877197,gaussian,"A high quality recording of a man singing, and a piano, bass and drums playing."
364,14.528499853690604,0.15119531333170325,0.144730806350708,5.864802360534668,gaussian,A recording of a dramatic Chinese music piece.
365,10.41853910819665,0.14763837272807284,0.23633964359760284,5.2127180099487305,gaussian,A recording of a dramatic Chinese music piece.
366,9.99448344888224,0.27162619875140276,0.2270103096961975,4.862788796424866,gaussian,A recording of a dramatic Chinese music piece.
367,10.797026355982325,0.19736848959167555,0.2285168170928955,5.166640281677246,gaussian,A recording of a dramatic Chinese music piece.
368,14.080637783575593,0.18671138607069843,0.14565128087997437,5.420166015625,gaussian,A saxophone playing a melody and then slowly a violin joins and more strings and they play a happy emotional song.
369,12.684449789143759,0.13099125992791133,0.1958933025598526,5.966320037841797,gaussian,A saxophone playing a melody and then slowly a violin joins and more strings and they play a happy emotional song.
370,15.49134549547489,0.23809686705684535,0.12073633819818497,6.24932861328125,gaussian,A saxophone playing a melody and then slowly a violin joins and more strings and they play a happy emotional song.
371,12.084457685093144,0.23471089603393322,0.1910223364830017,4.312201023101807,gaussian,A saxophone playing a melody and then slowly a violin joins and more strings and they play a happy emotional song.
372,12.207329673507195,0.10093578325874349,0.20631366968154907,5.703272581100464,gaussian,"A woman is singing a country song with a violin, bass and drums playing in the background."
373,9.546214816864873,0.07936344922651388,0.29700982570648193,5.86994194984436,gaussian,"A woman is singing a country song with a violin, bass and drums playing in the background."
374,14.7484357353936,0.16356867687787194,0.13693377375602722,5.670387268066406,gaussian,"A woman is singing a country song with a violin, bass and drums playing in the background."
375,13.561076542300404,0.18548070216572576,0.1657613217830658,4.666923761367798,gaussian,"A woman is singing a country song with a violin, bass and drums playing in the background."
376,14.170124028270328,0.06285703095181326,0.15252946317195892,6.436020612716675,gaussian,A recording of a classical song.
377,15.211120799004991,0.08813733340042203,0.13306763768196106,5.613130807876587,gaussian,A recording of a classical song.
378,14.548137357181428,0.09959056264477119,0.1418069750070572,6.2507734298706055,gaussian,A recording of a classical song.
379,14.79490013012285,0.20028792794377664,0.1329674869775772,5.516838073730469,gaussian,A recording of a classical song.
380,16.123055046171043,0.23318579793468644,0.12223342061042786,4.8183101415634155,gaussian,Flutes playing alongside a woman vocalizing a happy upbeat melody.
381,13.031901925993035,0.15325360887582776,0.17195232212543488,4.636787533760071,gaussian,Flutes playing alongside a woman vocalizing a happy upbeat melody.
382,16.265038553322082,0.13615470203223204,0.1225622147321701,6.0894293785095215,gaussian,Flutes playing alongside a woman vocalizing a happy upbeat melody.
383,15.077062041345581,0.1554515656002666,0.13985539972782135,6.024134635925293,gaussian,Flutes playing alongside a woman vocalizing a happy upbeat melody.
384,14.43886798493298,0.13389767196652522,0.15274983644485474,5.423803806304932,gaussian,"Trumpets playing alongside a piano, bass and drums in an upbeat old-timey cool jazz song."
385,13.350567201791371,0.2514262734360554,0.1608213484287262,5.02920937538147,gaussian,"Trumpets playing alongside a piano, bass and drums in an upbeat old-timey cool jazz song."
386,14.574105300159154,0.25538872008635993,0.13949576020240784,4.339095830917358,gaussian,"Trumpets playing alongside a piano, bass and drums in an upbeat old-timey cool jazz song."
387,12.902012815789526,0.18531795931077477,0.17987942695617676,5.4526848793029785,gaussian,"Trumpets playing alongside a piano, bass and drums in an upbeat old-timey cool jazz song."
388,12.666544314130094,0.18594543604830807,0.1906643807888031,6.959061622619629,gaussian,"A high quality recording of a man singing while a piano, bass and drums accompany him."
389,15.625199896283604,0.2178658084338401,0.12171728909015656,4.760810852050781,gaussian,"A high quality recording of a man singing while a piano, bass and drums accompany him."
390,12.132081262635952,0.1968552924731877,0.20053811371326447,5.561665296554565,gaussian,"A high quality recording of a man singing while a piano, bass and drums accompany him."
391,15.238611371970146,0.12582960085915942,0.1288737952709198,5.201380014419556,gaussian,"A high quality recording of a man singing while a piano, bass and drums accompany him."
392,14.451790238347899,0.26567807473095023,0.1599724441766739,5.4052135944366455,gaussian,"A techno song of a synthesizer playing while a guitar, bass and drums are playing in the background."
393,13.678171571282896,0.13442286660679714,0.1625899374485016,5.296594142913818,gaussian,"A techno song of a synthesizer playing while a guitar, bass and drums are playing in the background."
394,18.13861310222299,0.2749371322851496,0.09415420144796371,5.166008949279785,gaussian,"A techno song of a synthesizer playing while a guitar, bass and drums are playing in the background."
395,16.691463240545556,0.2119213651863442,0.09983906894922256,5.690265655517578,gaussian,"A techno song of a synthesizer playing while a guitar, bass and drums are playing in the background."
396,17.071291951436553,0.33406293922515296,0.09479202330112457,5.307207822799683,gaussian,"strings, bass and drums playing."
397,14.405078538298085,0.3573565610845175,0.11986998468637466,4.835598945617676,gaussian,"strings, bass and drums playing."
398,9.96981063901608,0.1669985432313099,0.2813432514667511,5.263519763946533,gaussian,"strings, bass and drums playing."
399,12.674168371212833,0.2535041426963361,0.1789899617433548,4.116484642028809,gaussian,"strings, bass and drums playing."
400,15.548247858561501,0.2716523002064169,0.13870012760162354,4.088707208633423,gaussian,"A rock song of a guitar, bass and drums are playing in the background."
401,14.192888855267222,0.25518623732416995,0.15942583978176117,4.7605063915252686,gaussian,"A rock song of a guitar, bass and drums are playing in the background."
402,11.171325224983253,0.13433136416536298,0.25015461444854736,5.498856544494629,gaussian,"A rock song of a guitar, bass and drums are playing in the background."
403,14.902062522767565,0.26437632301509545,0.139734148979187,5.153865814208984,gaussian,"A rock song of a guitar, bass and drums are playing in the background."
404,12.988429944950076,0.27193353540480564,0.16845130920410156,4.545645475387573,gaussian,A high quality recording of a rock band playing a slow metal song.
405,13.534946771010905,0.1862614289544762,0.16922375559806824,4.682149410247803,gaussian,A high quality recording of a rock band playing a slow metal song.
406,8.585958643529354,0.1254301996892155,0.3190501034259796,5.527275085449219,gaussian,A high quality recording of a rock band playing a slow metal song.
407,12.607686755759097,0.28139230278727106,0.1955382227897644,4.598535656929016,gaussian,A high quality recording of a rock band playing a slow metal song.
408,13.612278326773428,0.15052492578863413,0.16065028309822083,6.169648170471191,gaussian,"Arabic strings, flutes, and harp playing calm happy Arabic music."
409,14.795781157935217,0.265476974139703,0.1392717957496643,4.707887411117554,gaussian,"Arabic strings, flutes, and harp playing calm happy Arabic music."
410,15.218018940443033,0.18117658460229713,0.14261485636234283,5.395089626312256,gaussian,"Arabic strings, flutes, and harp playing calm happy Arabic music."
411,15.065743428331624,0.24096528904818362,0.13505598902702332,4.220365762710571,gaussian,"Arabic strings, flutes, and harp playing calm happy Arabic music."
412,10.616977212459705,0.1022910643627271,0.2354046255350113,6.242821216583252,gaussian,A recording of a scary techno song.
413,8.515020107805071,0.038051863519037624,0.33725643157958984,6.246455669403076,gaussian,A recording of a scary techno song.
414,8.899730200624946,0.07459371923470025,0.3205100893974304,6.498408794403076,gaussian,A recording of a scary techno song.
415,12.926080651883467,0.1718425089464921,0.17605815827846527,5.408374309539795,gaussian,A recording of a scary techno song.
416,14.896915599579795,0.24960597272575913,0.13975386321544647,5.671498775482178,gaussian,A rock band playing rock music. You can hear guitars and a piano.
417,14.90320753536,0.23703173935999317,0.130994513630867,6.632343292236328,gaussian,A rock band playing rock music. You can hear guitars and a piano.
418,15.221897362477964,0.21696631408069303,0.1427428424358368,4.759202241897583,gaussian,A rock band playing rock music. You can hear guitars and a piano.
419,15.87925180397609,0.2872301734566379,0.10725606977939606,5.138801097869873,gaussian,A rock band playing rock music. You can hear guitars and a piano.
420,11.206253785727213,0.023511182548783996,0.2412128895521164,6.479822397232056,gaussian,A recording of a dramatic epic Arabic piece.
421,13.033276041321653,0.08353016738454361,0.17852793633937836,5.511225700378418,gaussian,A recording of a dramatic epic Arabic piece.
422,14.712526429517801,0.1708222083504844,0.1478252112865448,4.57912540435791,gaussian,A recording of a dramatic epic Arabic piece.
423,12.901143213437575,0.34716311430739316,0.1415078043937683,4.836911678314209,gaussian,A recording of a dramatic epic Arabic piece.
424,14.51633634927253,0.2949540636641305,0.15147095918655396,4.902331829071045,gaussian,A high quality recording of a violin playing while an orchestra play in the background.
425,13.844798932556191,0.24348187657165735,0.1626831442117691,6.190647602081299,gaussian,A high quality recording of a violin playing while an orchestra play in the background.
426,13.953879156893521,0.1405402335442534,0.16148918867111206,5.955747604370117,gaussian,A high quality recording of a violin playing while an orchestra play in the background.
427,12.812567766376057,0.1941122185894404,0.1847454309463501,5.051241874694824,gaussian,A high quality recording of a violin playing while an orchestra play in the background.
428,17.275549393079213,0.38093020964197916,0.1069173738360405,4.391366600990295,gaussian,A high quality recording of drums and strings playing.
429,9.523557919568374,0.10362842308965749,0.2927299737930298,5.576409339904785,gaussian,A high quality recording of drums and strings playing.
430,12.520074639546594,0.1986198229023896,0.18357831239700317,4.4617966413497925,gaussian,A high quality recording of drums and strings playing.
431,14.164890086062599,0.21933936062096077,0.15062551200389862,4.791382431983948,gaussian,A high quality recording of drums and strings playing.
432,11.13032113488519,0.2663300092025921,0.24056823551654816,6.225511789321899,gaussian,"A trumpet playing a cool jazz melody, with an accompaniment of a piano, bass and drums."
433,14.213037686566095,0.27779532717644007,0.15148501098155975,4.068634510040283,gaussian,"A trumpet playing a cool jazz melody, with an accompaniment of a piano, bass and drums."
434,15.006382943419114,0.18384396928388935,0.12861567735671997,4.085220098495483,gaussian,"A trumpet playing a cool jazz melody, with an accompaniment of a piano, bass and drums."
435,15.42839943015445,0.17633475534033485,0.12023318558931351,4.349087238311768,gaussian,"A trumpet playing a cool jazz melody, with an accompaniment of a piano, bass and drums."
436,13.566352213603993,0.20960059913181017,0.16010768711566925,5.445908069610596,gaussian,A high quality recording of a woman singing with an orchestra accompaniment.
437,14.785603229561852,0.253090991681671,0.13903388381004333,3.8282798528671265,gaussian,A high quality recording of a woman singing with an orchestra accompaniment.
438,17.84231225535583,0.19584820774692466,0.10033906251192093,4.475005388259888,gaussian,A high quality recording of a woman singing with an orchestra accompaniment.
439,15.05659047467702,0.1426365480049239,0.13241595029830933,6.2390899658203125,gaussian,A high quality recording of a woman singing with an orchestra accompaniment.
440,14.784283082481338,0.28513402693197765,0.1439037024974823,4.987111330032349,gaussian,"A jazz song with a trumpet, bass and drums playing."
441,12.416231659602273,0.10625996371814726,0.18796469271183014,5.530810356140137,gaussian,"A jazz song with a trumpet, bass and drums playing."
442,15.369767606377582,0.44427675867521305,0.1103164330124855,3.8740192651748657,gaussian,"A jazz song with a trumpet, bass and drums playing."
443,11.362750181025499,0.16794252295674167,0.21907402575016022,5.996053457260132,gaussian,"A jazz song with a trumpet, bass and drums playing."
444,15.61157416431339,0.2055754120331359,0.12691904604434967,5.915345668792725,gaussian,A rhythmic song with a synthesizer and drums playing.
445,14.031943183460772,0.21103641394251807,0.16692550480365753,5.356239557266235,gaussian,A rhythmic song with a synthesizer and drums playing.
446,13.019466759280572,0.15505614517382446,0.1595470905303955,6.6800103187561035,gaussian,A rhythmic song with a synthesizer and drums playing.
447,12.800566192151235,0.1764306841891841,0.18470774590969086,6.720884561538696,gaussian,A rhythmic song with a synthesizer and drums playing.
448,13.404443077915682,0.17392026107230962,0.17798545956611633,5.092796325683594,gaussian,"a saxophone, flute, piano, bass and drums playing."
449,16.917455300089923,0.2694791988342984,0.10356129705905914,4.811202526092529,gaussian,"a saxophone, flute, piano, bass and drums playing."
450,14.9801637187558,0.232003995387079,0.14278766512870789,4.683838963508606,gaussian,"a saxophone, flute, piano, bass and drums playing."
451,10.612641612177248,0.1651252680787079,0.24416549503803253,5.783166408538818,gaussian,"a saxophone, flute, piano, bass and drums playing."
452,11.20627369311917,0.12664104523661474,0.22827214002609253,6.334738731384277,gaussian,A recording of a sad and mysterious classical music piece.
453,13.184521258076348,0.12867819004923042,0.17320266366004944,7.090987205505371,gaussian,A recording of a sad and mysterious classical music piece.
454,14.058211829684566,0.3415590259930535,0.1304677575826645,4.092235803604126,gaussian,A recording of a sad and mysterious classical music piece.
455,13.225451335130682,0.13918176731285364,0.17131134867668152,6.01377010345459,gaussian,A recording of a sad and mysterious classical music piece.
456,14.799656297794657,0.16779938788468227,0.14064429700374603,5.176577091217041,gaussian,A synthesizer playing a scary arcade game melody with another synthesizer accompaniment in the background.
457,12.519638419251315,0.04820094589521133,0.19222871959209442,5.846970796585083,gaussian,A synthesizer playing a scary arcade game melody with another synthesizer accompaniment in the background.
458,14.868723747121313,0.2431208928478242,0.1257103681564331,6.024406433105469,gaussian,A synthesizer playing a scary arcade game melody with another synthesizer accompaniment in the background.
459,13.63695643024518,0.15201617536855225,0.14919820427894592,4.332026362419128,gaussian,A synthesizer playing a scary arcade game melody with another synthesizer accompaniment in the background.
460,12.993505554375915,0.158468809084095,0.17322295904159546,4.609869122505188,gaussian,"Strings, flutes, and harp playing an angry metal song."
461,9.55854330643582,0.1716082360560149,0.2860090732574463,6.82598614692688,gaussian,"Strings, flutes, and harp playing an angry metal song."
462,15.064966373775901,0.26385974732478323,0.11587236076593399,4.741542220115662,gaussian,"Strings, flutes, and harp playing an angry metal song."
463,11.091971520522964,0.23259740531427894,0.2350352257490158,4.941620230674744,gaussian,"Strings, flutes, and harp playing an angry metal song."
464,14.316088330899507,0.24780184593705887,0.15726329386234283,4.2374372482299805,gaussian,A recording of a string quartet playing.
465,13.624685607812772,0.16404626893739677,0.16551992297172546,5.095653772354126,gaussian,A recording of a string quartet playing.
466,12.173662053508679,0.18594790937289224,0.19666634500026703,4.900954484939575,gaussian,A recording of a string quartet playing.
467,18.27334478308995,0.23772279800600846,0.09837842732667923,3.775477647781372,gaussian,A recording of a string quartet playing.
468,12.78155047141169,0.17464921554158375,0.17958007752895355,6.141375780105591,gaussian,A recording of a slow reggae song.
469,12.95766419133886,0.13207343208078515,0.17609728872776031,5.124366521835327,gaussian,A recording of a slow reggae song.
470,16.998402014109075,0.24029451413080025,0.11021558195352554,5.240525722503662,gaussian,A recording of a slow reggae song.
471,16.215254715640413,0.42367721461814634,0.10210920870304108,3.8078763484954834,gaussian,A recording of a slow reggae song.
472,11.811123524805932,0.09942819818910535,0.19892334938049316,4.743167757987976,gaussian,A recording of a happy upbeat arcade game soundtrack.
473,9.551306624374492,0.12598330899582716,0.2605423331260681,6.2232701778411865,gaussian,A recording of a happy upbeat arcade game soundtrack.
474,12.53398048009775,0.1319917179168464,0.20062801241874695,6.126985311508179,gaussian,A recording of a happy upbeat arcade game soundtrack.
475,14.372542499262796,0.20755344835422204,0.14388619363307953,4.699371814727783,gaussian,A recording of a happy upbeat arcade game soundtrack.
476,14.091566101818184,0.16411808285128893,0.15885554254055023,5.432925701141357,gaussian,A recording of an upbeat hip hop song.
477,13.206578294492605,0.18171392179912305,0.17733103036880493,5.077866315841675,gaussian,A recording of an upbeat hip hop song.
478,10.681260653610675,0.1563757437707396,0.23279064893722534,5.9962077140808105,gaussian,A recording of an upbeat hip hop song.
479,13.926953464594918,0.17467923307346955,0.15405970811843872,5.297474384307861,gaussian,A recording of an upbeat hip hop song.
480,16.23614968468084,0.2815131933210759,0.12038706988096237,4.1575140953063965,gaussian,"A man is singing while a guitar, bass and drums playing in the background an angry metal song."
481,16.58803943319031,0.27048667476124544,0.12185638397932053,5.395187854766846,gaussian,"A man is singing while a guitar, bass and drums playing in the background an angry metal song."
482,13.373285770331387,0.22479391456787692,0.18399129807949066,4.9699859619140625,gaussian,"A man is singing while a guitar, bass and drums playing in the background an angry metal song."
483,11.127629260419843,0.12288676592905905,0.2418500930070877,5.8563315868377686,gaussian,"A man is singing while a guitar, bass and drums playing in the background an angry metal song."
484,10.450966360850085,0.217323783188378,0.22855255007743835,4.358678102493286,gaussian,"A high quality recording of a saxophone, bass and drums playing."
485,13.659487007604795,0.20990390943516615,0.15893033146858215,4.185159683227539,gaussian,"A high quality recording of a saxophone, bass and drums playing."
486,12.09627740131059,0.26137383062669284,0.19947472214698792,4.782732367515564,gaussian,"A high quality recording of a saxophone, bass and drums playing."
487,8.914108469536606,0.0753858963603183,0.2926562428474426,6.353460073471069,gaussian,"A high quality recording of a saxophone, bass and drums playing."
488,13.350559794308394,0.19437032039170707,0.1654236763715744,5.330157518386841,gaussian,A recording of a cool calm techno song.
489,9.918241735672124,0.11735599575402239,0.2776024341583252,5.5076189041137695,gaussian,A recording of a cool calm techno song.
490,13.56058543722078,0.1712466626702307,0.16200807690620422,5.317674160003662,gaussian,A recording of a cool calm techno song.
491,14.557449412587712,0.1299845110796097,0.15261073410511017,5.730253219604492,gaussian,A recording of a cool calm techno song.
492,13.593361250091283,0.1933847224632391,0.15243841707706451,4.974374532699585,gaussian,"A high quality recording of a guitars, bass, drums and piano playing."
493,11.660463989096442,0.1248880474721876,0.2134479433298111,6.004282474517822,gaussian,"A high quality recording of a guitars, bass, drums and piano playing."
494,14.000847427984668,0.1788279121027769,0.16376809775829315,5.6908721923828125,gaussian,"A high quality recording of a guitars, bass, drums and piano playing."
495,8.453949719155865,0.10442082037740272,0.3376873731613159,5.875264644622803,gaussian,"A high quality recording of a guitars, bass, drums and piano playing."
496,13.187044917194054,0.11312646305905513,0.16726990044116974,5.948542356491089,gaussian,A high quality recording of flutes and a trumpet playing.
497,16.16260211355455,0.16358689696756573,0.10671302676200867,5.259454011917114,gaussian,A high quality recording of flutes and a trumpet playing.
498,11.797629039820606,0.13358998593630889,0.20358595252037048,4.751650333404541,gaussian,A high quality recording of flutes and a trumpet playing.
499,16.086863025193537,0.18660553826260237,0.1115780770778656,5.048333644866943,gaussian,A high quality recording of flutes and a trumpet playing.
500,11.265330547480668,0.14614362843440154,0.2159804105758667,5.311567306518555,gaussian,"A high quality recording of strings, trumpets and drums playing."
501,12.057711835231755,0.10146479726155626,0.2003418207168579,6.055412769317627,gaussian,"A high quality recording of strings, trumpets and drums playing."
502,14.831860382706871,0.19345968139777775,0.12454893440008163,4.552588701248169,gaussian,"A high quality recording of strings, trumpets and drums playing."
503,13.54012346493327,0.22042511228495895,0.14794932305812836,4.183169841766357,gaussian,"A high quality recording of strings, trumpets and drums playing."
504,16.236814347851848,0.2135969834979142,0.11751262098550797,5.104717969894409,gaussian,A recording of Arabic instruments playing.
505,17.374369159524196,0.2475137160774425,0.10063295811414719,4.633198261260986,gaussian,A recording of Arabic instruments playing.
506,15.41671762271996,0.1657151212621266,0.13299939036369324,4.9869019985198975,gaussian,A recording of Arabic instruments playing.
507,14.58347262780199,0.15371056931450477,0.14136862754821777,5.019474267959595,gaussian,A recording of Arabic instruments playing.
508,13.280278481117598,0.20094756790616705,0.1775243878364563,4.748971581459045,gaussian,A cool old rock song of a man singing while a guitar and drums accompany him.
509,16.434048824665823,0.26489747154629895,0.11749812960624695,5.2576892375946045,gaussian,A cool old rock song of a man singing while a guitar and drums accompany him.
510,11.676840747687944,0.12778176972331695,0.19718776643276215,6.87659215927124,gaussian,A cool old rock song of a man singing while a guitar and drums accompany him.
511,14.465902822137393,0.10184678575488332,0.14696690440177917,6.335000514984131,gaussian,A cool old rock song of a man singing while a guitar and drums accompany him.
512,12.263254436847227,0.1325375467474092,0.20394384860992432,6.68521523475647,gaussian,A recording of a happy classical music piece.
513,13.033868531299643,0.15869947701173265,0.16951678693294525,6.428590536117554,gaussian,A recording of a happy classical music piece.
514,10.325673762992375,0.14918452196605833,0.25264057517051697,5.943004131317139,gaussian,A recording of a happy classical music piece.
515,16.063311801272302,0.21139366037400087,0.11165779083967209,3.9330776929855347,gaussian,A recording of a happy classical music piece.
516,11.856770259556043,0.18183360842204382,0.22110213339328766,6.664531469345093,gaussian,A recording of a scary classical music piece.
517,12.775121896159593,0.14013270374395084,0.17372208833694458,4.604089260101318,gaussian,A recording of a scary classical music piece.
518,10.406413151021287,0.16790438599571364,0.24035409092903137,4.732123613357544,gaussian,A recording of a scary classical music piece.
519,11.89754827961952,0.13363474327153654,0.20139092206954956,3.187094062566757,gaussian,A recording of a scary classical music piece.
520,13.959007905492374,0.15460975122772172,0.15783803164958954,4.597764492034912,gaussian,A recording of a mysterious Arabic song.
521,15.727476980679867,0.18695191764265556,0.13055354356765747,5.894455432891846,gaussian,A recording of a mysterious Arabic song.
522,15.039353629596102,0.13268291624761785,0.136612206697464,4.810057044029236,gaussian,A recording of a mysterious Arabic song.
523,13.591624552524152,0.17052198400801913,0.15571202337741852,4.72770881652832,gaussian,A recording of a mysterious Arabic song.
524,14.4330386098463,0.13092692143469234,0.14333894848823547,5.156820178031921,gaussian,"A high quality recording of electric keyboard, bass and drums playing."
525,13.501397382694396,0.160086957953354,0.16886042058467865,5.659750938415527,gaussian,"A high quality recording of electric keyboard, bass and drums playing."
526,14.097469827640134,0.1969451428304717,0.1555291712284088,5.2217583656311035,gaussian,"A high quality recording of electric keyboard, bass and drums playing."
527,13.398735128497998,0.13225410642747346,0.19319160282611847,5.741598844528198,gaussian,"A high quality recording of electric keyboard, bass and drums playing."
528,14.243796236815797,0.2603910158006821,0.164567768573761,6.5601582527160645,gaussian,An orchestra playing classical music. You can hear flutes and strings.
529,18.492978577845122,0.29584954590243806,0.08808177709579468,4.798308849334717,gaussian,An orchestra playing classical music. You can hear flutes and strings.
530,12.644081536435355,0.27265558073965623,0.20675121247768402,5.16743278503418,gaussian,An orchestra playing classical music. You can hear flutes and strings.
531,13.27413818612899,0.1445503206942737,0.1728639453649521,6.185701370239258,gaussian,An orchestra playing classical music. You can hear flutes and strings.
532,13.356164758351737,0.2355756167302179,0.1526966542005539,4.913703203201294,gaussian,A high quality recording of a guitar and violins playing a happy and emotional  piece.
533,17.440058906847323,0.3083204021840498,0.10698945075273514,4.134020566940308,gaussian,A high quality recording of a guitar and violins playing a happy and emotional  piece.
534,14.008718608208426,0.07975140573116296,0.16492071747779846,6.169842958450317,gaussian,A high quality recording of a guitar and violins playing a happy and emotional  piece.
535,16.696261257421895,0.14064801995666107,0.12160847336053848,5.023335218429565,gaussian,A high quality recording of a guitar and violins playing a happy and emotional  piece.
536,13.108382617946312,0.1890590334065571,0.1927185356616974,5.913015127182007,gaussian,A recording of a tense classical music score.
537,11.941904670520023,0.14697669570257121,0.19292864203453064,5.6581737995147705,gaussian,A recording of a tense classical music score.
538,12.393345710310367,0.23000977337035636,0.18543711304664612,4.429347991943359,gaussian,A recording of a tense classical music score.
539,11.999352486007444,0.2516120023598839,0.17985151708126068,4.769437074661255,gaussian,A recording of a tense classical music score.
540,12.063610822198882,0.18228496190564564,0.2031204253435135,5.319835424423218,gaussian,A metal band playing metal music.
541,13.261579277840273,0.21118707653437352,0.16286830604076385,5.8203277587890625,gaussian,A metal band playing metal music.
542,13.90097169364192,0.2710570217031595,0.1463097780942917,3.0965761244297028,gaussian,A metal band playing metal music.
543,12.470993961437012,0.21036256320091257,0.18257476389408112,5.089047193527222,gaussian,A metal band playing metal music.
544,16.12626743883023,0.18469997806519833,0.12169907242059708,5.500799655914307,gaussian,A recording of happy Chinese music.
545,11.194008602683764,0.2651477075793004,0.20278529822826385,4.699249029159546,gaussian,A recording of happy Chinese music.
546,16.805027678129935,0.2494001217724857,0.10401305556297302,4.426018238067627,gaussian,A recording of happy Chinese music.
547,9.749264163222833,0.1686812547445553,0.2762424051761627,5.898261547088623,gaussian,A recording of happy Chinese music.
548,14.727776816306545,0.2674346696081652,0.1356951743364334,4.159257411956787,gaussian,"Strings, flutes, and harp playing calm happy rock music."
549,9.476679682287594,0.08986996767518499,0.2911907732486725,6.101308822631836,gaussian,"Strings, flutes, and harp playing calm happy rock music."
550,7.9270868208284355,0.06144886056027102,0.3642232418060303,7.452344179153442,gaussian,"Strings, flutes, and harp playing calm happy rock music."
551,13.941200637432784,0.1615631858196207,0.17048197984695435,5.943029165267944,gaussian,"Strings, flutes, and harp playing calm happy rock music."
552,12.900210891650286,0.3524673506093763,0.15979324281215668,3.8920745849609375,gaussian,A recording of an old timey rock song from the sixties.
553,15.45338555745806,0.386594105122633,0.10688192397356033,4.804122686386108,gaussian,A recording of an old timey rock song from the sixties.
554,10.530218365755372,0.07253450600182514,0.2504821717739105,6.110565185546875,gaussian,A recording of an old timey rock song from the sixties.
555,13.049038314154126,0.22719309541404334,0.16540813446044922,4.718616724014282,gaussian,A recording of an old timey rock song from the sixties.
556,17.50027638903291,0.23229944740655553,0.10281097888946533,5.2427849769592285,gaussian,"A jazz song with a saxophone, trumpet, guitar, bass and drums playing."
557,13.39285608007633,0.25341892178116077,0.16772110760211945,4.17775571346283,gaussian,"A jazz song with a saxophone, trumpet, guitar, bass and drums playing."
558,13.6412198716852,0.1720507093693717,0.1646943837404251,5.38789701461792,gaussian,"A jazz song with a saxophone, trumpet, guitar, bass and drums playing."
559,12.953800935722935,0.1670472598481491,0.17515341937541962,5.52025842666626,gaussian,"A jazz song with a saxophone, trumpet, guitar, bass and drums playing."
560,17.016451033672112,0.22963531782534902,0.1090565174818039,5.618526935577393,gaussian,"A banjo is playing a country song, accompanied by guitar and drums."
561,13.41881084440268,0.14281994887597177,0.16155646741390228,6.459317207336426,gaussian,"A banjo is playing a country song, accompanied by guitar and drums."
562,14.055176391007894,0.14081069385140238,0.15728186070919037,5.3818604946136475,gaussian,"A banjo is playing a country song, accompanied by guitar and drums."
563,11.740108582556989,0.14948997365584277,0.20815753936767578,6.807308912277222,gaussian,"A banjo is playing a country song, accompanied by guitar and drums."
564,13.981346244009627,0.14018238141626937,0.1670992225408554,6.298781871795654,gaussian,A recording of a jazz song.
565,11.600104452560958,0.1756146177954477,0.21101871132850647,6.03839898109436,gaussian,A recording of a jazz song.
566,14.210275297902959,0.30164309921761295,0.1362570822238922,4.224173188209534,gaussian,A recording of a jazz song.
567,9.829447215203984,0.09509138156864017,0.26243317127227783,5.761534214019775,gaussian,A recording of a jazz song.
568,14.657937092615438,0.20841820980904643,0.15052129328250885,5.172682046890259,gaussian,A high quality recording of a woman singing while a piano and drums play in the background.
569,14.878520014626417,0.1863820468121664,0.13358284533023834,4.644799470901489,gaussian,A high quality recording of a woman singing while a piano and drums play in the background.
570,14.5427995291441,0.17314394242520426,0.14166174829006195,4.918921947479248,gaussian,A high quality recording of a woman singing while a piano and drums play in the background.
571,12.499664290986116,0.17946278855661613,0.194937065243721,6.065840005874634,gaussian,A high quality recording of a woman singing while a piano and drums play in the background.
572,13.518381138622846,0.26108139346918297,0.1435781717300415,5.164304494857788,gaussian,"A death metal song of a man singing while an electric guitar, bass and drums are playing in the background."
573,12.017317979682403,0.2527337099965387,0.177542582154274,4.584399461746216,gaussian,"A death metal song of a man singing while an electric guitar, bass and drums are playing in the background."
574,15.543114808412327,0.25180672413143124,0.12903808057308197,5.388125896453857,gaussian,"A death metal song of a man singing while an electric guitar, bass and drums are playing in the background."
575,10.696981336854474,0.12293272827241147,0.24795758724212646,6.579598665237427,gaussian,"A death metal song of a man singing while an electric guitar, bass and drums are playing in the background."
576,13.18748373389055,0.18703804355755402,0.15808869898319244,5.039925575256348,gaussian,"A jazz song with a saxophone, trumpet, piano, bass and drums playing."
577,15.41511357023126,0.3147705490910709,0.12203706800937653,4.6074419021606445,gaussian,"A jazz song with a saxophone, trumpet, piano, bass and drums playing."
578,14.994589580689478,0.24295537434780384,0.13562560081481934,4.73085355758667,gaussian,"A jazz song with a saxophone, trumpet, piano, bass and drums playing."
579,13.754759402242316,0.25354906259023496,0.15386900305747986,4.747948169708252,gaussian,"A jazz song with a saxophone, trumpet, piano, bass and drums playing."
580,14.431493368170777,0.2879706500510929,0.13756170868873596,4.70841646194458,gaussian,"Guitars, saxophones, and piano playing calm happy jazz music."
581,15.389686789094908,0.2592214168496937,0.12332799285650253,4.1331470012664795,gaussian,"Guitars, saxophones, and piano playing calm happy jazz music."
582,17.625971610720356,0.3166326999161118,0.09919174015522003,4.630914926528931,gaussian,"Guitars, saxophones, and piano playing calm happy jazz music."
583,13.618473571603156,0.2907659464353309,0.13786038756370544,4.526211857795715,gaussian,"Guitars, saxophones, and piano playing calm happy jazz music."
584,16.269067762251233,0.2662075021039271,0.11073566973209381,5.564980506896973,gaussian,"A high quality recording of a rock song. a woman singing while a guitar, bass and drums playing in the background, when later a man joins."
585,12.317079075671845,0.14483346414148504,0.19840718805789948,6.14604640007019,gaussian,"A high quality recording of a rock song. a woman singing while a guitar, bass and drums playing in the background, when later a man joins."
586,14.827785289663327,0.25027386907043214,0.13487933576107025,6.573909759521484,gaussian,"A high quality recording of a rock song. a woman singing while a guitar, bass and drums playing in the background, when later a man joins."
587,15.973992553333911,0.13738849916523485,0.1251647174358368,5.426151275634766,gaussian,"A high quality recording of a rock song. a woman singing while a guitar, bass and drums playing in the background, when later a man joins."
588,12.159265735794962,0.23288819364844326,0.1896630823612213,3.4417325258255005,gaussian,"A saxophone, piano, bass and drums playing a cool happy song."
589,12.62907346775444,0.20284553455965576,0.18847237527370453,4.264493465423584,gaussian,"A saxophone, piano, bass and drums playing a cool happy song."
590,15.724425850671402,0.18889438356018887,0.1353820413351059,5.505487442016602,gaussian,"A saxophone, piano, bass and drums playing a cool happy song."
591,14.053267984521378,0.17639850088574857,0.14350625872612,6.123756170272827,gaussian,"A saxophone, piano, bass and drums playing a cool happy song."
592,15.771132437772067,0.18848271560458782,0.12131983786821365,6.094868183135986,gaussian,"A guitar playing a cool rock melody while an electric keyboard, bass and drums play in the background."
593,10.13448283636264,0.13714702384388688,0.27511149644851685,6.201207160949707,gaussian,"A guitar playing a cool rock melody while an electric keyboard, bass and drums play in the background."
594,14.0048170453007,0.1379818111557483,0.15031355619430542,6.615125894546509,gaussian,"A guitar playing a cool rock melody while an electric keyboard, bass and drums play in the background."
595,10.090239639719446,0.16429323042813762,0.26851871609687805,4.90378475189209,gaussian,"A guitar playing a cool rock melody while an electric keyboard, bass and drums play in the background."
596,17.863950338465862,0.2879875971857539,0.10041102021932602,4.54499077796936,gaussian,An orchestra playing an epic movie soundtrack score. You can hear flutes and strings.
597,17.535036307062818,0.3097635783334726,0.10036695003509521,3.6386914253234863,gaussian,An orchestra playing an epic movie soundtrack score. You can hear flutes and strings.
598,17.201584226732724,0.2818696653819334,0.11061005294322968,4.221076488494873,gaussian,An orchestra playing an epic movie soundtrack score. You can hear flutes and strings.
599,13.140154052103725,0.2339836804814753,0.1649383008480072,4.911076664924622,gaussian,An orchestra playing an epic movie soundtrack score. You can hear flutes and strings.
600,11.145761538037895,0.037398541281113404,0.22820623219013214,6.320250034332275,gaussian,Flutes playing classical music.
601,12.945533463160805,0.13551573080866466,0.17845332622528076,4.719171762466431,gaussian,Flutes playing classical music.
602,13.937494168622457,0.10700793343045294,0.15103211998939514,6.280242443084717,gaussian,Flutes playing classical music.
603,15.558929720319654,0.20462051431583297,0.1349634975194931,4.787087678909302,gaussian,Flutes playing classical music.
604,14.321486886597024,0.15838738500819086,0.14780573546886444,4.954050540924072,gaussian,A recording of a cool rhythmic arcade game soundtrack.
605,15.576885448105166,0.29067617339930046,0.1249852105975151,5.466468334197998,gaussian,A recording of a cool rhythmic arcade game soundtrack.
606,13.930441434406175,0.13460810033785042,0.15881052613258362,5.820992708206177,gaussian,A recording of a cool rhythmic arcade game soundtrack.
607,12.379217924670776,0.16803255308308537,0.17883190512657166,5.763733863830566,gaussian,A recording of a cool rhythmic arcade game soundtrack.
608,14.259663239646956,0.1773258506713455,0.14879021048545837,4.436522603034973,gaussian,A recording of an old upbeat cool jazz song.
609,12.187856219133996,0.23459505295477043,0.19053705036640167,6.021766662597656,gaussian,A recording of an old upbeat cool jazz song.
610,13.74883862196123,0.2391138995878146,0.17261315882205963,5.301814556121826,gaussian,A recording of an old upbeat cool jazz song.
611,11.954899445015013,0.22528673043408903,0.2183629870414734,4.437010288238525,gaussian,A recording of an old upbeat cool jazz song.
612,14.095937836104202,0.24734729308639994,0.1643841713666916,5.6359148025512695,gaussian,A recording of a dark and sad gospel song.
613,11.899440676641877,0.16506260394262842,0.19538883864879608,5.7869553565979,gaussian,A recording of a dark and sad gospel song.
614,13.684268071748127,0.15685850863383186,0.1548141986131668,6.381350755691528,gaussian,A recording of a dark and sad gospel song.
615,9.740780974982142,0.1631117611751131,0.285710871219635,6.417751789093018,gaussian,A recording of a dark and sad gospel song.
616,14.853763742376218,0.2598916799623996,0.13359327614307404,4.558022975921631,gaussian,A jazz song of a saxophone playing while bass and drums accompany him.
617,14.160068696121693,0.19417640060818694,0.14920184016227722,4.98141074180603,gaussian,A jazz song of a saxophone playing while bass and drums accompany him.
618,14.619744555520398,0.19450777462596833,0.13791024684906006,4.936317443847656,gaussian,A jazz song of a saxophone playing while bass and drums accompany him.
619,12.433593794529546,0.14862442945526871,0.19653373956680298,5.894030570983887,gaussian,A jazz song of a saxophone playing while bass and drums accompany him.
620,15.032499863903983,0.31500625174530666,0.13579705357551575,4.863432765007019,gaussian,A recording of an angry metal song.
621,8.668367367822201,0.24932810085577847,0.27247729897499084,6.382236003875732,gaussian,A recording of an angry metal song.
622,20.73536419045198,0.3757369706902831,0.06602083146572113,4.121792316436768,gaussian,A recording of an angry metal song.
623,7.625773598720425,0.12910175081204142,0.3630371689796448,5.309931516647339,gaussian,A recording of an angry metal song.
624,12.52103516209488,0.11239278022711897,0.19595377147197723,6.4165308475494385,gaussian,"A trumpet playing an epic solo while a guitar, bass and drums are playing in the background."
625,11.474614119498485,0.12323134866782506,0.23336133360862732,6.0062947273254395,gaussian,"A trumpet playing an epic solo while a guitar, bass and drums are playing in the background."
626,10.093439184675896,0.09566263980035274,0.259329229593277,5.599260568618774,gaussian,"A trumpet playing an epic solo while a guitar, bass and drums are playing in the background."
627,17.59691510495673,0.31085997678472954,0.10070773214101791,5.230181932449341,gaussian,"A trumpet playing an epic solo while a guitar, bass and drums are playing in the background."
628,16.168348587508895,0.15124020219786163,0.12479481846094131,5.693289279937744,gaussian,A high quality recording of a woman singing while a bass and drums play in the background.
629,14.46479516179578,0.18104403973860025,0.14821851253509521,5.84390664100647,gaussian,A high quality recording of a woman singing while a bass and drums play in the background.
630,12.701003145540339,0.21501155874266248,0.17540013790130615,4.92267906665802,gaussian,A high quality recording of a woman singing while a bass and drums play in the background.
631,15.282418062510958,0.23123395394216234,0.14268061518669128,5.48671555519104,gaussian,A high quality recording of a woman singing while a bass and drums play in the background.
632,13.069708452124702,0.25877316818767404,0.15770263969898224,3.8751769065856934,gaussian,"A high quality recording of a trumpet, bass and drums playing."
633,10.670067990476673,0.06955291215234893,0.2515028715133667,5.8517303466796875,gaussian,"A high quality recording of a trumpet, bass and drums playing."
634,10.912757859837486,0.15478733662971816,0.22337226569652557,5.549607276916504,gaussian,"A high quality recording of a trumpet, bass and drums playing."
635,14.951614545563537,0.1513405188914657,0.14223666489124298,4.980811715126038,gaussian,"A high quality recording of a trumpet, bass and drums playing."
636,12.746799710754484,0.07842931623609195,0.18755994737148285,6.688388347625732,gaussian,A recording of a techno song.
637,14.538844149842605,0.17467805549864449,0.14215277135372162,4.950267553329468,gaussian,A recording of a techno song.
638,12.430945441101208,0.17583334592701816,0.19473516941070557,4.723977327346802,gaussian,A recording of a techno song.
639,13.931100152781774,0.18734051828554812,0.14440254867076874,6.533973693847656,gaussian,A recording of a techno song.
640,16.61904063793665,0.22121521758959184,0.11334572732448578,5.286576986312866,gaussian,A recording of an upbeat country song.
641,14.363839833956902,0.2515241791457715,0.14003534615039825,5.643075466156006,gaussian,A recording of an upbeat country song.
642,16.172355079957086,0.2730473297875983,0.11092035472393036,5.761932611465454,gaussian,A recording of an upbeat country song.
643,14.219338799634036,0.1982824175267693,0.1500343233346939,6.291306018829346,gaussian,A recording of an upbeat country song.
644,15.276786093747056,0.20556986867527258,0.12254806607961655,4.122211694717407,gaussian,A high quality recording of a flute playing a cool rock solo with accompaniment.
645,15.246289795327435,0.25158324925186054,0.1194087490439415,4.4345526695251465,gaussian,A high quality recording of a flute playing a cool rock solo with accompaniment.
646,14.596941093237197,0.24005867741022255,0.14359255135059357,5.160075664520264,gaussian,A high quality recording of a flute playing a cool rock solo with accompaniment.
647,10.200829746075492,0.13648224719361643,0.2634722590446472,5.5726635456085205,gaussian,A high quality recording of a flute playing a cool rock solo with accompaniment.
648,13.599820282466533,0.2572663107455152,0.1512364149093628,6.029590606689453,gaussian,A recording of harsh and scary Chinese music.
649,12.147040340914392,0.2075630959486819,0.18485002219676971,4.893234014511108,gaussian,A recording of harsh and scary Chinese music.
650,8.254059681515727,0.0364836642177447,0.33767056465148926,6.923112392425537,gaussian,A recording of harsh and scary Chinese music.
651,12.897531021972572,0.24342150867210535,0.19202211499214172,5.116056442260742,gaussian,A recording of harsh and scary Chinese music.
652,13.110264290094735,0.13512584957295098,0.17984576523303986,6.645702600479126,gaussian,"A banjo playing alongside a piano, bass and drums in an upbeat old-timey cool country song."
653,17.522774952375077,0.16134723414651753,0.10057360678911209,5.434776782989502,gaussian,"A banjo playing alongside a piano, bass and drums in an upbeat old-timey cool country song."
654,15.55208250816394,0.20348615388544647,0.13071119785308838,5.552614212036133,gaussian,"A banjo playing alongside a piano, bass and drums in an upbeat old-timey cool country song."
655,14.64969801582928,0.21674204842259098,0.14376522600650787,5.9534642696380615,gaussian,"A banjo playing alongside a piano, bass and drums in an upbeat old-timey cool country song."
656,15.402057417870584,0.07532226456017335,0.10985656827688217,5.781415224075317,gaussian,A recording of a movie soundtrack.
657,11.22321852534759,0.21800000624654256,0.21661779284477234,4.549632668495178,gaussian,A recording of a movie soundtrack.
658,10.596659690757324,0.04239577499872778,0.2573850750923157,7.485292673110962,gaussian,A recording of a movie soundtrack.
659,17.27241778804777,0.34238838045442094,0.1063939705491066,5.251548767089844,gaussian,A recording of a movie soundtrack.
660,13.12345619852789,0.2895331580286916,0.17904378473758698,4.890460968017578,gaussian,A rap song of a man singing while bass and drums accompany him.
661,13.059447820843623,0.18299555495920122,0.16386736929416656,5.244914293289185,gaussian,A rap song of a man singing while bass and drums accompany him.
662,15.001492286981058,0.18466429037200993,0.12903374433517456,3.9059765338897705,gaussian,A rap song of a man singing while bass and drums accompany him.
663,15.075872310923742,0.2395764290288016,0.1325424313545227,4.8538103103637695,gaussian,A rap song of a man singing while bass and drums accompany him.
664,14.059280753831388,0.16089474164963832,0.15561752021312714,5.845803499221802,gaussian,A recording of an old timey rock song from the eighties.
665,6.2235794099483766,0.12187954258726176,0.42423442006111145,5.713944435119629,gaussian,A recording of an old timey rock song from the eighties.
666,10.019120499231892,0.16638264210384357,0.2567598819732666,5.9165730476379395,gaussian,A recording of an old timey rock song from the eighties.
667,12.684863170927505,0.21462233275508355,0.177450492978096,5.2579803466796875,gaussian,A recording of an old timey rock song from the eighties.
668,8.65970541424008,0.19606210020356551,0.29703259468078613,4.738860487937927,gaussian,"A high quality recording of a piano, flutes and drums playing."
669,13.836863876035306,0.14301398151218953,0.1503005176782608,5.287571668624878,gaussian,"A high quality recording of a piano, flutes and drums playing."
670,11.55347958329379,0.11894256614451881,0.22373993694782257,6.160888195037842,gaussian,"A high quality recording of a piano, flutes and drums playing."
671,13.72647540224426,0.16067871767593994,0.15380962193012238,5.230105638504028,gaussian,"A high quality recording of a piano, flutes and drums playing."
672,14.652485876028392,0.3570568614257159,0.12677420675754547,3.8958595991134644,gaussian,A recording of a cool mysterious orchestral movie soundtrack song.
673,17.23638547051747,0.23455364974045903,0.10681603848934174,5.633305072784424,gaussian,A recording of a cool mysterious orchestral movie soundtrack song.
674,14.82268724800635,0.26028010523059325,0.13340622186660767,4.457059621810913,gaussian,A recording of a cool mysterious orchestral movie soundtrack song.
675,13.12603309892051,0.2148938722795934,0.15820953249931335,3.7142218947410583,gaussian,A recording of a cool mysterious orchestral movie soundtrack song.
676,17.071340491359567,0.17568848360985762,0.10899603366851807,5.810119390487671,gaussian,"A guitar, piano, bass and drums playing a cool happy song."
677,17.2961197817579,0.33689833259370283,0.09866238385438919,4.404990911483765,gaussian,"A guitar, piano, bass and drums playing a cool happy song."
678,16.55091213354964,0.2240647072384557,0.10819359123706818,4.775676965713501,gaussian,"A guitar, piano, bass and drums playing a cool happy song."
679,12.409568738516208,0.18628245400161125,0.16748887300491333,5.779489040374756,gaussian,"A guitar, piano, bass and drums playing a cool happy song."
680,12.542898585528414,0.27323563477170026,0.18466481566429138,3.8975061178207397,gaussian,A recording of an epic classical score.
681,15.722096411581507,0.26552920435411725,0.12294059991836548,4.7583229541778564,gaussian,A recording of an epic classical score.
682,15.786173615317868,0.23625772984020674,0.12077043950557709,4.863853693008423,gaussian,A recording of an epic classical score.
683,9.26014623974362,0.1799189321784951,0.2891620993614197,4.819832682609558,gaussian,A recording of an epic classical score.
684,12.701421839866063,0.22011977944787742,0.1748122125864029,5.170365571975708,gaussian,"A high quality recording of violins playing a melody and a piano, bass and drums accompany them."
685,13.56639725192232,0.1399388905464311,0.1618773639202118,4.889394164085388,gaussian,"A high quality recording of violins playing a melody and a piano, bass and drums accompany them."
686,12.746383240130431,0.11761110933846078,0.18528389930725098,5.482518434524536,gaussian,"A high quality recording of violins playing a melody and a piano, bass and drums accompany them."
687,13.568858018145622,0.18291469467372762,0.1871357560157776,5.7256598472595215,gaussian,"A high quality recording of violins playing a melody and a piano, bass and drums accompany them."
688,14.431704736280919,0.17209758432221922,0.14873981475830078,5.244574546813965,gaussian,A recording of a pop song.
689,15.685218714377074,0.1559802592241957,0.12038559466600418,4.9662861824035645,gaussian,A recording of a pop song.
690,12.027601039275773,0.10646209463890008,0.196736142039299,5.767185926437378,gaussian,A recording of a pop song.
691,12.28280824511196,0.1573141933497483,0.1836332380771637,4.80894660949707,gaussian,A recording of a pop song.
692,11.923407751706549,0.16063938639704659,0.21165598928928375,6.755387544631958,gaussian,A recording of a grunge rock song.
693,10.523512504474148,0.12198240473492479,0.2643134295940399,5.592994451522827,gaussian,A recording of a grunge rock song.
694,15.431872322648903,0.2492273901105619,0.134593665599823,4.610926508903503,gaussian,A recording of a grunge rock song.
695,15.127034097065224,0.25209751092650545,0.12960697710514069,4.471385478973389,gaussian,A recording of a grunge rock song.
696,10.644058470334121,0.21084149662078538,0.24596677720546722,3.365723818540573,gaussian,A high quality recording of flutes and drums playing.
697,11.734337157466515,0.13235086310219465,0.19871127605438232,6.013577461242676,gaussian,A high quality recording of flutes and drums playing.
698,12.029684244457826,0.028837122033172888,0.2127620130777359,6.182645797729492,gaussian,A high quality recording of flutes and drums playing.
699,15.142738938174919,0.208268231918829,0.13101565837860107,4.137990951538086,gaussian,A high quality recording of flutes and drums playing.
700,17.581681258634884,0.3710153023601251,0.09321583807468414,4.853858232498169,gaussian,A recording of an epic soundtrack.
701,12.37044919599848,0.16025350734821162,0.18508380651474,5.274859666824341,gaussian,A recording of an epic soundtrack.
702,14.928283719877314,0.3137046235730028,0.1274031549692154,4.397867560386658,gaussian,A recording of an epic soundtrack.
703,14.216054790423769,0.06702509290068152,0.15299631655216217,6.849851131439209,gaussian,A recording of an epic soundtrack.
704,15.029947728098511,0.24402009766375668,0.1336597055196762,5.422948360443115,gaussian,"A trumpet, piano, bass and drums playing a cool happy song."
705,13.418212699941446,0.18840183492367008,0.1619611233472824,6.024935722351074,gaussian,"A trumpet, piano, bass and drums playing a cool happy song."
706,13.225773970873107,0.16151069848845234,0.1789398193359375,6.131365537643433,gaussian,"A trumpet, piano, bass and drums playing a cool happy song."
707,13.003262357395286,0.1650677855763781,0.1728161871433258,5.280672073364258,gaussian,"A trumpet, piano, bass and drums playing a cool happy song."
708,12.939409700633187,0.17093859140441714,0.17881464958190918,6.0669004917144775,gaussian,A recording of a cool rock song.
709,14.759216257272005,0.17418518506897035,0.14984861016273499,5.0282062292099,gaussian,A recording of a cool rock song.
710,18.564664191359704,0.2931192073046956,0.09155939519405365,4.212735652923584,gaussian,A recording of a cool rock song.
711,15.174134067978855,0.24084497107324945,0.12949760258197784,4.406948804855347,gaussian,A recording of a cool rock song.
712,11.899064198506013,0.2591366067294886,0.2114809900522232,4.357873916625977,gaussian,A high quality recording of a rock band playing.
713,12.842586087707312,0.2850410895926343,0.19185522198677063,5.683204889297485,gaussian,A high quality recording of a rock band playing.
714,17.366717731889995,0.3466903116156956,0.10165977478027344,5.075415849685669,gaussian,A high quality recording of a rock band playing.
715,16.891041593624394,0.14461536852180557,0.10707822442054749,6.151496648788452,gaussian,A high quality recording of a rock band playing.
716,14.108844466305419,0.20674411447871702,0.15239834785461426,5.473509073257446,gaussian,A high quality recording of a jazz band playing a happy song.
717,12.912163586578975,0.1827665703233568,0.18153508007526398,5.498647451400757,gaussian,A high quality recording of a jazz band playing a happy song.
718,11.896087701012048,0.16785770888606732,0.2164122313261032,6.027400732040405,gaussian,A high quality recording of a jazz band playing a happy song.
719,12.428611919649043,0.1544564782935647,0.19086159765720367,6.537683963775635,gaussian,A high quality recording of a jazz band playing a happy song.
720,15.285766007008759,0.34793274154627635,0.10424971580505371,4.698320627212524,gaussian,"a saxophone, violin, piano, bass and drums playing."
721,15.006853778933067,0.22572703856380955,0.1352512389421463,4.546598196029663,gaussian,"a saxophone, violin, piano, bass and drums playing."
722,8.929533663770151,0.07874570170497511,0.2931681275367737,7.0444560050964355,gaussian,"a saxophone, violin, piano, bass and drums playing."
723,12.465165633000606,0.12993555112584151,0.18847815692424774,5.821119785308838,gaussian,"a saxophone, violin, piano, bass and drums playing."
724,13.38302382331565,0.23955758584242995,0.15445701777935028,5.158223867416382,gaussian,"A metal song with a singer, bass and drums playing."
725,13.91656220052896,0.32928433875392416,0.12754739820957184,4.847058415412903,gaussian,"A metal song with a singer, bass and drums playing."
726,15.051701479372902,0.26531466395461184,0.12910768389701843,4.937671661376953,gaussian,"A metal song with a singer, bass and drums playing."
727,12.245881134151002,0.2304046465667991,0.20705915987491608,7.037770748138428,gaussian,"A metal song with a singer, bass and drums playing."
728,16.192174028674575,0.21275363598901173,0.1257048398256302,5.59772801399231,gaussian,"A high quality recording of a trumpet, a piano, a bass guitar and drums playing."
729,12.974686890497345,0.23195373871569863,0.19229154288768768,5.0659239292144775,gaussian,"A high quality recording of a trumpet, a piano, a bass guitar and drums playing."
730,12.974498850795477,0.1823756929049111,0.16947543621063232,6.110842227935791,gaussian,"A high quality recording of a trumpet, a piano, a bass guitar and drums playing."
731,16.484744873570758,0.2733792614339024,0.11116739362478256,4.501847743988037,gaussian,"A high quality recording of a trumpet, a piano, a bass guitar and drums playing."
732,14.321401379408305,0.1493530577451878,0.15711267292499542,5.0138468742370605,gaussian,A high quality recording of a piano playing a melody while another piano and drums are playing in the background.
733,15.058084251274689,0.17411771021697917,0.1336592137813568,4.945366621017456,gaussian,A high quality recording of a piano playing a melody while another piano and drums are playing in the background.
734,14.705995975274641,0.08989360966576769,0.1555500626564026,6.149030685424805,gaussian,A high quality recording of a piano playing a melody while another piano and drums are playing in the background.
735,14.480534059295259,0.11733561964534354,0.15475603938102722,5.551305055618286,gaussian,A high quality recording of a piano playing a melody while another piano and drums are playing in the background.
736,14.972301003141784,0.19991109710044003,0.13302157819271088,6.158532381057739,gaussian,"A woman humming a quiet jazz melody, with an accompaniment of bass and drums."
737,13.825042757561379,0.05417107822663722,0.1585865169763565,6.446914434432983,gaussian,"A woman humming a quiet jazz melody, with an accompaniment of bass and drums."
738,16.150265054346512,0.15352510809026976,0.11700913310050964,6.300402402877808,gaussian,"A woman humming a quiet jazz melody, with an accompaniment of bass and drums."
739,14.373984349751987,0.19451013650424698,0.15602901577949524,5.250686883926392,gaussian,"A woman humming a quiet jazz melody, with an accompaniment of bass and drums."
740,12.7730275956351,0.19030957002286175,0.17528626322746277,5.036687254905701,gaussian,A high quality recording of a man singing and violins playing a happy and emotional  piece.
741,15.581284543543335,0.12068745024399202,0.12847232818603516,6.121289014816284,gaussian,A high quality recording of a man singing and violins playing a happy and emotional  piece.
742,15.26113827062514,0.20302364270406065,0.13754412531852722,4.941936254501343,gaussian,A high quality recording of a man singing and violins playing a happy and emotional  piece.
743,14.50815878344426,0.2074472007891075,0.15437588095664978,5.521580219268799,gaussian,A high quality recording of a man singing and violins playing a happy and emotional  piece.
744,12.356693469270057,0.29249154691522816,0.18198829889297485,4.401025295257568,gaussian,A high quality recording of a rock band playing a somber rock song.
745,15.435127076904502,0.3271257900669204,0.13142602145671844,4.531173944473267,gaussian,A high quality recording of a rock band playing a somber rock song.
746,18.538991232122143,0.2880218290240983,0.09329478442668915,4.169185161590576,gaussian,A high quality recording of a rock band playing a somber rock song.
747,11.706446503150005,0.16937789303707942,0.2106446623802185,6.175220966339111,gaussian,A high quality recording of a rock band playing a somber rock song.
748,12.516241804284471,0.1697190019268985,0.17915236949920654,5.4380412101745605,gaussian,A recording of an old upbeat cool rock song.
749,12.715996856093827,0.13793483867331735,0.1901032030582428,5.868927955627441,gaussian,A recording of an old upbeat cool rock song.
750,8.722366013664004,0.14822458799623586,0.3128698468208313,6.016106843948364,gaussian,A recording of an old upbeat cool rock song.
751,12.736622002797402,0.14466575586945596,0.1853097379207611,6.4329514503479,gaussian,A recording of an old upbeat cool rock song.
752,12.336286439166601,0.24118202997980914,0.1893770694732666,5.972580909729004,gaussian,A recording of a heavy metal song.
753,11.55434391713955,0.14224638143032564,0.21312549710273743,6.057556629180908,gaussian,A recording of a heavy metal song.
754,10.463429476334632,0.24367422884469223,0.2678694725036621,5.215664863586426,gaussian,A recording of a heavy metal song.
755,9.18214574572751,0.1910156642162094,0.27510708570480347,6.341027736663818,gaussian,A recording of a heavy metal song.
756,12.139603805140863,0.06508763511950391,0.2110380381345749,5.883156776428223,gaussian,A recording of a Chinese song.
757,12.668272365378181,0.3641543242650027,0.14784613251686096,4.886797666549683,gaussian,A recording of a Chinese song.
758,13.036735388946726,0.1719691395557317,0.1691601425409317,5.295707702636719,gaussian,A recording of a Chinese song.
759,18.419592257284396,0.22698461432919814,0.09742890298366547,4.413789629936218,gaussian,A recording of a Chinese song.
760,15.4564462203269,0.1416655613959724,0.13815104961395264,5.059401035308838,gaussian,"A high quality recording of a trumpet, a guitar, a piano, a bass guitar and drums playing."
761,12.806914252055927,0.043119826393325775,0.17785833775997162,5.852142572402954,gaussian,"A high quality recording of a trumpet, a guitar, a piano, a bass guitar and drums playing."
762,12.775616972594982,0.16916600214281705,0.17053727805614471,5.317898273468018,gaussian,"A high quality recording of a trumpet, a guitar, a piano, a bass guitar and drums playing."
763,13.036114796046213,0.16264465005760198,0.17995373904705048,5.235978841781616,gaussian,"A high quality recording of a trumpet, a guitar, a piano, a bass guitar and drums playing."
764,12.195801884212244,0.02085874095560508,0.2095174789428711,6.334327459335327,gaussian,A recording of calm happy rock song.
765,11.947522188216785,0.16014754572924,0.1876906454563141,4.889367341995239,gaussian,A recording of calm happy rock song.
766,18.47959561779199,0.2769320565756472,0.08935324847698212,5.199555158615112,gaussian,A recording of calm happy rock song.
767,13.331844171939835,0.14198050221139788,0.1713172197341919,4.9278318881988525,gaussian,A recording of calm happy rock song.
768,15.719826055000548,0.19762272034044467,0.13751915097236633,5.795055627822876,gaussian,A recording of a rave techno song.
769,16.57127291905998,0.20956193626411698,0.11608278006315231,4.618924260139465,gaussian,A recording of a rave techno song.
770,11.08242783542666,0.05718302789165812,0.22153069078922272,6.909237861633301,gaussian,A recording of a rave techno song.
771,13.134598252719616,0.24034072804598833,0.17410726845264435,4.399803996086121,gaussian,A recording of a rave techno song.
772,15.74726710713794,0.1899619289775048,0.12104789167642593,4.893693208694458,gaussian,A high quality recording of a woman vocalizing an epic opera solo with accompaniment.
773,13.348315858442806,0.15253052776543705,0.16701388359069824,5.079516410827637,gaussian,A high quality recording of a woman vocalizing an epic opera solo with accompaniment.
774,13.604029052689445,0.1428976987473738,0.17139586806297302,5.974237442016602,gaussian,A high quality recording of a woman vocalizing an epic opera solo with accompaniment.
775,13.709649403761885,0.21990461314650148,0.1549980342388153,5.420203685760498,gaussian,A high quality recording of a woman vocalizing an epic opera solo with accompaniment.
776,13.135653298310592,0.15770384278397567,0.16660727560520172,5.731037855148315,gaussian,A high quality recording of Arabic instruments playing.
777,13.257954798195705,0.11679177906160294,0.17732585966587067,5.8983423709869385,gaussian,A high quality recording of Arabic instruments playing.
778,14.041060349189603,0.16149421580066356,0.16154079139232635,5.099962949752808,gaussian,A high quality recording of Arabic instruments playing.
779,13.38536451590695,0.1306679902387294,0.16681715846061707,5.229586124420166,gaussian,A high quality recording of Arabic instruments playing.
780,14.684368338315572,0.2906403519214862,0.1241212785243988,5.355265378952026,gaussian,A calm song with violins and drums playing.
781,11.157605369493591,0.14252353503610388,0.21423541009426117,6.629688024520874,gaussian,A calm song with violins and drums playing.
782,12.741311464981717,0.22702820198370485,0.16939587891101837,4.921644687652588,gaussian,A calm song with violins and drums playing.
783,15.890114198357585,0.20548110618814888,0.12249546498060226,5.009939908981323,gaussian,A calm song with violins and drums playing.
784,12.14210225069355,0.15732575393928053,0.19792546331882477,5.938291788101196,gaussian,Flutes and guitars playing a happy calm song.
785,14.257146777650856,0.155889755668468,0.14901447296142578,5.770009517669678,gaussian,Flutes and guitars playing a happy calm song.
786,15.042952828445053,0.2238950040805073,0.12596577405929565,5.293401002883911,gaussian,Flutes and guitars playing a happy calm song.
787,11.174194380723677,0.12589506446752385,0.21161508560180664,4.611186504364014,gaussian,Flutes and guitars playing a happy calm song.
788,15.47902802335175,0.17911578791883503,0.12611044943332672,5.091825008392334,gaussian,"A violin and a saxophone playing a cool jazz melody, with an accompaniment of a piano, bass and drums."
789,14.603647782400577,0.2099794686845002,0.1434638351202011,4.136661767959595,gaussian,"A violin and a saxophone playing a cool jazz melody, with an accompaniment of a piano, bass and drums."
790,15.650851136074277,0.20102775552548446,0.1254473179578781,5.42734956741333,gaussian,"A violin and a saxophone playing a cool jazz melody, with an accompaniment of a piano, bass and drums."
791,14.967142084185063,0.23742624483813451,0.12849634885787964,5.8097755908966064,gaussian,"A violin and a saxophone playing a cool jazz melody, with an accompaniment of a piano, bass and drums."
792,8.369405935363712,0.17504966694436822,0.3324214220046997,4.456769824028015,gaussian,A recording of upbeat pop music.
793,11.199586620195118,0.16000014484245081,0.22560103237628937,4.914617538452148,gaussian,A recording of upbeat pop music.
794,13.110771502674496,0.18586201165096666,0.16408447921276093,4.690732359886169,gaussian,A recording of upbeat pop music.
795,9.45505085643534,0.10884795559125486,0.3008992671966553,5.9884161949157715,gaussian,A recording of upbeat pop music.
796,14.724678109418521,0.19524809938215987,0.14424721896648407,6.190570116043091,gaussian,"A saxophone playing while a guitar, bass and drums playing in the background."
797,17.05455738905527,0.25570892707330917,0.10767784714698792,5.53574800491333,gaussian,"A saxophone playing while a guitar, bass and drums playing in the background."
798,10.016819378627691,0.13218476889869157,0.2912476360797882,5.5310375690460205,gaussian,"A saxophone playing while a guitar, bass and drums playing in the background."
799,13.745853021403542,0.21180785702918703,0.1633206307888031,5.030287742614746,gaussian,"A saxophone playing while a guitar, bass and drums playing in the background."
800,17.970114274804363,0.305022912280568,0.0857682153582573,5.303765058517456,gaussian,A recording of a happy country song.
801,10.609050262183004,0.15381621227394568,0.23953038454055786,5.71047306060791,gaussian,A recording of a happy country song.
802,18.138402499346412,0.30942937259177883,0.08864821493625641,4.659427165985107,gaussian,A recording of a happy country song.
803,10.149984002105532,0.10952339666858975,0.24943876266479492,5.217905282974243,gaussian,A recording of a happy country song.
804,15.243344907514619,0.15998756447120452,0.13363000750541687,5.85572075843811,gaussian,"A woman is singing a country song with a trumpet, bass and drums playing in the background."
805,14.14510026822886,0.14839810735821318,0.1524062305688858,5.638485670089722,gaussian,"A woman is singing a country song with a trumpet, bass and drums playing in the background."
806,17.044363035892754,0.2631107254232209,0.09261995553970337,4.752312541007996,gaussian,"A woman is singing a country song with a trumpet, bass and drums playing in the background."
807,13.99658002282221,0.12640480194045092,0.15864989161491394,6.19526743888855,gaussian,"A woman is singing a country song with a trumpet, bass and drums playing in the background."
808,12.702683121921103,0.13183941895925477,0.1804042011499405,5.776449680328369,gaussian,A recording of an old upbeat cool Arabic song.
809,13.457312652158382,0.1800288075235385,0.16818220913410187,4.953070640563965,gaussian,A recording of an old upbeat cool Arabic song.
810,13.461653333241703,0.24610923347730132,0.15069952607154846,4.427966833114624,gaussian,A recording of an old upbeat cool Arabic song.
811,12.916678990629096,0.17133158851667757,0.17446275055408478,4.604998588562012,gaussian,A recording of an old upbeat cool Arabic song.
812,15.23332658386187,0.25025970398344505,0.1291314959526062,5.55072283744812,gaussian,"A guitar playing a romantic country melody while a piano, bass and drums play in the background."
813,13.672661428265664,0.2275770199837695,0.1527736932039261,6.645391941070557,gaussian,"A guitar playing a romantic country melody while a piano, bass and drums play in the background."
814,13.696242036796278,0.21629872754634039,0.16236485540866852,6.385046720504761,gaussian,"A guitar playing a romantic country melody while a piano, bass and drums play in the background."
815,16.315826103508627,0.2582710984076097,0.11661199480295181,4.478667736053467,gaussian,"A guitar playing a romantic country melody while a piano, bass and drums play in the background."
816,14.194866756943785,0.3089999722545846,0.1716773957014084,5.321706771850586,gaussian,A high quality recording of a retro arcade soundtrack playing.
817,14.61974207192402,0.229836418214304,0.14671297371387482,5.2672834396362305,gaussian,A high quality recording of a retro arcade soundtrack playing.
818,11.691833772291517,0.14230620013400755,0.21316708624362946,4.01706862449646,gaussian,A high quality recording of a retro arcade soundtrack playing.
819,9.567474989561907,0.08202718445128293,0.2946391701698303,5.866465091705322,gaussian,A high quality recording of a retro arcade soundtrack playing.
820,13.065315278282046,0.2715230967991435,0.1546134203672409,4.924795150756836,gaussian,Strings playing a scary death metal melody with trumpets and drums accompaniment in the background.
821,11.286488643099686,0.1321159288838635,0.218079075217247,6.794914245605469,gaussian,Strings playing a scary death metal melody with trumpets and drums accompaniment in the background.
822,19.020073423793516,0.391016663822028,0.0811643972992897,4.132487893104553,gaussian,Strings playing a scary death metal melody with trumpets and drums accompaniment in the background.
823,11.506199012833093,0.17955485995784765,0.23118779063224792,6.620592355728149,gaussian,Strings playing a scary death metal melody with trumpets and drums accompaniment in the background.
824,14.771422601467965,0.28835215375554146,0.13705691695213318,5.552843809127808,gaussian,"A punk song of a man singing while a guitar, bass and drums accompany him."
825,13.99470491598901,0.17799501906161755,0.15221917629241943,6.0558459758758545,gaussian,"A punk song of a man singing while a guitar, bass and drums accompany him."
826,13.726973081451046,0.18714672512438282,0.1686183661222458,6.521315574645996,gaussian,"A punk song of a man singing while a guitar, bass and drums accompany him."
827,16.811923081997413,0.24880439608954116,0.11783747375011444,5.9251463413238525,gaussian,"A punk song of a man singing while a guitar, bass and drums accompany him."
828,17.69138840054461,0.23713133954291493,0.10055442899465561,5.489980220794678,gaussian,A recording of a calm reggae song.
829,9.592777015804938,0.09477469025210448,0.2772334814071655,6.848366022109985,gaussian,A recording of a calm reggae song.
830,14.529567800699311,0.24105338159746964,0.15373779833316803,5.014728307723999,gaussian,A recording of a calm reggae song.
831,12.959633296398486,0.3305762367988094,0.15604464709758759,5.307863473892212,gaussian,A recording of a calm reggae song.
832,16.106327702167615,0.1788473867225406,0.12882748246192932,6.65048623085022,gaussian,A recording of an upbeat cool jazz song.
833,14.998509522170558,0.21222579940274616,0.13913117349147797,5.313106536865234,gaussian,A recording of an upbeat cool jazz song.
834,14.32025176099096,0.1629833592306999,0.15770208835601807,6.222624063491821,gaussian,A recording of an upbeat cool jazz song.
835,12.730544902536622,0.22563878730880843,0.17101825773715973,4.632312059402466,gaussian,A recording of an upbeat cool jazz song.
836,15.614849062134855,0.22195723483063612,0.11879409104585648,6.120798587799072,gaussian,A recording of a happy upbeat classical music piece.
837,8.49461237998691,0.07900412459713795,0.3408432602882385,6.985137701034546,gaussian,A recording of a happy upbeat classical music piece.
838,15.806479450706309,0.15512887615075233,0.12479010224342346,5.079007625579834,gaussian,A recording of a happy upbeat classical music piece.
839,14.441541049222554,0.13630014539077867,0.15484264492988586,5.834625005722046,gaussian,A recording of a happy upbeat classical music piece.
840,12.85576277394686,0.1463538402086056,0.17817778885364532,4.769115567207336,gaussian,A high quality recording of strings playing.
841,16.306783501809786,0.16557786660792675,0.1129019483923912,4.469255447387695,gaussian,A high quality recording of strings playing.
842,17.90921423866289,0.22511564627715522,0.09866119921207428,5.430915594100952,gaussian,A high quality recording of strings playing.
843,13.288474277500388,0.15457061758897978,0.17005981504917145,5.11810040473938,gaussian,A high quality recording of strings playing.
844,14.711333679833933,0.12690961981256085,0.14694403111934662,6.2638633251190186,gaussian,"A high quality recording of a woman singing, and a piano, bass and drums playing."
845,12.73367961510343,0.17294196183490942,0.19342416524887085,5.741859436035156,gaussian,"A high quality recording of a woman singing, and a piano, bass and drums playing."
846,14.56931651837192,0.1626483475553471,0.15005746483802795,5.82984185218811,gaussian,"A high quality recording of a woman singing, and a piano, bass and drums playing."
847,16.51273718777047,0.1986996057534961,0.11881202459335327,5.065352439880371,gaussian,"A high quality recording of a woman singing, and a piano, bass and drums playing."
848,11.11877230247728,0.1510386905747254,0.23993442952632904,5.695462942123413,gaussian,"A woman is singing while another woman, guitars, drums and bass are playing in the background."
849,17.200527249594153,0.25417229934065844,0.11070983111858368,5.316520929336548,gaussian,"A woman is singing while another woman, guitars, drums and bass are playing in the background."
850,14.067125266980472,0.26092691537356727,0.16240748763084412,6.39210319519043,gaussian,"A woman is singing while another woman, guitars, drums and bass are playing in the background."
851,15.248183207738066,0.25628136486044073,0.1252317875623703,5.632614612579346,gaussian,"A woman is singing while another woman, guitars, drums and bass are playing in the background."
852,16.069233902977277,0.11279091399341554,0.1249561682343483,5.903893947601318,gaussian,A reggae song of a woman singing while bass and drums accompany her.
853,11.4024752382678,0.07574774713122516,0.21744270622730255,6.126397609710693,gaussian,A reggae song of a woman singing while bass and drums accompany her.
854,12.797208995338503,0.1735727888206974,0.18679660558700562,5.302234888076782,gaussian,A reggae song of a woman singing while bass and drums accompany her.
855,17.751584492263277,0.28176402690002084,0.09911734610795975,4.761537790298462,gaussian,A reggae song of a woman singing while bass and drums accompany her.
856,12.875456198741901,0.10603965610772133,0.18656745553016663,5.619246244430542,gaussian,A high quality recording of flutes and a saxophone playing.
857,13.837978097898434,0.1886263968567319,0.15831948816776276,6.006093502044678,gaussian,A high quality recording of flutes and a saxophone playing.
858,18.851068172141098,0.3090601966891392,0.08515133708715439,4.478831171989441,gaussian,A high quality recording of flutes and a saxophone playing.
859,12.805930205411837,0.12210343313919758,0.18458175659179688,4.852463960647583,gaussian,A high quality recording of flutes and a saxophone playing.
860,15.602763181655776,0.21917697730904143,0.14600825309753418,5.043367862701416,gaussian,A high quality recording of a woman singing while an orchestra play in the background.
861,13.171759890917084,0.17971618368333173,0.1791011393070221,6.069897890090942,gaussian,A high quality recording of a woman singing while an orchestra play in the background.
862,16.187437150219303,0.2481552762991619,0.12729278206825256,5.814502239227295,gaussian,A high quality recording of a woman singing while an orchestra play in the background.
863,15.922756332874659,0.13122407977942177,0.12228957563638687,5.166215419769287,gaussian,A high quality recording of a woman singing while an orchestra play in the background.
864,16.918469591685113,0.26062545875292503,0.110078826546669,4.831318378448486,gaussian,"A woman vocalizing a slow cool jazz melody while an electric keyboard, bass and drums play in the background, later a saxophone preforms a solo as well."
865,13.511542912603865,0.18973287998132793,0.17509910464286804,6.267534255981445,gaussian,"A woman vocalizing a slow cool jazz melody while an electric keyboard, bass and drums play in the background, later a saxophone preforms a solo as well."
866,14.26523527902927,0.15230764926041124,0.14452776312828064,4.745839238166809,gaussian,"A woman vocalizing a slow cool jazz melody while an electric keyboard, bass and drums play in the background, later a saxophone preforms a solo as well."
867,13.571280132294758,0.21220827623533908,0.15145492553710938,6.335080623626709,gaussian,"A woman vocalizing a slow cool jazz melody while an electric keyboard, bass and drums play in the background, later a saxophone preforms a solo as well."
868,11.611545941989833,0.14362204289000916,0.2028559446334839,6.407872676849365,gaussian,"A high quality recording of a woman singing while a guitar, bass and drums accompany her."
869,12.205162401898043,0.09208701602336893,0.21232108771800995,5.232928514480591,gaussian,"A high quality recording of a woman singing while a guitar, bass and drums accompany her."
870,15.431152425797983,0.21403302357235263,0.1302093267440796,5.564551115036011,gaussian,"A high quality recording of a woman singing while a guitar, bass and drums accompany her."
871,13.71227672657421,0.19496139992628717,0.16258575022220612,6.0210559368133545,gaussian,"A high quality recording of a woman singing while a guitar, bass and drums accompany her."
872,17.01479858599402,0.21996991769047727,0.10910633206367493,5.056863784790039,gaussian,Guitars playing alongside a trumpet a happy upbeat melody.
873,12.76765101945033,0.23889460298233012,0.17136900126934052,6.95296049118042,gaussian,Guitars playing alongside a trumpet a happy upbeat melody.
874,14.764099843907557,0.16863865888267274,0.13914918899536133,6.187970876693726,gaussian,Guitars playing alongside a trumpet a happy upbeat melody.
875,12.373902541209944,0.12923606320435896,0.20657366514205933,6.174647092819214,gaussian,Guitars playing alongside a trumpet a happy upbeat melody.
876,11.965305154404861,0.20713193591846268,0.20170657336711884,5.244046211242676,gaussian,"A violin playing a slow cool jazz melody while an electric keyboard, bass and drums play in the background, later a saxophone preforms a solo as well."
877,14.469464541303303,0.08864065014277131,0.16035401821136475,5.45933198928833,gaussian,"A violin playing a slow cool jazz melody while an electric keyboard, bass and drums play in the background, later a saxophone preforms a solo as well."
878,15.58156779151852,0.1790998157390572,0.13557511568069458,6.079275846481323,gaussian,"A violin playing a slow cool jazz melody while an electric keyboard, bass and drums play in the background, later a saxophone preforms a solo as well."
879,13.56276864881073,0.3133956948370329,0.14553573727607727,4.328995943069458,gaussian,"A violin playing a slow cool jazz melody while an electric keyboard, bass and drums play in the background, later a saxophone preforms a solo as well."
880,8.594251514269299,0.08045876201886147,0.33273008465766907,6.451641321182251,gaussian,A recording of a calm rock song.
881,12.16312705070038,0.12093660530911857,0.20681777596473694,3.321890540421009,gaussian,A recording of a calm rock song.
882,16.075903975399775,0.22729287858723707,0.11369971930980682,4.962508678436279,gaussian,A recording of a calm rock song.
883,14.472848462934309,0.17119095555478786,0.1449374407529831,6.31122350692749,gaussian,A recording of a calm rock song.
884,15.819780567199196,0.20772499213699938,0.12728963792324066,4.542626857757568,gaussian,A recording of a happy calm country song.
885,14.58808903494228,0.16967739688361924,0.14570391178131104,5.0309953689575195,gaussian,A recording of a happy calm country song.
886,16.759833394373636,0.25779226523550647,0.10896341502666473,5.742642402648926,gaussian,A recording of a happy calm country song.
887,15.097413276736342,0.3337384261703009,0.11957379430532455,4.199019551277161,gaussian,A recording of a happy calm country song.
888,12.523708434535564,0.12408075123816001,0.18035735189914703,6.569536209106445,gaussian,A high quality recording of a woman singing while bass and drums accompany her.
889,10.282451634295985,0.0976953620028279,0.2601066529750824,6.593705892562866,gaussian,A high quality recording of a woman singing while bass and drums accompany her.
890,9.240727748532404,0.16316194631001904,0.2942846417427063,5.2191808223724365,gaussian,A high quality recording of a woman singing while bass and drums accompany her.
891,15.168093681943557,0.2708905879648534,0.11852224171161652,6.117550373077393,gaussian,A high quality recording of a woman singing while bass and drums accompany her.
892,10.446640185357106,0.1872421338330403,0.24793650209903717,4.393670558929443,gaussian,An electric guitar playing epic riffs while bass and drums are playing in the background.
893,16.021024837323008,0.21308063918606757,0.12277799099683762,5.423216104507446,gaussian,An electric guitar playing epic riffs while bass and drums are playing in the background.
894,15.315208561991083,0.25749034590166875,0.12250391393899918,4.862368822097778,gaussian,An electric guitar playing epic riffs while bass and drums are playing in the background.
895,11.034569664477761,0.19790597453252287,0.23582705855369568,5.519247055053711,gaussian,An electric guitar playing epic riffs while bass and drums are playing in the background.
896,14.598002691995715,0.16213782617942604,0.14931654930114746,4.044159770011902,gaussian,"strings, flutes, and harps playing an upbeat piece."
897,13.78609523281064,0.22092167396004436,0.15661759674549103,4.145846366882324,gaussian,"strings, flutes, and harps playing an upbeat piece."
898,14.936367079777192,0.3168695717284434,0.12014932185411453,5.051763534545898,gaussian,"strings, flutes, and harps playing an upbeat piece."
899,20.341882013392972,0.2484622934603605,0.07444757968187332,4.975664854049683,gaussian,"strings, flutes, and harps playing an upbeat piece."
900,14.582515319272964,0.2145821083520238,0.15116730332374573,5.948950529098511,gaussian,A recording of  calm jazz song.
901,14.585672446366454,0.24296244833261543,0.12902027368545532,6.080916881561279,gaussian,A recording of  calm jazz song.
902,15.733546500065552,0.2488201309366143,0.12519127130508423,5.209037780761719,gaussian,A recording of  calm jazz song.
903,13.51345624338073,0.17216422932768244,0.1589980125427246,4.922133207321167,gaussian,A recording of  calm jazz song.
904,10.610657368473584,0.09970521113514029,0.2373780608177185,6.269723653793335,gaussian,An upbeat song with electric guitars and drums playing.
905,11.782260458572665,0.13787919706453663,0.2166384756565094,5.719806909561157,gaussian,An upbeat song with electric guitars and drums playing.
906,13.976489144647351,0.15845173602484336,0.15155376493930817,5.395935297012329,gaussian,An upbeat song with electric guitars and drums playing.
907,12.257863804233018,0.2468236516138028,0.20016038417816162,5.11300253868103,gaussian,An upbeat song with electric guitars and drums playing.
908,19.059262216809117,0.25315905638527086,0.08156047761440277,4.589046239852905,gaussian,"A cool 80s rock song of a man singing while a guitar, bass and drums accompany him."
909,16.94756158255902,0.29991069579993046,0.10908687859773636,4.996712327003479,gaussian,"A cool 80s rock song of a man singing while a guitar, bass and drums accompany him."
910,16.939370016240602,0.2906149941915702,0.10513664036989212,6.104092121124268,gaussian,"A cool 80s rock song of a man singing while a guitar, bass and drums accompany him."
911,15.410745503936736,0.31822397912513045,0.13315632939338684,5.262902736663818,gaussian,"A cool 80s rock song of a man singing while a guitar, bass and drums accompany him."
912,14.63396098971148,0.1578213939666857,0.1415807008743286,5.337643623352051,gaussian,"A country song of a woman singing while a guitar, bass and drums accompany her."
913,10.07152448248114,0.07046597484921725,0.2634822726249695,6.117481470108032,gaussian,"A country song of a woman singing while a guitar, bass and drums accompany her."
914,14.515876116619653,0.220174984424295,0.14119693636894226,3.948259115219116,gaussian,"A country song of a woman singing while a guitar, bass and drums accompany her."
915,11.56378498775817,0.036752254736874636,0.20984606444835663,6.575378179550171,gaussian,"A country song of a woman singing while a guitar, bass and drums accompany her."
916,9.252798035443355,0.08756247952269551,0.3062482476234436,5.436577558517456,gaussian,A recording of an old timey rock song from the seventies.
917,12.159015037235934,0.14933187187982633,0.18808333575725555,4.568677067756653,gaussian,A recording of an old timey rock song from the seventies.
918,14.178226747704866,0.15595816236924614,0.1444869041442871,5.101706504821777,gaussian,A recording of an old timey rock song from the seventies.
919,12.6267967159967,0.33917743218714747,0.16075433790683746,4.08576774597168,gaussian,A recording of an old timey rock song from the seventies.
920,13.382436762663975,0.23958623844300123,0.17016856372356415,5.256449460983276,gaussian,"A saxophone, guitar, bass and drums playing a cool happy song."
921,11.887221975025424,0.23106592991828442,0.19037222862243652,4.7004101276397705,gaussian,"A saxophone, guitar, bass and drums playing a cool happy song."
922,13.615936557617898,0.1783675120187269,0.16482840478420258,4.939076542854309,gaussian,"A saxophone, guitar, bass and drums playing a cool happy song."
923,15.145619708138154,0.17438165211044698,0.1337522268295288,4.859611749649048,gaussian,"A saxophone, guitar, bass and drums playing a cool happy song."
924,13.683470770317015,0.22715467561058103,0.15537898242473602,4.550414085388184,gaussian,A recording of a scary classical music score.
925,15.190115652148915,0.2420689729999657,0.12166185677051544,4.616415500640869,gaussian,A recording of a scary classical music score.
926,18.591419380827237,0.41381103483623566,0.07398001104593277,3.6993478536605835,gaussian,A recording of a scary classical music score.
927,13.247152492505876,0.16083732250543367,0.16709443926811218,5.121494174003601,gaussian,A recording of a scary classical music score.
928,11.609962584024636,0.12452624082613951,0.2190249264240265,6.3118896484375,gaussian,"A man is singing in high pitched voice while a guitar, bass and drums are accompanying him in an angry metal song."
929,15.304967416327603,0.26674522582688603,0.1360308974981308,4.850879788398743,gaussian,"A man is singing in high pitched voice while a guitar, bass and drums are accompanying him in an angry metal song."
930,12.972605289352813,0.20694878674313402,0.1596454381942749,5.000027656555176,gaussian,"A man is singing in high pitched voice while a guitar, bass and drums are accompanying him in an angry metal song."
931,13.337277825735473,0.2088914376546738,0.16995234787464142,6.544316530227661,gaussian,"A man is singing in high pitched voice while a guitar, bass and drums are accompanying him in an angry metal song."
932,9.954237241301751,0.09010443935726804,0.26587212085723877,5.00204062461853,gaussian,A recording of Hindu instruments playing.
933,15.477141550154299,0.09953686772329391,0.13426421582698822,6.315415859222412,gaussian,A recording of Hindu instruments playing.
934,15.56299453648947,0.1668933322683723,0.1216176450252533,5.013181686401367,gaussian,A recording of Hindu instruments playing.
935,16.34850943603733,0.19407996608703193,0.11607303470373154,5.803850412368774,gaussian,A recording of Hindu instruments playing.
936,16.015108220239252,0.41576112639766816,0.10415258258581161,5.646427154541016,gaussian,A recording of an old metal song.
937,13.825025767214356,0.2093648455393769,0.16146355867385864,6.338482856750488,gaussian,A recording of an old metal song.
938,12.503184004031102,0.17436418724557043,0.1764836460351944,5.966694116592407,gaussian,A recording of an old metal song.
939,17.533243055131486,0.4874253190898167,0.0861893743276596,4.335767507553101,gaussian,A recording of an old metal song.
940,14.86335524785402,0.2442691400264483,0.14365078508853912,5.516824245452881,gaussian,A recording of an old country song.
941,15.350923216553934,0.24270315302111198,0.12596894800662994,6.43602442741394,gaussian,A recording of an old country song.
942,13.734581976335951,0.19038902115424355,0.16375668346881866,6.3560099601745605,gaussian,A recording of an old country song.
943,16.68832461613079,0.31338764154647025,0.11004333943128586,6.419530153274536,gaussian,A recording of an old country song.
944,20.589372935004114,0.2590927210396624,0.07189930975437164,4.84447169303894,gaussian,A high quality recording of a rock band accompaniment.
945,13.696213039181666,0.14348862208382268,0.16679896414279938,6.832544565200806,gaussian,A high quality recording of a rock band accompaniment.
946,13.173653558092562,0.2183886277668365,0.18766263127326965,6.686709642410278,gaussian,A high quality recording of a rock band accompaniment.
947,14.211820504840752,0.211548785672605,0.1474994421005249,6.4283740520477295,gaussian,A high quality recording of a rock band accompaniment.
948,15.044096818837609,0.17799338110393814,0.14239217340946198,6.30022406578064,gaussian,A high quality recording of violins and a trumpet playing.
949,17.445547046761504,0.2736413780141889,0.10259636491537094,5.2126545906066895,gaussian,A high quality recording of violins and a trumpet playing.
950,14.95954449666634,0.10465901633198832,0.13972793519496918,5.415278911590576,gaussian,A high quality recording of violins and a trumpet playing.
951,15.847928973448631,0.2303758261731198,0.1265387386083603,5.3093554973602295,gaussian,A high quality recording of violins and a trumpet playing.
952,11.438160154369186,0.06302176844188108,0.22298075258731842,6.131319284439087,gaussian,A woman vocalizing playing alongside a trumpet a happy upbeat melody.
953,15.43564079957079,0.1961318296764041,0.13548630475997925,5.573242425918579,gaussian,A woman vocalizing playing alongside a trumpet a happy upbeat melody.
954,13.973566101742467,0.13300828015598848,0.16114743053913116,5.989185810089111,gaussian,A woman vocalizing playing alongside a trumpet a happy upbeat melody.
955,14.19276982338053,0.08788822818285764,0.15725797414779663,6.528125762939453,gaussian,A woman vocalizing playing alongside a trumpet a happy upbeat melody.
956,17.09416031389963,0.2766098410941227,0.10643839091062546,5.4089343547821045,gaussian,"A rock song with a guitar, piano, bass and drums playing."
957,16.908071047081293,0.26754611826110875,0.11136332899332047,4.5310986042022705,gaussian,"A rock song with a guitar, piano, bass and drums playing."
958,13.35550849712985,0.1894827070507453,0.1680530160665512,6.327080726623535,gaussian,"A rock song with a guitar, piano, bass and drums playing."
959,16.605614990359157,0.278316784559071,0.1131354346871376,4.9289867877960205,gaussian,"A rock song with a guitar, piano, bass and drums playing."
960,9.134109622082828,0.1824797804485884,0.2832992374897003,4.652486443519592,gaussian,"A recording of a sneaky, quiet and dramatic metal song, that turns loud in the middle then turns quite again."
961,13.903217144238468,0.3076990412673835,0.1367466300725937,5.3120105266571045,gaussian,"A recording of a sneaky, quiet and dramatic metal song, that turns loud in the middle then turns quite again."
962,16.175133174447712,0.34020130890729416,0.11042141169309616,6.039565324783325,gaussian,"A recording of a sneaky, quiet and dramatic metal song, that turns loud in the middle then turns quite again."
963,12.796161808443479,0.24733605164027606,0.16785375773906708,4.794212818145752,gaussian,"A recording of a sneaky, quiet and dramatic metal song, that turns loud in the middle then turns quite again."
964,15.632751943775581,0.20072281104652653,0.1291607916355133,4.156522989273071,gaussian,A rock band playing alongside a trumpet a happy upbeat melody.
965,13.452791176438714,0.1619803538402984,0.15348587930202484,5.32422947883606,gaussian,A rock band playing alongside a trumpet a happy upbeat melody.
966,15.223998235401071,0.2129660341841169,0.1336068958044052,6.0235676765441895,gaussian,A rock band playing alongside a trumpet a happy upbeat melody.
967,12.539583428290246,0.15782971846353966,0.18034128844738007,5.649383783340454,gaussian,A rock band playing alongside a trumpet a happy upbeat melody.
968,13.339927981220534,0.19812608850062324,0.17123423516750336,5.9380128383636475,gaussian,A high quality recording of an epic piano hard rock solo with a rock band accompaniment.
969,14.742169393825666,0.2759963630002861,0.1277443915605545,5.589884042739868,gaussian,A high quality recording of an epic piano hard rock solo with a rock band accompaniment.
970,14.952154144516616,0.22940561613726987,0.13912850618362427,5.745921611785889,gaussian,A high quality recording of an epic piano hard rock solo with a rock band accompaniment.
971,17.412381108816255,0.2641439868806195,0.10256154090166092,4.800853133201599,gaussian,A high quality recording of an epic piano hard rock solo with a rock band accompaniment.
972,13.47331747588337,0.13063898604217689,0.17336209118366241,6.840446472167969,gaussian,A recording of a cool calm arcade game soundtrack.
973,10.833759464036737,0.03960901292763124,0.23964503407478333,6.825379133224487,gaussian,A recording of a cool calm arcade game soundtrack.
974,19.578115991716395,0.28515487996611644,0.07416156679391861,4.051592826843262,gaussian,A recording of a cool calm arcade game soundtrack.
975,12.58787464442687,0.12557664454984283,0.18327519297599792,5.204261779785156,gaussian,A recording of a cool calm arcade game soundtrack.
976,18.952505640885068,0.2810181967233483,0.0833817794919014,5.648981094360352,gaussian,"a saxophone, trumpet, guitar, bass and drums playing."
977,15.233211703685907,0.27296087615318326,0.1336975246667862,4.485790967941284,gaussian,"a saxophone, trumpet, guitar, bass and drums playing."
978,11.848427917099153,0.11961285140686276,0.200548455119133,5.084622383117676,gaussian,"a saxophone, trumpet, guitar, bass and drums playing."
979,12.12675461588271,0.16011834911995831,0.2053525298833847,6.114116668701172,gaussian,"a saxophone, trumpet, guitar, bass and drums playing."
980,12.416987488316364,0.12916190422622184,0.19559209048748016,5.9567742347717285,gaussian,A recording of a cool mysterious rock song.
981,14.704395148185236,0.21278058598659938,0.1514780968427658,5.373973369598389,gaussian,A recording of a cool mysterious rock song.
982,13.80706571985952,0.23319335764426918,0.15932223200798035,4.907779574394226,gaussian,A recording of a cool mysterious rock song.
983,13.793344457715975,0.14945523594588678,0.1717059165239334,6.272716760635376,gaussian,A recording of a cool mysterious rock song.
984,12.707058931470229,0.19054562929376492,0.19199830293655396,5.221365928649902,gaussian,A recording of calm happy jazz music.
985,18.25778118179249,0.2995325581982526,0.092304527759552,4.620548486709595,gaussian,A recording of calm happy jazz music.
986,15.653118871871119,0.24373917279027982,0.13471344113349915,4.88841438293457,gaussian,A recording of calm happy jazz music.
987,15.398130340021208,0.22019387660655582,0.12691520154476166,4.943676233291626,gaussian,A recording of calm happy jazz music.
988,10.975400493053844,0.15119620020484428,0.23035825788974762,6.009167194366455,gaussian,An orchestra playing classical music. You can hear flutes and a piano.
989,11.68008170362654,0.2409798962664415,0.20217552781105042,6.556863069534302,gaussian,An orchestra playing classical music. You can hear flutes and a piano.
990,9.268935468881091,0.0999575525813411,0.3078059256076813,5.59877347946167,gaussian,An orchestra playing classical music. You can hear flutes and a piano.
991,16.117492705326356,0.2601441537029679,0.12172633409500122,4.975219130516052,gaussian,An orchestra playing classical music. You can hear flutes and a piano.
992,12.993800321526194,0.16609963241417658,0.18524062633514404,4.933057069778442,gaussian,A high quality recording of flutes playing a wedding song.
993,16.908865255316435,0.2832413169292216,0.10306107997894287,4.578691482543945,gaussian,A high quality recording of flutes playing a wedding song.
994,16.36900418012342,0.18545005864873845,0.11253555119037628,5.932555198669434,gaussian,A high quality recording of flutes playing a wedding song.
995,14.903084222982024,0.18535988638520806,0.13611960411071777,4.927687644958496,gaussian,A high quality recording of flutes playing a wedding song.
996,10.308255772516151,0.15263849469084137,0.23884661495685577,6.047871112823486,gaussian,A high quality recording of a piano and violins playing a happy and emotional  piece.
997,15.818693118582921,0.2178076601033738,0.1167163997888565,6.130516052246094,gaussian,A high quality recording of a piano and violins playing a happy and emotional  piece.
998,12.006989048657319,0.11805317705038464,0.20509234070777893,5.318692445755005,gaussian,A high quality recording of a piano and violins playing a happy and emotional  piece.
999,16.478926416945356,0.20765523740335953,0.11177141964435577,4.760261058807373,gaussian,A high quality recording of a piano and violins playing a happy and emotional  piece.
1000,15.049864992751878,0.23140509755147332,0.1416163444519043,4.291895866394043,gaussian,"A saxophone playing a quiet jazz melody, with an accompaniment of bass and drums."
1001,15.17495874910562,0.18067834787872591,0.12772101163864136,5.637142658233643,gaussian,"A saxophone playing a quiet jazz melody, with an accompaniment of bass and drums."
1002,13.209640931750418,0.27347713207954955,0.17257928848266602,5.129099130630493,gaussian,"A saxophone playing a quiet jazz melody, with an accompaniment of bass and drums."
1003,15.128395123114089,0.30358042857553685,0.11319988965988159,3.6762471199035645,gaussian,"A saxophone playing a quiet jazz melody, with an accompaniment of bass and drums."
1004,15.189614684412952,0.27068583366794347,0.13317783176898956,3.961542010307312,gaussian,"Chinese flutes, Chinese wind instruments and Chinese strings playing a dramatic Chinese music piece."
1005,15.20089506440077,0.25478952148832523,0.12938310205936432,3.1243845224380493,gaussian,"Chinese flutes, Chinese wind instruments and Chinese strings playing a dramatic Chinese music piece."
1006,16.74542269682641,0.2906723414658179,0.10779520124197006,4.187928080558777,gaussian,"Chinese flutes, Chinese wind instruments and Chinese strings playing a dramatic Chinese music piece."
1007,14.472443016423739,0.21029684454234981,0.14461258053779602,5.268187761306763,gaussian,"Chinese flutes, Chinese wind instruments and Chinese strings playing a dramatic Chinese music piece."
1008,14.637919348348461,0.27938675600863844,0.1451144516468048,5.177994251251221,gaussian,"A high quality recording of guitars, flutes and drums playing."
1009,15.085242794147389,0.19115310712133227,0.13690674304962158,5.9844560623168945,gaussian,"A high quality recording of guitars, flutes and drums playing."
1010,15.669645708126414,0.1823870864110711,0.12449701130390167,4.314387321472168,gaussian,"A high quality recording of guitars, flutes and drums playing."
1011,15.969995894731138,0.27705274227567567,0.12171325087547302,4.360531568527222,gaussian,"A high quality recording of guitars, flutes and drums playing."
1012,12.189308010428572,0.2563453093663243,0.174349844455719,4.060532569885254,gaussian,A string section playing a happy calm song.
1013,12.518138424361858,0.1208772260854321,0.18512147665023804,5.673310279846191,gaussian,A string section playing a happy calm song.
1014,14.056846755817546,0.1295155382867107,0.1498541682958603,3.700345993041992,gaussian,A string section playing a happy calm song.
1015,12.065226827860226,0.15482647765930896,0.18732129037380219,5.185596227645874,gaussian,A string section playing a happy calm song.
1016,17.052710251989843,0.27033382261727906,0.1024765744805336,2.992560386657715,gaussian,A high quality recording of a man singing while and orchestra accompany him.
1017,15.629398817074552,0.23674517168952888,0.1330287754535675,4.870273113250732,gaussian,A high quality recording of a man singing while and orchestra accompany him.
1018,13.108094455277204,0.14887637575898513,0.1850106418132782,5.946235656738281,gaussian,A high quality recording of a man singing while and orchestra accompany him.
1019,14.13320544925373,0.22900162721239342,0.15128953754901886,4.902741074562073,gaussian,A high quality recording of a man singing while and orchestra accompany him.
1020,15.511095963330035,0.2207402193517457,0.12649455666542053,5.438269376754761,gaussian,"A guitar playing a quiet harsh techno melody while an electric keyboard, bass and drums play in the background."
1021,15.221611482300526,0.299572619219526,0.11888020485639572,4.754434108734131,gaussian,"A guitar playing a quiet harsh techno melody while an electric keyboard, bass and drums play in the background."
1022,12.511965857087022,0.14002131584706662,0.19504502415657043,6.717174530029297,gaussian,"A guitar playing a quiet harsh techno melody while an electric keyboard, bass and drums play in the background."
1023,13.587161818577878,0.19443703254561165,0.17014138400554657,4.738236665725708,gaussian,"A guitar playing a quiet harsh techno melody while an electric keyboard, bass and drums play in the background."
0,30.025720561820254,0.9072107614984526,0.022841230034828186,1.1202107667922974,ddim,A high quality recording of an epic violin solo with an orchestra accompaniment.
1,32.77903924517694,0.9471897668784071,0.015438775531947613,0.4113873839378357,ddim,A high quality recording of an epic violin solo with an orchestra accompaniment.
2,33.966722584931645,0.9672430053851651,0.010618333704769611,0.7505749762058258,ddim,A high quality recording of an epic violin solo with an orchestra accompaniment.
3,32.40690300968446,0.932411400431819,0.0172912385314703,0.6863788515329361,ddim,A high quality recording of an epic violin solo with an orchestra accompaniment.
4,32.997557390446616,0.9074186541913896,0.01598769798874855,0.9863358736038208,ddim,A recording of a happy upbeat song in an orchestral style.
5,30.569072539963358,0.9202495641751439,0.018384356051683426,1.1656109690666199,ddim,A recording of a happy upbeat song in an orchestral style.
6,33.56264470782746,0.9151844780953458,0.01388227753341198,0.46325969602912664,ddim,A recording of a happy upbeat song in an orchestral style.
7,31.792143518612214,0.9275557171919383,0.01846308819949627,0.8580203354358673,ddim,A recording of a happy upbeat song in an orchestral style.
8,32.35911672127277,0.9529629267035644,0.016030479222536087,0.5842048227787018,ddim,Strings playing a scary classical music melody with flutes and drums accompaniment in the background.
9,32.465423792100296,0.9108909243973738,0.0172736793756485,0.68143729865551,ddim,Strings playing a scary classical music melody with flutes and drums accompaniment in the background.
10,33.77886591381318,0.9245984679334261,0.012234644964337349,0.4678555205464363,ddim,Strings playing a scary classical music melody with flutes and drums accompaniment in the background.
11,33.56082192116408,0.9079066458951054,0.013355975039303303,1.222923755645752,ddim,Strings playing a scary classical music melody with flutes and drums accompaniment in the background.
12,22.401549652742663,0.568658581785143,0.06037931144237518,3.3673595190048218,ddim,A recording of an upbeat Arabic song.
13,32.44378993681892,0.912751090775493,0.01684114895761013,0.7046309411525726,ddim,A recording of an upbeat Arabic song.
14,28.23732002852661,0.8787408905749634,0.029275232926011086,1.0168126821517944,ddim,A recording of an upbeat Arabic song.
15,41.44140706874471,0.9797272747817278,0.0015410550404340029,0.39257827773690224,ddim,A recording of an upbeat Arabic song.
16,32.263741269416016,0.9352766176925501,0.01686941646039486,0.5333776921033859,ddim,"A banjo playing a funky country melody, with an accompaniment of a violin, bass and drums."
17,34.50845683652459,0.9504373536745528,0.013817919418215752,0.5407426357269287,ddim,"A banjo playing a funky country melody, with an accompaniment of a violin, bass and drums."
18,31.29160864786266,0.9280993307781703,0.020043671131134033,0.5978279411792755,ddim,"A banjo playing a funky country melody, with an accompaniment of a violin, bass and drums."
19,30.679964635534695,0.9215856785394427,0.021048909053206444,0.6008665859699249,ddim,"A banjo playing a funky country melody, with an accompaniment of a violin, bass and drums."
20,31.165121933245686,0.7489486062322823,0.02022770792245865,1.1030389070510864,ddim,A recording of a quiet metal song.
21,35.155009422489826,0.9588569743885075,0.007742428220808506,0.44680890440940857,ddim,A recording of a quiet metal song.
22,31.691524329962984,0.9250577611452041,0.018788065761327744,0.6265395879745483,ddim,A recording of a quiet metal song.
23,34.005305244879665,0.9516164323936982,0.012427163310348988,0.6028381586074829,ddim,A recording of a quiet metal song.
24,31.7542905869685,0.9008174960156301,0.018959982320666313,1.0002907812595367,ddim,A string section playing classical music.
25,29.77412054976522,0.824609103237586,0.02273147739470005,1.3378042578697205,ddim,A string section playing classical music.
26,27.97899757878796,0.8797111863769388,0.028729364275932312,1.152159184217453,ddim,A string section playing classical music.
27,20.235800985085525,0.44919019769238977,0.0760236382484436,3.368512749671936,ddim,A string section playing classical music.
28,30.337544488324394,0.8912595037727892,0.018821854144334793,0.9058452248573303,ddim,"A recording of a sneaky, quiet and scary techno song, that turns loud in the middle then turns quite again."
29,30.207728141225406,0.9072157828579782,0.019392425194382668,0.9952840805053711,ddim,"A recording of a sneaky, quiet and scary techno song, that turns loud in the middle then turns quite again."
30,27.156912280840363,0.8996535634632054,0.020583348348736763,1.7658422589302063,ddim,"A recording of a sneaky, quiet and scary techno song, that turns loud in the middle then turns quite again."
31,36.36571279047912,0.9397677110075909,0.008385034278035164,0.489985391497612,ddim,"A recording of a sneaky, quiet and scary techno song, that turns loud in the middle then turns quite again."
32,19.208410060310108,0.48217487461675446,0.07073386758565903,3.1879650354385376,ddim,A recording of a happy upbeat rock song.
33,23.91854648533964,0.6777103973295474,0.048849791288375854,1.77719384431839,ddim,A recording of a happy upbeat rock song.
34,30.026368595709663,0.901009151274624,0.017429400235414505,0.5102784782648087,ddim,A recording of a happy upbeat rock song.
35,30.40977718195855,0.9192132771843368,0.020877355709671974,0.8473509550094604,ddim,A recording of a happy upbeat rock song.
36,31.91726288536234,0.8804695642013939,0.01848745159804821,0.9240174442529678,ddim,"A woman is singing a country song with a guitar, bass and drums playing in the background."
37,28.44093145732395,0.9080718472508965,0.02733408287167549,0.987995982170105,ddim,"A woman is singing a country song with a guitar, bass and drums playing in the background."
38,31.97625383275893,0.9163230415749304,0.01707216165959835,0.7449187934398651,ddim,"A woman is singing a country song with a guitar, bass and drums playing in the background."
39,19.782971563991154,0.5078080338011882,0.07672165334224701,2.358508199453354,ddim,"A woman is singing a country song with a guitar, bass and drums playing in the background."
40,29.541917391045466,0.902472265527388,0.023309238255023956,0.8163962811231613,ddim,A high quality recording of a violin playing a melody while another violin and drums are playing in the background.
41,29.725711378963553,0.8982062917564605,0.02306314744055271,1.8031381368637085,ddim,A high quality recording of a violin playing a melody while another violin and drums are playing in the background.
42,32.37812450822601,0.9195041718892591,0.017061425372958183,0.5460796067491174,ddim,A high quality recording of a violin playing a melody while another violin and drums are playing in the background.
43,27.077573262779104,0.8310426885262119,0.02896380051970482,1.518516480922699,ddim,A high quality recording of a violin playing a melody while another violin and drums are playing in the background.
44,25.21801298104474,0.786119938879388,0.03591582924127579,1.2535768747329712,ddim,"A woman is singing while a guitar, bass and drums playing in the background."
45,29.59665703341387,0.8929968816827414,0.02388107217848301,2.043472468852997,ddim,"A woman is singing while a guitar, bass and drums playing in the background."
46,32.79128067546428,0.9011380902071116,0.017366880550980568,1.3154945373535156,ddim,"A woman is singing while a guitar, bass and drums playing in the background."
47,29.988870716895974,0.8846465206395668,0.022396927699446678,1.0281491875648499,ddim,"A woman is singing while a guitar, bass and drums playing in the background."
48,31.16082004282878,0.8947623234296526,0.020598143339157104,0.8699999451637268,ddim,"A country song with a guitar, piano, bass and drums playing."
49,23.123692961855028,0.8914149221549046,0.02652105502784252,2.1241252422332764,ddim,"A country song with a guitar, piano, bass and drums playing."
50,31.831753958570708,0.9227600168591045,0.018234606832265854,0.7851784825325012,ddim,"A country song with a guitar, piano, bass and drums playing."
51,31.893032835408768,0.9057437215818909,0.017762281000614166,0.8377754092216492,ddim,"A country song with a guitar, piano, bass and drums playing."
52,32.12183828715673,0.9239539932435709,0.01792735420167446,0.7077190279960632,ddim,A recording of a happy upbeat blues song.
53,26.838398396115792,0.8576886727653963,0.030187459662556648,1.5504933595657349,ddim,A recording of a happy upbeat blues song.
54,29.4926513245551,0.8617443690244628,0.024831218644976616,1.6990333199501038,ddim,A recording of a happy upbeat blues song.
55,24.345385258610754,0.7588806454759458,0.036441586911678314,1.9008150100708008,ddim,A recording of a happy upbeat blues song.
56,29.206653141979203,0.9031237805385179,0.02524358406662941,0.9326768219470978,ddim,"A harp playing alongside a piano, bass and drums in an upbeat old-timey cool classical song."
57,33.779112106008114,0.9421034707366811,0.015045746229588985,0.9479126930236816,ddim,"A harp playing alongside a piano, bass and drums in an upbeat old-timey cool classical song."
58,28.56327892134822,0.8771493466621001,0.025178659707307816,1.051405519247055,ddim,"A harp playing alongside a piano, bass and drums in an upbeat old-timey cool classical song."
59,32.444713340693305,0.9402900834788773,0.017017889767885208,0.5413912758231163,ddim,"A harp playing alongside a piano, bass and drums in an upbeat old-timey cool classical song."
60,33.36717893411049,0.8617582515832857,0.015922244638204575,1.442538857460022,ddim,A recording of angry metal music.
61,33.591240725024726,0.8580497771066986,0.01391176413744688,0.8361655473709106,ddim,A recording of angry metal music.
62,27.009643095079248,0.8087596973492926,0.03145092353224754,0.8218612521886826,ddim,A recording of angry metal music.
63,31.880774198798086,0.9233829848193312,0.018784426152706146,0.807083249092102,ddim,A recording of angry metal music.
64,31.029091130735374,0.9076785732254972,0.02083766460418701,0.7598488032817841,ddim,A country song of a woman singing while bass and drums accompany her.
65,28.64012988050859,0.8394418706472716,0.02330796606838703,0.9442648943513632,ddim,A country song of a woman singing while bass and drums accompany her.
66,30.526635426778665,0.8850575310369013,0.021687524393200874,0.6325779408216476,ddim,A country song of a woman singing while bass and drums accompany her.
67,21.793172355450707,0.6478834124676213,0.05525287985801697,2.9701842069625854,ddim,A country song of a woman singing while bass and drums accompany her.
68,29.722253528746194,0.8057729102603286,0.022595863789319992,1.2561155557632446,ddim,"A violin playing while a guitar, bass and drums playing in the background a calm country song."
69,33.07237634493569,0.929956235412687,0.016012221574783325,0.775633692741394,ddim,"A violin playing while a guitar, bass and drums playing in the background a calm country song."
70,22.14046431227271,0.5738962444014075,0.06016439199447632,3.4383628368377686,ddim,"A violin playing while a guitar, bass and drums playing in the background a calm country song."
71,31.75137581930798,0.8943526375297088,0.014582378789782524,0.9273175895214081,ddim,"A violin playing while a guitar, bass and drums playing in the background a calm country song."
72,31.467961953698953,0.8899343525515419,0.01978178508579731,1.1404851078987122,ddim,A recording of an upbeat angry punk song.
73,28.956091698578472,0.8682097653545449,0.025350892916321754,0.7476357817649841,ddim,A recording of an upbeat angry punk song.
74,29.0071506429219,0.874615843830786,0.025182394310832024,1.085958182811737,ddim,A recording of an upbeat angry punk song.
75,27.129301869574036,0.8982729659562153,0.030555469915270805,0.6993021667003632,ddim,A recording of an upbeat angry punk song.
76,30.08572735165785,0.926376784845523,0.02327851578593254,0.5028472766280174,ddim,"A kid is singing while a piano, bass and drums are accompanying him in a happy upbeat rock song."
77,32.91778577635249,0.923860631733384,0.016977854073047638,0.9098168313503265,ddim,"A kid is singing while a piano, bass and drums are accompanying him in a happy upbeat rock song."
78,30.26760604942915,0.8956306948046857,0.02272357977926731,0.7803862392902374,ddim,"A kid is singing while a piano, bass and drums are accompanying him in a happy upbeat rock song."
79,29.507888537422037,0.878529268188434,0.025020498782396317,1.0636865198612213,ddim,"A kid is singing while a piano, bass and drums are accompanying him in a happy upbeat rock song."
80,31.161126154982874,0.8951761745929581,0.019361337646842003,1.8840562105178833,ddim,A strings section playing techno music.
81,33.623511387687834,0.9412638670388365,0.013677433133125305,0.5598115473985672,ddim,A strings section playing techno music.
82,30.30940944595234,0.88003069300505,0.01972472108900547,0.8282108306884766,ddim,A strings section playing techno music.
83,35.028778091370285,0.9317300396733692,0.01235267799347639,0.7552952468395233,ddim,A strings section playing techno music.
84,32.87407315160442,0.9277659332250272,0.016712680459022522,0.7086393237113953,ddim,"A metal song of a man singing while a guitar, bass and drums accompany him."
85,32.13644584078399,0.8896182221292563,0.01651557721197605,1.849679946899414,ddim,"A metal song of a man singing while a guitar, bass and drums accompany him."
86,28.42342895674274,0.8354802294448858,0.029009008780121803,1.0142256617546082,ddim,"A metal song of a man singing while a guitar, bass and drums accompany him."
87,30.697969031198035,0.8486057911718562,0.020417572930455208,0.9494285061955452,ddim,"A metal song of a man singing while a guitar, bass and drums accompany him."
88,29.094932299276707,0.8207969024358014,0.023229841142892838,1.0913984179496765,ddim,A recording of an old rock song from the nineties.
89,31.452726358548855,0.881431254636599,0.01951269805431366,0.9342051446437836,ddim,A recording of an old rock song from the nineties.
90,32.12581150766967,0.9143388179346456,0.014177481643855572,0.5164198279380798,ddim,A recording of an old rock song from the nineties.
91,31.64624505481255,0.918964792273421,0.019154738634824753,0.9801823794841766,ddim,A recording of an old rock song from the nineties.
92,28.275159835887223,0.8962125607272551,0.025644302368164062,0.892907589673996,ddim,A recording of a slow and cool jazz song.
93,29.47209710111779,0.8878800307891845,0.025425901636481285,1.1376017928123474,ddim,A recording of a slow and cool jazz song.
94,30.98909322832227,0.9063223262396394,0.019989144057035446,0.7356194257736206,ddim,A recording of a slow and cool jazz song.
95,22.168108455837384,0.6508028992774739,0.05210823193192482,1.8769842684268951,ddim,A recording of a slow and cool jazz song.
96,28.764308069442,0.8315473195065936,0.027369054034352303,0.8853897452354431,ddim,"A high quality recording of strings, drums and flutes playing."
97,29.638138533958145,0.8680833299377934,0.02417956106364727,1.2302619814872742,ddim,"A high quality recording of strings, drums and flutes playing."
98,31.237028073633418,0.8930351628791531,0.01923813298344612,0.424569271504879,ddim,"A high quality recording of strings, drums and flutes playing."
99,26.099838472395405,0.8530253751288798,0.03640151396393776,1.233174741268158,ddim,"A high quality recording of strings, drums and flutes playing."
100,33.73986446766064,0.9306371843102293,0.014475680887699127,0.5297473967075348,ddim,A recording of a slow cool hip hop song.
101,30.52784901134654,0.8927112352399288,0.022529251873493195,0.9931247234344482,ddim,A recording of a slow cool hip hop song.
102,28.131461639259058,0.8561731157518099,0.028835516422986984,1.0499756336212158,ddim,A recording of a slow cool hip hop song.
103,29.395575027539763,0.8865744353943966,0.025706253945827484,1.0405999422073364,ddim,A recording of a slow cool hip hop song.
104,32.478504168389996,0.9211618732758482,0.01734486222267151,1.0694231986999512,ddim,"Chinese strings, flutes, and harps playing an upbeat piece."
105,32.14581035284826,0.9395838443575234,0.01720251701772213,0.5454323291778564,ddim,"Chinese strings, flutes, and harps playing an upbeat piece."
106,28.06789560354432,0.8390896109125319,0.03013439290225506,1.3203396201133728,ddim,"Chinese strings, flutes, and harps playing an upbeat piece."
107,30.783164309136556,0.9252587581016904,0.017298080027103424,0.6026274412870407,ddim,"Chinese strings, flutes, and harps playing an upbeat piece."
108,33.358379014988955,0.9146635172065922,0.013745631091296673,1.1351457834243774,ddim,A recording of a calm and cool jazz song.
109,18.177730184214347,0.44321736953852625,0.09039327502250671,3.8761675357818604,ddim,A recording of a calm and cool jazz song.
110,24.740963656425805,0.7009285442752943,0.03499909117817879,2.3170167207717896,ddim,A recording of a calm and cool jazz song.
111,20.90243385727103,0.5966344228863631,0.05921115353703499,3.2267491817474365,ddim,A recording of a calm and cool jazz song.
112,28.926644459409996,0.8821996751259138,0.024753401055932045,0.6497640758752823,ddim,A recording of a funky jazz song.
113,32.47194222940155,0.931903571963376,0.01787601225078106,0.5994671285152435,ddim,A recording of a funky jazz song.
114,30.18098443130848,0.886359597179665,0.02222132869064808,0.5853997655212879,ddim,A recording of a funky jazz song.
115,31.642506042745232,0.8996810483882274,0.019619528204202652,1.5874099135398865,ddim,A recording of a funky jazz song.
116,32.920227887196596,0.9434964478258615,0.014337289147078991,0.8676339387893677,ddim,A recording of a classical music piece.
117,31.662547773750482,0.9254706231240403,0.019243264570832253,0.7826730310916901,ddim,A recording of a classical music piece.
118,31.546934589257162,0.9014646871214572,0.01924566552042961,0.7573836743831635,ddim,A recording of a classical music piece.
119,26.390747423992863,0.8413911678367875,0.023441195487976074,2.488106369972229,ddim,A recording of a classical music piece.
120,33.12794620253449,0.9193842150520755,0.01397064607590437,0.6314222812652588,ddim,A high quality recording of an electric guitar playing a cool metal solo with accompaniment.
121,28.264643304331265,0.8704772372617865,0.0245499350130558,2.0260552167892456,ddim,A high quality recording of an electric guitar playing a cool metal solo with accompaniment.
122,32.06544388521493,0.8929561504516754,0.017756493762135506,1.1609801054000854,ddim,A high quality recording of an electric guitar playing a cool metal solo with accompaniment.
123,32.50894313224249,0.9407734342808948,0.015765536576509476,0.6394158005714417,ddim,A high quality recording of an electric guitar playing a cool metal solo with accompaniment.
124,27.676992158879273,0.8115963135824658,0.027177557349205017,0.9598416388034821,ddim,A recording of a happy calm Chinese song.
125,28.294477181752143,0.8859903003903291,0.023333154618740082,1.0263521373271942,ddim,A recording of a happy calm Chinese song.
126,17.5137972649054,0.25963486117153195,0.1022862046957016,4.566276788711548,ddim,A recording of a happy calm Chinese song.
127,22.971106514891822,0.6168349898196812,0.04455924779176712,2.9277011156082153,ddim,A recording of a happy calm Chinese song.
128,31.316790805267875,0.895369418300953,0.017633339390158653,0.5831775083206594,ddim,A recording of a funky arcade game soundtrack.
129,30.71247731603624,0.9057108555377057,0.02001972869038582,0.6740411706268787,ddim,A recording of a funky arcade game soundtrack.
130,28.526904388593618,0.926145909149673,0.02431267313659191,0.5913942456245422,ddim,A recording of a funky arcade game soundtrack.
131,25.375179492025744,0.8151138795486412,0.03378439322113991,1.3440784215927124,ddim,A recording of a funky arcade game soundtrack.
132,30.760693273980575,0.9297080381061243,0.021077560260891914,0.762977808713913,ddim,A recording of a calm arcade game soundtrack.
133,31.559120115984356,0.9021906530428719,0.018799396231770515,0.7538786828517914,ddim,A recording of a calm arcade game soundtrack.
134,23.340517539095625,0.7576147386962409,0.04254566505551338,1.4888659119606018,ddim,A recording of a calm arcade game soundtrack.
135,32.75546806673469,0.9107936897756136,0.016152357682585716,0.5371946468949318,ddim,A recording of a calm arcade game soundtrack.
136,31.3207305260161,0.8873057412912511,0.019724668934941292,0.8604638278484344,ddim,"A jazz song with 2 trumpets, piano, bass and drums playing."
137,31.2888696726132,0.914387168836354,0.019779788330197334,0.6853285133838654,ddim,"A jazz song with 2 trumpets, piano, bass and drums playing."
138,30.362911046115574,0.9094134526259422,0.020531831309199333,0.6472126506268978,ddim,"A jazz song with 2 trumpets, piano, bass and drums playing."
139,32.840515234231454,0.9213586213381219,0.01574290543794632,0.8354256451129913,ddim,"A jazz song with 2 trumpets, piano, bass and drums playing."
140,31.02075492242929,0.9498680587052838,0.01748611219227314,0.6631313264369965,ddim,"A recording of a sneaky, quiet and dramatic Chinese music piece, that turns loud in the middle then turns quite again."
141,33.23133169901782,0.9419527808749434,0.012806643731892109,0.8077645599842072,ddim,"A recording of a sneaky, quiet and dramatic Chinese music piece, that turns loud in the middle then turns quite again."
142,31.863615334224463,0.9101258629636706,0.014550304971635342,2.1136016845703125,ddim,"A recording of a sneaky, quiet and dramatic Chinese music piece, that turns loud in the middle then turns quite again."
143,28.934927593866306,0.877861264767214,0.021198417991399765,0.711387112736702,ddim,"A recording of a sneaky, quiet and dramatic Chinese music piece, that turns loud in the middle then turns quite again."
144,30.310641271519142,0.9086009400749389,0.022563224658370018,0.8497643172740936,ddim,"A woman is singing while a guitar, bass and drums playing in the background a calm country song."
145,26.854110941102086,0.8526163234780239,0.03208168223500252,0.9003584980964661,ddim,"A woman is singing while a guitar, bass and drums playing in the background a calm country song."
146,32.67074331661718,0.8985478692648833,0.017575599253177643,1.0439251959323883,ddim,"A woman is singing while a guitar, bass and drums playing in the background a calm country song."
147,31.143433112307616,0.9289682277938492,0.020008837804198265,1.244774878025055,ddim,"A woman is singing while a guitar, bass and drums playing in the background a calm country song."
148,31.461944768482212,0.9276863026664273,0.01896892860531807,1.0038030743598938,ddim,"A cool 70s rock song of a man singing while a guitar, bass and drums accompany him."
149,19.635121324067626,0.48592309895198155,0.07102718949317932,2.3363570123910904,ddim,"A cool 70s rock song of a man singing while a guitar, bass and drums accompany him."
150,28.611731515523,0.8956311054255431,0.021893583238124847,0.7375937104225159,ddim,"A cool 70s rock song of a man singing while a guitar, bass and drums accompany him."
151,31.09166983303377,0.877974876550739,0.020717743784189224,0.8468779623508453,ddim,"A cool 70s rock song of a man singing while a guitar, bass and drums accompany him."
152,29.49154977433861,0.8516737263004829,0.02271583490073681,1.1668570935726166,ddim,"A high quality recording of a saxophone playing, and a guitar, bass and drums playing."
153,32.88420889546535,0.920752081762224,0.01352607924491167,0.4741276055574417,ddim,"A high quality recording of a saxophone playing, and a guitar, bass and drums playing."
154,31.829510743317147,0.9077384489544382,0.019157649949193,1.0143196880817413,ddim,"A high quality recording of a saxophone playing, and a guitar, bass and drums playing."
155,30.082442941226375,0.9033447771900862,0.020771807059645653,1.2637640237808228,ddim,"A high quality recording of a saxophone playing, and a guitar, bass and drums playing."
156,33.29539231901873,0.9219817343536794,0.015020768158137798,0.5011215358972549,ddim,A recording of a cool jazz song.
157,30.852544876489763,0.9088041499361662,0.01921689696609974,0.960984855890274,ddim,A recording of a cool jazz song.
158,21.3774996556988,0.6079875611616506,0.0642944723367691,3.478548765182495,ddim,A recording of a cool jazz song.
159,30.221296758592207,0.894500433015788,0.021872807294130325,0.8445242047309875,ddim,A recording of a cool jazz song.
160,29.011113799078544,0.9024531976625503,0.025745339691638947,0.9605711698532104,ddim,A recording of an old rock song.
161,29.649789376659747,0.8577965805569757,0.022395944222807884,1.0477215647697449,ddim,A recording of an old rock song.
162,32.793358212875205,0.909671727765569,0.016957111656665802,0.8673443496227264,ddim,A recording of an old rock song.
163,28.96259564265463,0.8694340760948597,0.02384021133184433,0.679685577750206,ddim,A recording of an old rock song.
164,31.522900834650535,0.9182135747507114,0.02042389288544655,0.7821442484855652,ddim,A recording of a death metal song.
165,30.44957094668309,0.8460605252238826,0.020946349948644638,0.9372215270996094,ddim,A recording of a death metal song.
166,28.588669729857678,0.8622265508070813,0.029181363061070442,1.3332574367523193,ddim,A recording of a death metal song.
167,16.910723713425096,0.5741792117918083,0.07661334425210953,3.6168793439865112,ddim,A recording of a death metal song.
168,25.508296047619403,0.7572517846671941,0.03882884234189987,2.2887033224105835,ddim,A high quality recording of a rock band playing a happy song.
169,27.895138159007765,0.831361707944208,0.029905173927545547,0.7842039614915848,ddim,A high quality recording of a rock band playing a happy song.
170,31.425177764849813,0.885861000988269,0.020065411925315857,1.1941654980182648,ddim,A high quality recording of a rock band playing a happy song.
171,31.242593857161125,0.8790417501685032,0.019985085353255272,0.7848874926567078,ddim,A high quality recording of a rock band playing a happy song.
172,29.988190200871173,0.9179505058321047,0.02232436276972294,0.7762522995471954,ddim,A recording of an old upbeat cool arcade game soundtrack.
173,30.938124802208954,0.9033232661030902,0.020616671070456505,0.8657122850418091,ddim,A recording of an old upbeat cool arcade game soundtrack.
174,31.762321733284406,0.9372028410840109,0.018945379182696342,0.7330165803432465,ddim,A recording of an old upbeat cool arcade game soundtrack.
175,31.769153464298725,0.8455453581820845,0.018358798697590828,1.0004236698150635,ddim,A recording of an old upbeat cool arcade game soundtrack.
176,30.57396610541115,0.9139895539936547,0.020639322698116302,0.7050100564956665,ddim,A recording of a happy upbeat song in a retro arcade game soundtrack style.
177,31.766091108010592,0.9093550412823176,0.01871907152235508,1.0718762874603271,ddim,A recording of a happy upbeat song in a retro arcade game soundtrack style.
178,31.963825675210124,0.8862849512649047,0.01827135495841503,0.8067412376403809,ddim,A recording of a happy upbeat song in a retro arcade game soundtrack style.
179,18.857113246125124,0.6828237358496418,0.07445737719535828,1.854979395866394,ddim,A recording of a happy upbeat song in a retro arcade game soundtrack style.
180,34.416297477321166,0.9385587218763499,0.0130498968064785,0.7802998423576355,ddim,"A high quality recording of a trumpet, saxophone, electric keyboard, bass and drums playing."
181,22.072265933065218,0.7956084508400264,0.04131756350398064,1.3077993392944336,ddim,"A high quality recording of a trumpet, saxophone, electric keyboard, bass and drums playing."
182,20.21684930501003,0.5202767909323296,0.06277627497911453,2.0658744424581528,ddim,"A high quality recording of a trumpet, saxophone, electric keyboard, bass and drums playing."
183,32.050378155816205,0.8976145572756393,0.01500303391367197,2.0287232995033264,ddim,"A high quality recording of a trumpet, saxophone, electric keyboard, bass and drums playing."
184,30.347765305773468,0.9063665944540021,0.022097144275903702,0.7064235657453537,ddim,"A trumpet and a guitar playing a cool jazz melody, with an accompaniment of a piano, bass and drums."
185,26.482059974013904,0.7860208876174087,0.035617973655462265,1.541277140378952,ddim,"A trumpet and a guitar playing a cool jazz melody, with an accompaniment of a piano, bass and drums."
186,29.4193003272489,0.9008792780072614,0.021678272634744644,0.9522686898708344,ddim,"A trumpet and a guitar playing a cool jazz melody, with an accompaniment of a piano, bass and drums."
187,32.73010873456275,0.9375391485096264,0.015285574831068516,0.4651172161102295,ddim,"A trumpet and a guitar playing a cool jazz melody, with an accompaniment of a piano, bass and drums."
188,19.838468587033958,0.5356027274901629,0.07659249007701874,4.012415647506714,ddim,A recording of a Arabic song.
189,30.11941340659898,0.9063374327849116,0.0234121922403574,0.9642281830310822,ddim,A recording of a Arabic song.
190,23.69860116070294,0.615786476483425,0.046402763575315475,2.478274941444397,ddim,A recording of a Arabic song.
191,28.66635985359165,0.8660295340476855,0.027566689997911453,0.8901669681072235,ddim,A recording of a Arabic song.
192,30.945804101629957,0.8684597991186634,0.020307082682847977,1.1025409400463104,ddim,A high quality recording of an epic guitar country solo with a country band accompaniment.
193,30.907046497416548,0.9025242999609184,0.018813274800777435,0.5260488241910934,ddim,A high quality recording of an epic guitar country solo with a country band accompaniment.
194,32.77115235427993,0.9203733557517949,0.01623152568936348,0.9450263381004333,ddim,A high quality recording of an epic guitar country solo with a country band accompaniment.
195,31.168035575935164,0.9007662974882841,0.01984773576259613,0.8328957557678223,ddim,A high quality recording of an epic guitar country solo with a country band accompaniment.
196,31.440677370011535,0.914073090107953,0.019089816138148308,0.5531520396471024,ddim,"An electric guitar playing epic riffs while a piano, bass and drums are playing in the background."
197,29.92699943531603,0.8613558000290427,0.022004486992955208,1.0362087786197662,ddim,"An electric guitar playing epic riffs while a piano, bass and drums are playing in the background."
198,32.199600107263514,0.875442272249036,0.016141381114721298,0.8730496764183044,ddim,"An electric guitar playing epic riffs while a piano, bass and drums are playing in the background."
199,33.23834611966848,0.9294254675386188,0.015524194575846195,0.5372659377753735,ddim,"An electric guitar playing epic riffs while a piano, bass and drums are playing in the background."
200,33.19994825760537,0.917571446356875,0.015262473374605179,0.70250004529953,ddim,A recording of an upbeat angry movie soundtrack.
201,33.456431689309554,0.929766439097813,0.009379253722727299,0.5193525794893503,ddim,A recording of an upbeat angry movie soundtrack.
202,29.759130980020867,0.8445357494131529,0.022573277354240417,0.8582772016525269,ddim,A recording of an upbeat angry movie soundtrack.
203,31.873990082433213,0.9058614234849126,0.01800977997481823,0.8011139333248138,ddim,A recording of an upbeat angry movie soundtrack.
204,29.39317283553976,0.8269116188026706,0.023818453773856163,1.246256411075592,ddim,A recording of a sneaky arcade game soundtrack.
205,27.19930657030536,0.8193913574514441,0.03216565027832985,1.3095847964286804,ddim,A recording of a sneaky arcade game soundtrack.
206,24.8680613753804,0.8098016950120944,0.034283969551324844,1.6168056726455688,ddim,A recording of a sneaky arcade game soundtrack.
207,30.92816318502507,0.8855668384773523,0.01727857068181038,0.9824977815151215,ddim,A recording of a sneaky arcade game soundtrack.
208,31.237694864775342,0.860809047311894,0.016972921788692474,0.5288698077201843,ddim,A recording of a romantic country song.
209,30.73185022585029,0.9098173944974518,0.021455522626638412,0.6884452104568481,ddim,A recording of a romantic country song.
210,32.91070596612821,0.9364621331535371,0.016384510323405266,0.7308533787727356,ddim,A recording of a romantic country song.
211,20.965160076117108,0.5389023125024558,0.06804917007684708,2.2766777873039246,ddim,A recording of a romantic country song.
212,17.973384718005676,0.3471779844845888,0.09701162576675415,3.994962692260742,ddim,A high quality recording of a metal band playing a happy song.
213,30.16455390852201,0.908945952016254,0.023387130349874496,0.6411572694778442,ddim,A high quality recording of a metal band playing a happy song.
214,26.414343895418195,0.8835445307484783,0.031267404556274414,0.8594003319740295,ddim,A high quality recording of a metal band playing a happy song.
215,31.530776474949384,0.8972660341044606,0.01957973837852478,0.6198451817035675,ddim,A high quality recording of a metal band playing a happy song.
216,26.785421936312567,0.88982812477288,0.0298331119120121,0.9933604449033737,ddim,A high quality recording of a trumpet playing a melody while another trumpet and drums are playing in the background.
217,25.54824366731808,0.811647372355574,0.03696192800998688,1.5153809189796448,ddim,A high quality recording of a trumpet playing a melody while another trumpet and drums are playing in the background.
218,28.153409524567486,0.8562722546701041,0.028174322098493576,1.6845358610153198,ddim,A high quality recording of a trumpet playing a melody while another trumpet and drums are playing in the background.
219,32.38062901775008,0.9104486972959869,0.016873503103852272,0.7598440647125244,ddim,A high quality recording of a trumpet playing a melody while another trumpet and drums are playing in the background.
220,30.90247481097764,0.8480105670330376,0.019389742985367775,0.8660065233707428,ddim,A recording of a slow cool metal song.
221,28.834620319591604,0.9264998825896338,0.026302475482225418,1.1122986376285553,ddim,A recording of a slow cool metal song.
222,29.732998767994133,0.8887766097045323,0.023867709562182426,0.8976727426052094,ddim,A recording of a slow cool metal song.
223,32.79796646736296,0.8999767721955491,0.016590457409620285,0.709293320775032,ddim,A recording of a slow cool metal song.
224,32.46597274926009,0.9304898735109327,0.01741492748260498,0.6505798101425171,ddim,"A jazz song with a guitar, trumpet, piano, bass and drums playing."
225,30.491708238528812,0.9103056219348813,0.021672047674655914,0.4945954829454422,ddim,"A jazz song with a guitar, trumpet, piano, bass and drums playing."
226,28.96478049856772,0.8234827729138593,0.022558048367500305,0.6748942770063877,ddim,"A jazz song with a guitar, trumpet, piano, bass and drums playing."
227,31.65498265337066,0.9215354988095515,0.01768767088651657,0.786605641245842,ddim,"A jazz song with a guitar, trumpet, piano, bass and drums playing."
228,33.37992229910867,0.8957116357521258,0.015060460194945335,0.977430135011673,ddim,"A metal song with an electric guitar, bass and drums playing."
229,32.18866006734142,0.8790978712057593,0.017784200608730316,0.9133846163749695,ddim,"A metal song with an electric guitar, bass and drums playing."
230,30.12877476982661,0.8686952337166907,0.02386971190571785,1.3809484839439392,ddim,"A metal song with an electric guitar, bass and drums playing."
231,33.4517362569658,0.9157879656004836,0.015290007926523685,0.8098516464233398,ddim,"A metal song with an electric guitar, bass and drums playing."
232,32.39688330619225,0.9142835992743301,0.01664559729397297,0.7263674587011337,ddim,A cello playing a melody and then slowly a violin joins and more strings and they play a happy emotional song.
233,30.67157891643685,0.9363586742545182,0.02043510228395462,0.776087611913681,ddim,A cello playing a melody and then slowly a violin joins and more strings and they play a happy emotional song.
234,32.919977958252645,0.9215699441712901,0.014360947534441948,0.5588456392288208,ddim,A cello playing a melody and then slowly a violin joins and more strings and they play a happy emotional song.
235,32.88502663913147,0.9219592632396942,0.015796618536114693,0.6377995312213898,ddim,A cello playing a melody and then slowly a violin joins and more strings and they play a happy emotional song.
236,32.88826240340966,0.9098069752131275,0.017251892015337944,1.1767394244670868,ddim,"A recording of a sneaky, quiet and dramatic arcade game soundtrack, that turns loud in the middle then turns quite again."
237,26.10867058158149,0.8065358206000621,0.02810039184987545,1.618490993976593,ddim,"A recording of a sneaky, quiet and dramatic arcade game soundtrack, that turns loud in the middle then turns quite again."
238,32.55462512225311,0.925649710436965,0.014681093394756317,0.5888287127017975,ddim,"A recording of a sneaky, quiet and dramatic arcade game soundtrack, that turns loud in the middle then turns quite again."
239,25.555374696559724,0.7752727759483342,0.036107681691646576,1.9407579898834229,ddim,"A recording of a sneaky, quiet and dramatic arcade game soundtrack, that turns loud in the middle then turns quite again."
240,32.78855761678364,0.9244024597809398,0.01577197201550007,0.5816630646586418,ddim,A high quality recording of a cello and violins playing a happy and emotional piece.
241,27.412372308868914,0.8772362503163245,0.027670972049236298,0.6883092001080513,ddim,A high quality recording of a cello and violins playing a happy and emotional piece.
242,32.77723594816314,0.9450171398527286,0.013685106299817562,0.4359094053506851,ddim,A high quality recording of a cello and violins playing a happy and emotional piece.
243,31.13462108000458,0.9034632939173338,0.018657149747014046,0.7783633470535278,ddim,A high quality recording of a cello and violins playing a happy and emotional piece.
244,28.46985429581975,0.8963708240545291,0.027725543826818466,1.126004844903946,ddim,"A cool 60s jazz song of a saxophone playing while a guitar, bass and drums accompany him."
245,30.795800142560992,0.9016883844757922,0.02108767256140709,1.2613524794578552,ddim,"A cool 60s jazz song of a saxophone playing while a guitar, bass and drums accompany him."
246,29.142643091285542,0.880511538049013,0.022591186687350273,0.8389231115579605,ddim,"A cool 60s jazz song of a saxophone playing while a guitar, bass and drums accompany him."
247,29.526968057190267,0.8146717218897143,0.023626131936907768,1.9233672618865967,ddim,"A cool 60s jazz song of a saxophone playing while a guitar, bass and drums accompany him."
248,28.8968303268482,0.777436424858727,0.026685647666454315,1.4472443461418152,ddim,"A techno song of a synthesizer playing while an electric guitar, bass and drums are playing in the background."
249,30.116137189773493,0.9062863161246204,0.019971417263150215,0.6542493999004364,ddim,"A techno song of a synthesizer playing while an electric guitar, bass and drums are playing in the background."
250,30.273041766478237,0.8937293264080821,0.02244218811392784,1.0844635963439941,ddim,"A techno song of a synthesizer playing while an electric guitar, bass and drums are playing in the background."
251,31.569033297253526,0.9301176850380755,0.01810329034924507,0.5194101184606552,ddim,"A techno song of a synthesizer playing while an electric guitar, bass and drums are playing in the background."
252,30.032988401461317,0.8939180941254629,0.02316884510219097,0.9732990562915802,ddim,A man singing a melody and then slowly a woman joins and strings and they play a happy emotional song.
253,32.63820384808139,0.9175906984834283,0.01719372719526291,0.9034628570079803,ddim,A man singing a melody and then slowly a woman joins and strings and they play a happy emotional song.
254,27.08266455738069,0.7915771875537073,0.029391858726739883,2.4785085916519165,ddim,A man singing a melody and then slowly a woman joins and strings and they play a happy emotional song.
255,32.1891057573574,0.8914104714606224,0.01793859899044037,0.7692973166704178,ddim,A man singing a melody and then slowly a woman joins and strings and they play a happy emotional song.
256,29.336902776313213,0.9081212154710144,0.02556343749165535,1.022125005722046,ddim,"A clarinet playing a quiet jazz melody, with an accompaniment of bass and drums."
257,24.043571981790265,0.751394768382168,0.04774811863899231,2.128639340400696,ddim,"A clarinet playing a quiet jazz melody, with an accompaniment of bass and drums."
258,31.31086159213833,0.8699680592244973,0.017849965021014214,0.8725143671035767,ddim,"A clarinet playing a quiet jazz melody, with an accompaniment of bass and drums."
259,31.76375878949239,0.9287484115614179,0.018633082509040833,0.7448934018611908,ddim,"A clarinet playing a quiet jazz melody, with an accompaniment of bass and drums."
260,28.724204618586413,0.8809525671388111,0.027275310829281807,1.2040086388587952,ddim,A recording of a happy movie score.
261,31.537260029430634,0.9528930851101739,0.016482995823025703,0.40653929114341736,ddim,A recording of a happy movie score.
262,27.74241653036142,0.8948089300579222,0.027779705822467804,0.5593553259968758,ddim,A recording of a happy movie score.
263,16.260924676479107,0.3147081440676321,0.1063997894525528,3.6825835704803467,ddim,A recording of a happy movie score.
264,31.47862143699928,0.9142647219241086,0.01885833963751793,0.594229206442833,ddim,"A high quality recording of strings, flutes and drums playing."
265,30.180044184123986,0.8984564152323523,0.0234844908118248,1.3361512422561646,ddim,"A high quality recording of strings, flutes and drums playing."
266,34.962297157165,0.9192160351437829,0.010684081353247166,0.5066435784101486,ddim,"A high quality recording of strings, flutes and drums playing."
267,30.242826016327392,0.8771924620083373,0.022515377029776573,1.029054194688797,ddim,"A high quality recording of strings, flutes and drums playing."
268,29.7536278593202,0.9130094746554736,0.020145943388342857,0.5753902792930603,ddim,A high quality recording of an epic saxophone jazz solo with a jazz band accompaniment.
269,19.0171762731001,0.4916191835462666,0.08577761799097061,2.356157585978508,ddim,A high quality recording of an epic saxophone jazz solo with a jazz band accompaniment.
270,31.4328812614375,0.9173992382386692,0.018461277708411217,0.5984818190336227,ddim,A high quality recording of an epic saxophone jazz solo with a jazz band accompaniment.
271,20.13043198745312,0.5479700803326851,0.06951921433210373,3.0105783939361572,ddim,A high quality recording of an epic saxophone jazz solo with a jazz band accompaniment.
272,26.332197494178292,0.8334620747674774,0.03464392200112343,1.1816004812717438,ddim,A high quality recording of wind instruments playing.
273,30.700237396532387,0.9155430903067299,0.020809931680560112,0.9968301355838776,ddim,A high quality recording of wind instruments playing.
274,32.84425691826511,0.9393841759339969,0.01363183930516243,0.3524186983704567,ddim,A high quality recording of wind instruments playing.
275,28.488538585249405,0.7376338409192781,0.02873814105987549,1.411129117012024,ddim,A high quality recording of wind instruments playing.
276,28.173983552596606,0.8234623777611725,0.026507828384637833,0.6630427949130535,ddim,A recording of a dramatic metal song.
277,30.439868137922296,0.7998587652514142,0.02207871526479721,1.3748595416545868,ddim,A recording of a dramatic metal song.
278,29.358669191308856,0.9560183234604792,0.014415182173252106,0.5732963681221008,ddim,A recording of a dramatic metal song.
279,20.576392635391176,0.4946830381922717,0.07153913378715515,3.199746608734131,ddim,A recording of a dramatic metal song.
280,17.175015767574205,0.356974919451657,0.10984180122613907,3.4724058508872986,ddim,"A high quality recording of a saxophone playing and drums, guitar and bass playing a song, and later a trumpet is playing."
281,31.031163930349695,0.9191378371618666,0.021292073652148247,1.014912188053131,ddim,"A high quality recording of a saxophone playing and drums, guitar and bass playing a song, and later a trumpet is playing."
282,34.326484771461416,0.9435834767444411,0.014280370436608791,0.8471918106079102,ddim,"A high quality recording of a saxophone playing and drums, guitar and bass playing a song, and later a trumpet is playing."
283,20.215898460357504,0.5138375366663906,0.07014825195074081,2.347083866596222,ddim,"A high quality recording of a saxophone playing and drums, guitar and bass playing a song, and later a trumpet is playing."
284,18.461983852575912,0.44785562000229995,0.0942680835723877,3.6999937295913696,ddim,Flutes and strings playing a happy calm classical score.
285,32.88113058964189,0.9312061725495139,0.015293407253921032,0.4477514293976128,ddim,Flutes and strings playing a happy calm classical score.
286,27.640374486850853,0.8710845322813032,0.02878069132566452,0.7785029858350754,ddim,Flutes and strings playing a happy calm classical score.
287,33.0919690409336,0.9366095478251238,0.015057342126965523,0.49010688066482544,ddim,Flutes and strings playing a happy calm classical score.
288,33.72887154182048,0.9281079741860052,0.01341226976364851,0.5432198196649551,ddim,"Strings, flutes, and harp playing an upbeat happy piece."
289,25.365291843078328,0.7325976115415295,0.03745691478252411,2.206436276435852,ddim,"Strings, flutes, and harp playing an upbeat happy piece."
290,29.393478375142827,0.838639905257965,0.0248405784368515,1.3301116824150085,ddim,"Strings, flutes, and harp playing an upbeat happy piece."
291,32.20023553384837,0.8953705736275377,0.01679546944797039,0.8667556345462799,ddim,"Strings, flutes, and harp playing an upbeat happy piece."
292,34.17400883288688,0.9226537956431924,0.01374706532806158,0.48064037039875984,ddim,"Flutes, wind instruments and strings playing a dramatic classical music piece."
293,31.434860484139936,0.9557312035401552,0.01884804293513298,0.7932148575782776,ddim,"Flutes, wind instruments and strings playing a dramatic classical music piece."
294,31.204496909413223,0.9283053288015171,0.016832701861858368,0.7800370454788208,ddim,"Flutes, wind instruments and strings playing a dramatic classical music piece."
295,32.703810386187605,0.9365799889433242,0.015647640451788902,0.8178599774837494,ddim,"Flutes, wind instruments and strings playing a dramatic classical music piece."
296,28.552055362154928,0.8532418528663815,0.026207370683550835,1.617108941078186,ddim,"A high quality recording of a saxophone playing and drums, guitar and bass playing a song, and later a woman is singing."
297,31.5512413391142,0.9280114776881393,0.018284982070326805,0.5669296979904175,ddim,"A high quality recording of a saxophone playing and drums, guitar and bass playing a song, and later a woman is singing."
298,20.719112101010346,0.4659810991237137,0.06672022491693497,5.112853765487671,ddim,"A high quality recording of a saxophone playing and drums, guitar and bass playing a song, and later a woman is singing."
299,33.07109325156743,0.9258816675288986,0.015762146562337875,0.5213771238923073,ddim,"A high quality recording of a saxophone playing and drums, guitar and bass playing a song, and later a woman is singing."
300,29.160478777133513,0.8797808625777301,0.02597932517528534,1.2037557661533356,ddim,A recording of a cool movie soundtrack.
301,26.673639544918778,0.850801792168892,0.03745948150753975,1.3684691786766052,ddim,A recording of a cool movie soundtrack.
302,26.318182236084994,0.8525795541888168,0.03246908634901047,1.5084940195083618,ddim,A recording of a cool movie soundtrack.
303,35.33804644944884,0.9371301237910921,0.009067614562809467,0.407425619661808,ddim,A recording of a cool movie soundtrack.
304,33.09074284760599,0.9194624313476328,0.015408185310661793,0.6953901052474976,ddim,A recording of a happy orchestral score.
305,29.245278467227728,0.9079933462837484,0.02424846775829792,0.9159078598022461,ddim,A recording of a happy orchestral score.
306,32.0175331996264,0.910682144265456,0.018356742337346077,0.5514587741345167,ddim,A recording of a happy orchestral score.
307,33.89153817103758,0.9461027009413615,0.014218218624591827,0.6327864527702332,ddim,A recording of a happy orchestral score.
308,31.42381224295837,0.8949158771633275,0.01623772829771042,0.6569244340062141,ddim,"A jazz song with a saxophone, violin, bass and drums playing."
309,30.853349197240068,0.9099658242530579,0.020549114793539047,0.6286210715770721,ddim,"A jazz song with a saxophone, violin, bass and drums playing."
310,16.339913812969506,0.423165445410065,0.11847110837697983,4.89797830581665,ddim,"A jazz song with a saxophone, violin, bass and drums playing."
311,27.05106100681543,0.8289004629060777,0.02892426773905754,2.085806727409363,ddim,"A jazz song with a saxophone, violin, bass and drums playing."
312,25.313404484214516,0.8021431348388559,0.0363936685025692,1.7771567106246948,ddim,A high quality recording of a synthesizer playing with a guitar and drums playing in the background.
313,20.373491358084486,0.4023748396380091,0.07524412125349045,3.7195194959640503,ddim,A high quality recording of a synthesizer playing with a guitar and drums playing in the background.
314,32.992556731659526,0.9090563794681578,0.015095829032361507,1.4367305636405945,ddim,A high quality recording of a synthesizer playing with a guitar and drums playing in the background.
315,26.791787571284754,0.8216770720396757,0.031667109578847885,1.088071197271347,ddim,A high quality recording of a synthesizer playing with a guitar and drums playing in the background.
316,30.386500081975015,0.9175779633979267,0.02249840274453163,0.6408337652683258,ddim,A recording of hip hop music.
317,31.43024458536743,0.9131695911048129,0.019460685551166534,0.650760293006897,ddim,A recording of hip hop music.
318,30.59064377477039,0.9113538248755917,0.022183790802955627,0.6620382964611053,ddim,A recording of hip hop music.
319,32.57281776307815,0.9201045961158772,0.015321895480155945,0.7191659510135651,ddim,A recording of hip hop music.
320,32.50019502791228,0.9272920356613163,0.017109205946326256,0.601311668753624,ddim,"Guitars, trumpets, and piano playing a happy song."
321,31.28824235609052,0.8787135721931341,0.020509785041213036,0.988492876291275,ddim,"Guitars, trumpets, and piano playing a happy song."
322,30.161253926448843,0.8433147030194637,0.021693401038646698,1.0382371544837952,ddim,"Guitars, trumpets, and piano playing a happy song."
323,30.20955712236188,0.900670677694228,0.018874894827604294,0.7536304742097855,ddim,"Guitars, trumpets, and piano playing a happy song."
324,30.761115953806314,0.9121912533696531,0.022070810198783875,0.7278456389904022,ddim,"A jazz song with a trumpet, piano, bass and drums playing."
325,30.83957169918136,0.934928753356761,0.020259561017155647,0.5518589913845062,ddim,"A jazz song with a trumpet, piano, bass and drums playing."
326,29.780426608649236,0.9245283033810795,0.02059822902083397,0.46972930431365967,ddim,"A jazz song with a trumpet, piano, bass and drums playing."
327,32.76195423887924,0.93016387943822,0.01681666262447834,0.617631021887064,ddim,"A jazz song with a trumpet, piano, bass and drums playing."
328,29.689398911855353,0.8763258042866489,0.02357335574924946,1.0638156533241272,ddim,"A cool 90s hip hop song of a man singing while a guitar, bass and drums accompany him."
329,32.45863605263236,0.9320575490256949,0.016364777460694313,0.47096723318099976,ddim,"A cool 90s hip hop song of a man singing while a guitar, bass and drums accompany him."
330,31.15698473624223,0.896627924452258,0.020361756905913353,0.640707939863205,ddim,"A cool 90s hip hop song of a man singing while a guitar, bass and drums accompany him."
331,29.063600627826105,0.9070797921345191,0.022874020040035248,0.4100133366882801,ddim,"A cool 90s hip hop song of a man singing while a guitar, bass and drums accompany him."
332,29.123382390306634,0.8987280215160833,0.024568209424614906,0.9338958859443665,ddim,A recording of an old timey Chinese song from the forties.
333,26.3469694479714,0.8612029508050267,0.035398367792367935,1.4071062803268433,ddim,A recording of an old timey Chinese song from the forties.
334,28.501807515544073,0.9003219111056133,0.02497965283691883,1.306630551815033,ddim,A recording of an old timey Chinese song from the forties.
335,33.09993730362336,0.8945502679016836,0.010441320948302746,0.6318928450345993,ddim,A recording of an old timey Chinese song from the forties.
336,31.44081990941979,0.8774107752592172,0.019818490371108055,0.8921287357807159,ddim,A high quality recording of a woman singing with an orchestra rock band accompaniment.
337,24.84128363102539,0.7601560915266304,0.04343311861157417,2.0448033213615417,ddim,A high quality recording of a woman singing with an orchestra rock band accompaniment.
338,32.43292026127903,0.9170643365999231,0.017865804955363274,0.753687396645546,ddim,A high quality recording of a woman singing with an orchestra rock band accompaniment.
339,34.5782187252421,0.9352642824581231,0.013806640170514584,0.9338130354881287,ddim,A high quality recording of a woman singing with an orchestra rock band accompaniment.
340,31.0161182101773,0.9317380025773708,0.018689291551709175,0.8642993569374084,ddim,A recording of happy techno music.
341,30.408815330135035,0.9069663084194008,0.021761301904916763,0.8677015900611877,ddim,A recording of happy techno music.
342,26.449584145282433,0.8647025241108451,0.03209010511636734,0.8463620692491531,ddim,A recording of happy techno music.
343,28.255023818843384,0.9405067480604048,0.02131670154631138,0.6373641788959503,ddim,A recording of happy techno music.
344,33.93279117083427,0.9555662019282523,0.012114369310438633,0.4450201920699328,ddim,"Strings playing a mysterious song, alongside drums and flutes."
345,33.78694366289729,0.9121269234365265,0.014215762726962566,0.847830057144165,ddim,"Strings playing a mysterious song, alongside drums and flutes."
346,31.070358176816818,0.9159734068512,0.019796088337898254,0.6580542176961899,ddim,"Strings playing a mysterious song, alongside drums and flutes."
347,31.96110944204406,0.9207194545954044,0.017029166221618652,1.2409976720809937,ddim,"Strings playing a mysterious song, alongside drums and flutes."
348,32.1924160360943,0.9193848865418165,0.01794571615755558,0.861842930316925,ddim,A high quality recording of a choir and violins playing a happy and emotional  piece.
349,29.55106441424973,0.8878404761431659,0.02284901775419712,0.8303661346435547,ddim,A high quality recording of a choir and violins playing a happy and emotional  piece.
350,32.1362645789642,0.9143116060701839,0.018560675904154778,1.1606544852256775,ddim,A high quality recording of a choir and violins playing a happy and emotional  piece.
351,20.120207937162316,0.5909719498435315,0.07240979373455048,2.9842422008514404,ddim,A high quality recording of a choir and violins playing a happy and emotional  piece.
352,28.846137654312937,0.8706331779946335,0.02592552825808525,1.220733880996704,ddim,"A classical piece with a string section, piano, bass and drums playing."
353,30.6215449603498,0.9031840897299346,0.020822674036026,0.8891215622425079,ddim,"A classical piece with a string section, piano, bass and drums playing."
354,30.76345672379528,0.8778620110499685,0.019569605588912964,0.731244683265686,ddim,"A classical piece with a string section, piano, bass and drums playing."
355,30.305327681792917,0.8952976833076496,0.02330782264471054,1.4968096613883972,ddim,"A classical piece with a string section, piano, bass and drums playing."
356,34.89937712963823,0.9498629555310147,0.012888343073427677,0.7416068017482758,ddim,A recording of an old classical song.
357,23.02833019919707,0.7716341489059614,0.0471891313791275,1.4102182239294052,ddim,A recording of an old classical song.
358,33.11388649775908,0.9059643558467143,0.014436904340982437,0.7300871312618256,ddim,A recording of an old classical song.
359,14.668516205054578,0.2696000975590102,0.13461610674858093,4.882697343826294,ddim,A recording of an old classical song.
360,31.155625074966476,0.9047899955373985,0.019895702600479126,0.8569512069225311,ddim,"A high quality recording of a man singing, and a piano, bass and drums playing."
361,31.885216897494715,0.9346737971435765,0.015422241762280464,0.41190485656261444,ddim,"A high quality recording of a man singing, and a piano, bass and drums playing."
362,24.761989029923907,0.7070582154792724,0.04221069812774658,2.2506585121154785,ddim,"A high quality recording of a man singing, and a piano, bass and drums playing."
363,21.67581012296162,0.5639888718554825,0.06129782274365425,3.1309311389923096,ddim,"A high quality recording of a man singing, and a piano, bass and drums playing."
364,30.9107147654872,0.8965337579542834,0.02079862728714943,0.9436010122299194,ddim,A recording of a dramatic Chinese music piece.
365,34.38973868994839,0.9378473034013322,0.009846918284893036,0.7370049059391022,ddim,A recording of a dramatic Chinese music piece.
366,31.97109585367115,0.9435020388278473,0.010812672786414623,0.711790919303894,ddim,A recording of a dramatic Chinese music piece.
367,32.42709014735907,0.9196264152074424,0.016743933781981468,0.5609757602214813,ddim,A recording of a dramatic Chinese music piece.
368,28.26152292038483,0.903401454260679,0.0271559190005064,1.0295336246490479,ddim,A saxophone playing a melody and then slowly a violin joins and more strings and they play a happy emotional song.
369,27.62523857092529,0.8611408797643021,0.02904513292014599,1.1844890117645264,ddim,A saxophone playing a melody and then slowly a violin joins and more strings and they play a happy emotional song.
370,30.515424657987246,0.906160638156037,0.02128581702709198,1.5344728827476501,ddim,A saxophone playing a melody and then slowly a violin joins and more strings and they play a happy emotional song.
371,31.513190246798167,0.9273483647098608,0.015437101945281029,0.49596187472343445,ddim,A saxophone playing a melody and then slowly a violin joins and more strings and they play a happy emotional song.
372,26.73477772767037,0.8508965007241729,0.03378327563405037,1.3433011770248413,ddim,"A woman is singing a country song with a violin, bass and drums playing in the background."
373,31.376468927001426,0.9217946694783312,0.01953272335231304,0.7769080996513367,ddim,"A woman is singing a country song with a violin, bass and drums playing in the background."
374,29.793978443700773,0.8877496969832062,0.024073200300335884,1.1033234298229218,ddim,"A woman is singing a country song with a violin, bass and drums playing in the background."
375,33.059269965998936,0.9320163303594039,0.015035625547170639,0.6046945303678513,ddim,"A woman is singing a country song with a violin, bass and drums playing in the background."
376,26.079254624148053,0.8716647538621115,0.029828045517206192,0.7948234006762505,ddim,A recording of a classical song.
377,29.301535695922038,0.7680984928353258,0.023358764126896858,2.776607036590576,ddim,A recording of a classical song.
378,20.060451009254983,0.34531266749732414,0.0704338550567627,4.24888801574707,ddim,A recording of a classical song.
379,31.84765013915825,0.9304958280802723,0.01884746365249157,0.9496874511241913,ddim,A recording of a classical song.
380,22.907345375620395,0.5954633689879307,0.0559510812163353,2.7787050008773804,ddim,Flutes playing alongside a woman vocalizing a happy upbeat melody.
381,32.24614195786238,0.882475755227466,0.01304183155298233,1.2460403442382812,ddim,Flutes playing alongside a woman vocalizing a happy upbeat melody.
382,31.579165011544298,0.9069025140073008,0.019732633605599403,1.2110528945922852,ddim,Flutes playing alongside a woman vocalizing a happy upbeat melody.
383,30.634094369344616,0.8865536759840128,0.020115410909056664,1.4189165830612183,ddim,Flutes playing alongside a woman vocalizing a happy upbeat melody.
384,28.743434994877333,0.8534819354925876,0.02660326100885868,1.022895872592926,ddim,"Trumpets playing alongside a piano, bass and drums in an upbeat old-timey cool jazz song."
385,33.23261939972295,0.934531646985977,0.013811578042805195,0.5053342208266258,ddim,"Trumpets playing alongside a piano, bass and drums in an upbeat old-timey cool jazz song."
386,31.99537873726885,0.9236401166665535,0.01738929934799671,0.4747997373342514,ddim,"Trumpets playing alongside a piano, bass and drums in an upbeat old-timey cool jazz song."
387,32.864421581904686,0.9330775586070644,0.01561515312641859,0.4325404316186905,ddim,"Trumpets playing alongside a piano, bass and drums in an upbeat old-timey cool jazz song."
388,31.217046806469636,0.8957079692755822,0.01947716251015663,0.8494487106800079,ddim,"A high quality recording of a man singing while a piano, bass and drums accompany him."
389,18.35868705431277,0.42230292404918807,0.09400847554206848,4.45464289188385,ddim,"A high quality recording of a man singing while a piano, bass and drums accompany him."
390,28.107876468463342,0.8071383155145861,0.02792658656835556,1.5338222980499268,ddim,"A high quality recording of a man singing while a piano, bass and drums accompany him."
391,32.78508902777105,0.9388864210005536,0.013740225695073605,1.1846105456352234,ddim,"A high quality recording of a man singing while a piano, bass and drums accompany him."
392,34.403330635417014,0.9350501997862092,0.013714376837015152,0.8432715535163879,ddim,"A techno song of a synthesizer playing while a guitar, bass and drums are playing in the background."
393,29.823540481912275,0.823661907271047,0.023808332160115242,1.2049996554851532,ddim,"A techno song of a synthesizer playing while a guitar, bass and drums are playing in the background."
394,32.02561652795735,0.9147270161518932,0.017808252945542336,1.35625159740448,ddim,"A techno song of a synthesizer playing while a guitar, bass and drums are playing in the background."
395,33.41452243494646,0.9029599854304645,0.01623331569135189,0.9964950382709503,ddim,"A techno song of a synthesizer playing while a guitar, bass and drums are playing in the background."
396,30.971190485832288,0.8672367243600706,0.019169053062796593,1.1373214721679688,ddim,"strings, bass and drums playing."
397,35.56728085704816,0.9576818191343888,0.007118483539670706,0.44458039104938507,ddim,"strings, bass and drums playing."
398,31.610206666448427,0.8778730917627096,0.019540948793292046,0.963689312338829,ddim,"strings, bass and drums playing."
399,30.739411171453867,0.8832746615169159,0.019885284826159477,0.4641665741801262,ddim,"strings, bass and drums playing."
400,30.29278857796623,0.8974205800708628,0.023855669423937798,1.0094804763793945,ddim,"A rock song of a guitar, bass and drums are playing in the background."
401,31.55218082921799,0.9126908306595312,0.018882902339100838,0.6630745232105255,ddim,"A rock song of a guitar, bass and drums are playing in the background."
402,31.089559584205062,0.9034432730321328,0.02047424018383026,0.8165678083896637,ddim,"A rock song of a guitar, bass and drums are playing in the background."
403,30.869886215128275,0.8813466767897806,0.021876662969589233,1.1192837357521057,ddim,"A rock song of a guitar, bass and drums are playing in the background."
404,32.395638289600285,0.8996975641332927,0.017133990302681923,0.824569832533598,ddim,A high quality recording of a rock band playing a slow metal song.
405,34.49415461626574,0.926980553406417,0.013038048520684242,0.8626371920108795,ddim,A high quality recording of a rock band playing a slow metal song.
406,32.52891519907198,0.9043124934585021,0.016356101259589195,0.8052762597799301,ddim,A high quality recording of a rock band playing a slow metal song.
407,31.38158278411984,0.8600422047476993,0.019799189642071724,0.7384704500436783,ddim,A high quality recording of a rock band playing a slow metal song.
408,31.178958777858085,0.886053774025886,0.020450832322239876,1.0479812622070312,ddim,"Arabic strings, flutes, and harp playing calm happy Arabic music."
409,30.349743914384263,0.8361316462397995,0.020245490595698357,0.806904025375843,ddim,"Arabic strings, flutes, and harp playing calm happy Arabic music."
410,30.093429817761056,0.8524777651856116,0.02304873801767826,1.324518084526062,ddim,"Arabic strings, flutes, and harp playing calm happy Arabic music."
411,30.851769550806416,0.8739536001635391,0.02000729739665985,0.8578022569417953,ddim,"Arabic strings, flutes, and harp playing calm happy Arabic music."
412,27.58829724900883,0.8747207589619529,0.03163577616214752,0.7925243079662323,ddim,A recording of a scary techno song.
413,26.17833958921482,0.8921315045023813,0.017742164433002472,0.892087996006012,ddim,A recording of a scary techno song.
414,32.005394499743424,0.8963716320635396,0.018890507519245148,0.8301630616188049,ddim,A recording of a scary techno song.
415,31.106827298730057,0.8791544628522666,0.020013539120554924,0.7771613299846649,ddim,A recording of a scary techno song.
416,31.26525885619369,0.87691597521216,0.020751308649778366,1.181209534406662,ddim,A rock band playing rock music. You can hear guitars and a piano.
417,33.79786332087909,0.9363443147504047,0.015215788967907429,0.6887004375457764,ddim,A rock band playing rock music. You can hear guitars and a piano.
418,30.812939040265142,0.9034684213556464,0.02164592407643795,0.8550575971603394,ddim,A rock band playing rock music. You can hear guitars and a piano.
419,33.30391799400426,0.9293085331502954,0.016344435513019562,0.7517705857753754,ddim,A rock band playing rock music. You can hear guitars and a piano.
420,31.90363633842575,0.8953852160612282,0.01326016616076231,0.8627956509590149,ddim,A recording of a dramatic epic Arabic piece.
421,33.65794210724499,0.9377784859961642,0.011918659321963787,0.5246530771255493,ddim,A recording of a dramatic epic Arabic piece.
422,28.45869686153798,0.8560285217966346,0.022495411336421967,1.1451690047979355,ddim,A recording of a dramatic epic Arabic piece.
423,33.430999821282,0.9330560271172625,0.011463780887424946,0.41745177656412125,ddim,A recording of a dramatic epic Arabic piece.
424,33.7113721404461,0.9244998298718392,0.01531042531132698,0.6834344267845154,ddim,A high quality recording of a violin playing while an orchestra play in the background.
425,33.142086395492036,0.9170947316301342,0.015093234367668629,0.6340036392211914,ddim,A high quality recording of a violin playing while an orchestra play in the background.
426,30.737167497795255,0.9172928962591222,0.021534085273742676,0.7376935482025146,ddim,A high quality recording of a violin playing while an orchestra play in the background.
427,28.361560007983996,0.8223810454925595,0.02909671701490879,1.5507575869560242,ddim,A high quality recording of a violin playing while an orchestra play in the background.
428,30.08751880095319,0.8631034493303428,0.022457819432020187,1.0027633309364319,ddim,A high quality recording of drums and strings playing.
429,26.471028763220378,0.7618724507117235,0.03096270002424717,1.3228144645690918,ddim,A high quality recording of drums and strings playing.
430,32.0429142066093,0.9195933207486495,0.016803234815597534,0.39461468905210495,ddim,A high quality recording of drums and strings playing.
431,28.265738063597105,0.8625473232118033,0.025982458144426346,0.6999854743480682,ddim,A high quality recording of drums and strings playing.
432,32.25508471815295,0.8875854691256208,0.0171120073646307,0.8940682709217072,ddim,"A trumpet playing a cool jazz melody, with an accompaniment of a piano, bass and drums."
433,33.69530032464724,0.9207873110846783,0.014141893945634365,0.6074891537427902,ddim,"A trumpet playing a cool jazz melody, with an accompaniment of a piano, bass and drums."
434,29.955062465576727,0.9313894979396729,0.01936214230954647,0.5699209868907928,ddim,"A trumpet playing a cool jazz melody, with an accompaniment of a piano, bass and drums."
435,25.414514549953978,0.828274620969392,0.039079148322343826,0.9892711788415909,ddim,"A trumpet playing a cool jazz melody, with an accompaniment of a piano, bass and drums."
436,34.19228423140214,0.9322966891579592,0.012408393435180187,0.3223653882741928,ddim,A high quality recording of a woman singing with an orchestra accompaniment.
437,31.986839562706137,0.9165296661827453,0.016706427559256554,0.5525582693517208,ddim,A high quality recording of a woman singing with an orchestra accompaniment.
438,31.58725947284332,0.9317867821655371,0.01959615759551525,1.0799002051353455,ddim,A high quality recording of a woman singing with an orchestra accompaniment.
439,27.688390138275235,0.8143143095967801,0.02974969893693924,2.1152235865592957,ddim,A high quality recording of a woman singing with an orchestra accompaniment.
440,29.747584747962147,0.8878415599954956,0.021361125633120537,2.250594437122345,ddim,"A jazz song with a trumpet, bass and drums playing."
441,30.27355677537028,0.9161638529182741,0.02187097817659378,0.4927385151386261,ddim,"A jazz song with a trumpet, bass and drums playing."
442,32.97848536991272,0.9212201692976814,0.012278014793992043,0.7840529084205627,ddim,"A jazz song with a trumpet, bass and drums playing."
443,31.493513071606856,0.9137390663555875,0.017419083043932915,1.7553707361221313,ddim,"A jazz song with a trumpet, bass and drums playing."
444,31.51880317955257,0.9181931819079282,0.01873849891126156,0.7197565287351608,ddim,A rhythmic song with a synthesizer and drums playing.
445,32.17525232051612,0.888767017627316,0.017916463315486908,1.3729189038276672,ddim,A rhythmic song with a synthesizer and drums playing.
446,31.883265500405965,0.9346913082216253,0.019091924652457237,1.0508572459220886,ddim,A rhythmic song with a synthesizer and drums playing.
447,30.6903611357683,0.8997122366904352,0.02166682295501232,0.9253269135951996,ddim,A rhythmic song with a synthesizer and drums playing.
448,28.535796342641714,0.8490996305741262,0.028877563774585724,1.2249521613121033,ddim,"a saxophone, flute, piano, bass and drums playing."
449,30.432347164809755,0.8632956598087658,0.02103927545249462,1.9620804190635681,ddim,"a saxophone, flute, piano, bass and drums playing."
450,32.290478694956086,0.9087439591858796,0.01808324083685875,0.7180464118719101,ddim,"a saxophone, flute, piano, bass and drums playing."
451,31.34366214562125,0.8724254749907693,0.01828867755830288,0.7763082459568977,ddim,"a saxophone, flute, piano, bass and drums playing."
452,33.02304605432002,0.9137923385299196,0.016324784606695175,1.336090624332428,ddim,A recording of a sad and mysterious classical music piece.
453,29.271738370826522,0.861560203988527,0.025715116411447525,1.244016408920288,ddim,A recording of a sad and mysterious classical music piece.
454,32.86371370150089,0.9252164309087504,0.013519702479243279,1.037185549736023,ddim,A recording of a sad and mysterious classical music piece.
455,31.151177381902873,0.9209832859995192,0.017752166837453842,0.5126668512821198,ddim,A recording of a sad and mysterious classical music piece.
456,31.303028641557557,0.9097063937451186,0.01877552457153797,0.7261903136968613,ddim,A synthesizer playing a scary arcade game melody with another synthesizer accompaniment in the background.
457,29.229142137303267,0.9361523827652746,0.01757277362048626,0.43248406052589417,ddim,A synthesizer playing a scary arcade game melody with another synthesizer accompaniment in the background.
458,31.242813681770567,0.8194798772799178,0.01977003552019596,1.4713772535324097,ddim,A synthesizer playing a scary arcade game melody with another synthesizer accompaniment in the background.
459,31.191439783535124,0.9398090851470102,0.017592689022421837,1.1254574358463287,ddim,A synthesizer playing a scary arcade game melody with another synthesizer accompaniment in the background.
460,33.96391668778398,0.9229254878295695,0.012238559313118458,0.4658810496330261,ddim,"Strings, flutes, and harp playing an angry metal song."
461,28.39409364411101,0.8625040334010199,0.02590464986860752,1.0891959369182587,ddim,"Strings, flutes, and harp playing an angry metal song."
462,31.516586982473296,0.9311589280718053,0.015068651176989079,1.4106001257896423,ddim,"Strings, flutes, and harp playing an angry metal song."
463,32.24806862606072,0.911681511381609,0.015935728326439857,0.7699626982212067,ddim,"Strings, flutes, and harp playing an angry metal song."
464,34.25037583980887,0.9441151834349144,0.013521485961973667,0.5368478894233704,ddim,A recording of a string quartet playing.
465,21.139273669054802,0.6202261924837157,0.06255444884300232,2.743559956550598,ddim,A recording of a string quartet playing.
466,30.237893522468816,0.9003874163366525,0.020763196051120758,1.0030560493469238,ddim,A recording of a string quartet playing.
467,32.58929553369893,0.8359928164755172,0.01502209436148405,0.8131353035569191,ddim,A recording of a string quartet playing.
468,32.20985775289772,0.9267033858077248,0.01655828393995762,1.1308717727661133,ddim,A recording of a slow reggae song.
469,27.255557010508884,0.8636006343999068,0.031391941010951996,0.9941588640213013,ddim,A recording of a slow reggae song.
470,30.930722932874488,0.8403225935422045,0.020614728331565857,1.0679987072944641,ddim,A recording of a slow reggae song.
471,32.35200414292905,0.9368486033922009,0.014298718422651291,0.7858839333057404,ddim,A recording of a slow reggae song.
472,25.33851887069922,0.9225888951415334,0.018022414296865463,0.9968678653240204,ddim,A recording of a happy upbeat arcade game soundtrack.
473,30.601129619278108,0.907070436941473,0.020559992641210556,0.8197875022888184,ddim,A recording of a happy upbeat arcade game soundtrack.
474,31.523326372085446,0.9362036544324166,0.017328180372714996,1.6576453745365143,ddim,A recording of a happy upbeat arcade game soundtrack.
475,23.762192472833448,0.6607385128473129,0.045262210071086884,1.4281119108200073,ddim,A recording of a happy upbeat arcade game soundtrack.
476,28.58434770344814,0.8361399138791319,0.028015844523906708,1.2195979952812195,ddim,A recording of an upbeat hip hop song.
477,31.6287761818759,0.9004312941968208,0.018322741612792015,0.5185326039791107,ddim,A recording of an upbeat hip hop song.
478,30.72332568528239,0.8565473521002985,0.02099520154297352,0.9938611090183258,ddim,A recording of an upbeat hip hop song.
479,30.967383136487626,0.9177330438824852,0.020161811262369156,0.6887375712394714,ddim,A recording of an upbeat hip hop song.
480,29.837168328927753,0.8843112566269027,0.023870110511779785,0.9755756855010986,ddim,"A man is singing while a guitar, bass and drums playing in the background an angry metal song."
481,31.408231265666657,0.8743723619289692,0.020229756832122803,1.243767261505127,ddim,"A man is singing while a guitar, bass and drums playing in the background an angry metal song."
482,30.871655356441746,0.9208030843262518,0.020489349961280823,0.7138851881027222,ddim,"A man is singing while a guitar, bass and drums playing in the background an angry metal song."
483,25.687940404035494,0.7663752630000021,0.03723498061299324,2.3910396099090576,ddim,"A man is singing while a guitar, bass and drums playing in the background an angry metal song."
484,25.500221299849315,0.7453488393905255,0.03147492930293083,1.3151192963123322,ddim,"A high quality recording of a saxophone, bass and drums playing."
485,17.42867315970104,0.42240677044099245,0.10015811771154404,2.866765111684799,ddim,"A high quality recording of a saxophone, bass and drums playing."
486,29.781819809437913,0.8508842367004152,0.021840402856469154,1.2441082000732422,ddim,"A high quality recording of a saxophone, bass and drums playing."
487,23.264488189665617,0.5976318341500364,0.04745187610387802,2.3483885526657104,ddim,"A high quality recording of a saxophone, bass and drums playing."
488,30.923549721894226,0.9016164657945955,0.018791547045111656,0.8737375140190125,ddim,A recording of a cool calm techno song.
489,33.731633902965406,0.9307564926811571,0.014617381617426872,0.7021206915378571,ddim,A recording of a cool calm techno song.
490,27.018261539559422,0.8175752871640579,0.031460825353860855,2.2550474405288696,ddim,A recording of a cool calm techno song.
491,28.57080691587562,0.8334250845833567,0.02921494096517563,1.3938968777656555,ddim,A recording of a cool calm techno song.
492,26.79209702321231,0.7172796887036671,0.023496519774198532,1.1901220679283142,ddim,"A high quality recording of a guitars, bass, drums and piano playing."
493,29.091329800580382,0.8333298717220861,0.02473699115216732,1.4456292390823364,ddim,"A high quality recording of a guitars, bass, drums and piano playing."
494,30.042864084234957,0.8955043848555065,0.02359643019735813,1.1427039504051208,ddim,"A high quality recording of a guitars, bass, drums and piano playing."
495,30.372893395264533,0.8927445499011171,0.02084946259856224,0.6938854455947876,ddim,"A high quality recording of a guitars, bass, drums and piano playing."
496,18.002919592527387,0.5741148639222409,0.09924021363258362,3.4805341958999634,ddim,A high quality recording of flutes and a trumpet playing.
497,27.185929210838985,0.8053561831607143,0.03071294166147709,1.1875044703483582,ddim,A high quality recording of flutes and a trumpet playing.
498,26.801774263522425,0.8601951206050398,0.032136429101228714,1.024027481675148,ddim,A high quality recording of flutes and a trumpet playing.
499,31.56229625327694,0.88476886190259,0.018377084285020828,0.6797195374965668,ddim,A high quality recording of flutes and a trumpet playing.
500,30.11186958958366,0.9160459516916939,0.02267322689294815,0.8187651485204697,ddim,"A high quality recording of strings, trumpets and drums playing."
501,32.56076920872728,0.9134432494824001,0.016075056046247482,0.5757239013910294,ddim,"A high quality recording of strings, trumpets and drums playing."
502,19.946840346959164,0.5827079789702707,0.05593732371926308,3.713289499282837,ddim,"A high quality recording of strings, trumpets and drums playing."
503,31.781986223071467,0.9359499952946216,0.017303219065070152,0.6624677181243896,ddim,"A high quality recording of strings, trumpets and drums playing."
504,33.265898445699015,0.9343228417671887,0.01584128849208355,0.455308735370636,ddim,A recording of Arabic instruments playing.
505,25.536703451579747,0.8063872792421772,0.03964715451002121,1.3536002039909363,ddim,A recording of Arabic instruments playing.
506,30.226533915226984,0.9078460842449094,0.022149741649627686,0.7280463576316833,ddim,A recording of Arabic instruments playing.
507,32.29632664117399,0.9366568875630957,0.01782788708806038,0.6154032349586487,ddim,A recording of Arabic instruments playing.
508,29.97005305190654,0.900332210936258,0.022883348166942596,0.6636680960655212,ddim,A cool old rock song of a man singing while a guitar and drums accompany him.
509,32.67473131292197,0.8967485659273846,0.016657941043376923,0.8782120943069458,ddim,A cool old rock song of a man singing while a guitar and drums accompany him.
510,28.997990199701604,0.9244154438323595,0.021212469786405563,0.6743016541004181,ddim,A cool old rock song of a man singing while a guitar and drums accompany him.
511,31.78550562888639,0.9120365646869342,0.01901876926422119,1.3885319232940674,ddim,A cool old rock song of a man singing while a guitar and drums accompany him.
512,33.72319016273267,0.939345558164659,0.01486076507717371,1.5112480521202087,ddim,A recording of a happy classical music piece.
513,31.00656282651905,0.9170170883846045,0.01684272289276123,1.1895014345645905,ddim,A recording of a happy classical music piece.
514,30.69900444575076,0.891355091715355,0.017424562945961952,1.0339124500751495,ddim,A recording of a happy classical music piece.
515,28.562383257199087,0.8996992343109789,0.02329775132238865,0.6580143719911575,ddim,A recording of a happy classical music piece.
516,32.69543655279881,0.8865434064032041,0.013822725042700768,2.29333233833313,ddim,A recording of a scary classical music piece.
517,28.57421639170761,0.901505552969077,0.025688309222459793,1.7515872716903687,ddim,A recording of a scary classical music piece.
518,21.232460664049174,0.638692639552578,0.06298013776540756,1.474888987839222,ddim,A recording of a scary classical music piece.
519,33.712845363554734,0.967449585532857,0.011445767246186733,0.39059700071811676,ddim,A recording of a scary classical music piece.
520,30.38189609931067,0.8873982224990008,0.020337922498583794,0.8209183365106583,ddim,A recording of a mysterious Arabic song.
521,31.9660728645178,0.931619191558083,0.01986050419509411,0.7218677401542664,ddim,A recording of a mysterious Arabic song.
522,25.727878206141735,0.7811191879577882,0.03550571948289871,1.253817617893219,ddim,A recording of a mysterious Arabic song.
523,20.980073386744248,0.5768515423487748,0.0620480515062809,2.2490705251693726,ddim,A recording of a mysterious Arabic song.
524,24.757403211350493,0.7452318557732756,0.04191732406616211,1.0130750834941864,ddim,"A high quality recording of electric keyboard, bass and drums playing."
525,32.38137058754601,0.907748692158498,0.017497872933745384,0.44493960961699486,ddim,"A high quality recording of electric keyboard, bass and drums playing."
526,31.688731637962594,0.9226173063052979,0.01830117590725422,0.5017103403806686,ddim,"A high quality recording of electric keyboard, bass and drums playing."
527,31.285942609050437,0.8448318031370985,0.019348757341504097,1.3290331959724426,ddim,"A high quality recording of electric keyboard, bass and drums playing."
528,33.65945137567205,0.9182398246553778,0.014964931644499302,0.8062231540679932,ddim,An orchestra playing classical music. You can hear flutes and strings.
529,30.56777696126143,0.8511965618653927,0.020533548668026924,0.9504863023757935,ddim,An orchestra playing classical music. You can hear flutes and strings.
530,32.18932566254048,0.916717348017058,0.01784813590347767,0.7605823576450348,ddim,An orchestra playing classical music. You can hear flutes and strings.
531,24.253579002537805,0.6415634051749166,0.04634701460599899,2.3294053077697754,ddim,An orchestra playing classical music. You can hear flutes and strings.
532,22.83519073706419,0.5954469533162291,0.04986729100346565,2.6586119532585144,ddim,A high quality recording of a guitar and violins playing a happy and emotional  piece.
533,30.287009478476648,0.8319484671976459,0.02098088711500168,0.9709781855344772,ddim,A high quality recording of a guitar and violins playing a happy and emotional  piece.
534,27.66363320413328,0.8728782482619721,0.028296127915382385,1.625100016593933,ddim,A high quality recording of a guitar and violins playing a happy and emotional  piece.
535,30.436603637915923,0.8116807377120422,0.02181595377624035,1.3831443190574646,ddim,A high quality recording of a guitar and violins playing a happy and emotional  piece.
536,33.34283254010277,0.929468335258529,0.015920979902148247,1.1003955006599426,ddim,A recording of a tense classical music score.
537,35.37335090515784,0.9336904925834035,0.009653497487306595,0.5547867268323898,ddim,A recording of a tense classical music score.
538,30.46867717880116,0.9222263918024087,0.021293139085173607,0.7376957908272743,ddim,A recording of a tense classical music score.
539,30.603317504530292,0.8705951998917131,0.017713410779833794,0.6515614539384842,ddim,A recording of a tense classical music score.
540,30.26134639448514,0.8304094223639448,0.022253215312957764,0.8147473037242889,ddim,A metal band playing metal music.
541,30.604723323874673,0.8692857976974295,0.020995639264583588,0.8246731907129288,ddim,A metal band playing metal music.
542,30.495625394911045,0.8851168439899334,0.02022414095699787,0.4655875666067004,ddim,A metal band playing metal music.
543,33.77387332480081,0.9208588280603535,0.010118571110069752,0.6545465886592865,ddim,A metal band playing metal music.
544,30.678689187796508,0.8720855058569301,0.022194594144821167,1.2929363250732422,ddim,A recording of happy Chinese music.
545,27.62020241408514,0.8646812917960518,0.022712089121341705,0.9513717144727707,ddim,A recording of happy Chinese music.
546,28.330793483462713,0.827445678077309,0.028281696140766144,0.9336483925580978,ddim,A recording of happy Chinese music.
547,32.18958694969541,0.8964893652132325,0.01798345148563385,0.9485136270523071,ddim,A recording of happy Chinese music.
548,33.065288175522,0.9239874181459173,0.015380910597741604,0.7808730900287628,ddim,"Strings, flutes, and harp playing calm happy rock music."
549,34.60518378504166,0.9385359316615004,0.013382256031036377,1.0502907931804657,ddim,"Strings, flutes, and harp playing calm happy rock music."
550,32.02223970963894,0.9223804377730768,0.018856026232242584,1.198513925075531,ddim,"Strings, flutes, and harp playing calm happy rock music."
551,33.05808346573806,0.9262897416953145,0.015283334068953991,0.9256839454174042,ddim,"Strings, flutes, and harp playing calm happy rock music."
552,38.57714930863203,0.9473263149399047,0.005392095539718866,1.3742972314357758,ddim,A recording of an old timey rock song from the sixties.
553,29.61623066234283,0.8747355822988017,0.017683442682027817,1.2357447445392609,ddim,A recording of an old timey rock song from the sixties.
554,30.381677087173973,0.9151471657322159,0.023014552891254425,0.7335658967494965,ddim,A recording of an old timey rock song from the sixties.
555,30.591642240021777,0.903101372224767,0.02049843780696392,0.6349916011095047,ddim,A recording of an old timey rock song from the sixties.
556,32.68040676391048,0.9287823499134706,0.017005680128932,0.5235951840877533,ddim,"A jazz song with a saxophone, trumpet, guitar, bass and drums playing."
557,33.1459546954471,0.9104289494456151,0.01513996347784996,0.696954756975174,ddim,"A jazz song with a saxophone, trumpet, guitar, bass and drums playing."
558,19.430790999459216,0.4210001301358072,0.08105761557817459,4.405707120895386,ddim,"A jazz song with a saxophone, trumpet, guitar, bass and drums playing."
559,27.878773056590607,0.886325801953664,0.02922290936112404,1.2602272629737854,ddim,"A jazz song with a saxophone, trumpet, guitar, bass and drums playing."
560,32.68212714348204,0.8871231264159684,0.017278866842389107,1.1492832899093628,ddim,"A banjo is playing a country song, accompanied by guitar and drums."
561,31.536534656974197,0.9029160041119796,0.018253596499562263,0.7220924943685532,ddim,"A banjo is playing a country song, accompanied by guitar and drums."
562,32.390480699388085,0.9132663717983687,0.016444368287920952,0.5071457624435425,ddim,"A banjo is playing a country song, accompanied by guitar and drums."
563,33.02277219872463,0.9300829798670002,0.014293180778622627,0.4606427848339081,ddim,"A banjo is playing a country song, accompanied by guitar and drums."
564,31.104724847669804,0.8939989126179437,0.02067263051867485,1.1543142795562744,ddim,A recording of a jazz song.
565,30.79658583371366,0.8833538499650623,0.02154199220240116,1.2089751362800598,ddim,A recording of a jazz song.
566,34.46696200794277,0.9469567912764844,0.010338574647903442,0.3075074777007103,ddim,A recording of a jazz song.
567,34.85914453979719,0.9662626124237257,0.007295185700058937,0.3367633894085884,ddim,A recording of a jazz song.
568,19.898468073047475,0.39406542129821664,0.08072462677955627,4.131136178970337,ddim,A high quality recording of a woman singing while a piano and drums play in the background.
569,22.131096513905483,0.6267068936832015,0.05891601741313934,2.3682395815849304,ddim,A high quality recording of a woman singing while a piano and drums play in the background.
570,20.648952274714524,0.666394293707274,0.0614054836332798,3.128089189529419,ddim,A high quality recording of a woman singing while a piano and drums play in the background.
571,19.719214391937342,0.4734279817622513,0.07955651730298996,2.4408760964870453,ddim,A high quality recording of a woman singing while a piano and drums play in the background.
572,32.98614066436262,0.8732143115395259,0.015943851321935654,0.7126617133617401,ddim,"A death metal song of a man singing while an electric guitar, bass and drums are playing in the background."
573,33.61662516569092,0.9254750965255744,0.01340913213789463,0.4968431144952774,ddim,"A death metal song of a man singing while an electric guitar, bass and drums are playing in the background."
574,29.543594294275056,0.8494475921535591,0.023638583719730377,1.0334626883268356,ddim,"A death metal song of a man singing while an electric guitar, bass and drums are playing in the background."
575,31.719218352157817,0.9277370165639094,0.015508594922721386,0.756117045879364,ddim,"A death metal song of a man singing while an electric guitar, bass and drums are playing in the background."
576,31.60317260576224,0.9332134155004318,0.016929393634200096,0.4748379737138748,ddim,"A jazz song with a saxophone, trumpet, piano, bass and drums playing."
577,33.45156346219732,0.9338216200113307,0.014483067207038403,0.609808087348938,ddim,"A jazz song with a saxophone, trumpet, piano, bass and drums playing."
578,32.00475423654219,0.9371928668454912,0.017348282039165497,0.5586494356393814,ddim,"A jazz song with a saxophone, trumpet, piano, bass and drums playing."
579,31.18714519048373,0.9114953505707094,0.01766175404191017,0.7105679512023926,ddim,"A jazz song with a saxophone, trumpet, piano, bass and drums playing."
580,33.685136560263686,0.9388588230760635,0.013593342155218124,0.47846148908138275,ddim,"Guitars, saxophones, and piano playing calm happy jazz music."
581,30.658863375790276,0.9109560078816539,0.019944721832871437,0.7035187259316444,ddim,"Guitars, saxophones, and piano playing calm happy jazz music."
582,33.19134659807542,0.9348074639412626,0.015099401585757732,0.8773307800292969,ddim,"Guitars, saxophones, and piano playing calm happy jazz music."
583,22.737618147821948,0.5848665777300585,0.049539219588041306,1.6900091171264648,ddim,"Guitars, saxophones, and piano playing calm happy jazz music."
584,33.33110327854809,0.9500459836025499,0.014818231575191021,0.4783722460269928,ddim,"A high quality recording of a rock song. a woman singing while a guitar, bass and drums playing in the background, when later a man joins."
585,30.04115139889177,0.8812667429179526,0.022009383887052536,1.0233814716339111,ddim,"A high quality recording of a rock song. a woman singing while a guitar, bass and drums playing in the background, when later a man joins."
586,31.83848813912381,0.9240909696233384,0.018286604434251785,0.8402923345565796,ddim,"A high quality recording of a rock song. a woman singing while a guitar, bass and drums playing in the background, when later a man joins."
587,32.42285929374006,0.9162868051549407,0.017576687037944794,0.5504786521196365,ddim,"A high quality recording of a rock song. a woman singing while a guitar, bass and drums playing in the background, when later a man joins."
588,18.189425374267195,0.47095168775449214,0.08324301987886429,3.122633397579193,ddim,"A saxophone, piano, bass and drums playing a cool happy song."
589,25.034590232737216,0.746438507712404,0.03670492023229599,1.0717408210039139,ddim,"A saxophone, piano, bass and drums playing a cool happy song."
590,31.176999717730748,0.9022108112542716,0.020215367898344994,0.7504147887229919,ddim,"A saxophone, piano, bass and drums playing a cool happy song."
591,30.67786950067471,0.8993542756594504,0.02139914408326149,1.7222397327423096,ddim,"A saxophone, piano, bass and drums playing a cool happy song."
592,32.83601559023595,0.930380401387617,0.017114367336034775,0.8694591820240021,ddim,"A guitar playing a cool rock melody while an electric keyboard, bass and drums play in the background."
593,30.9793600740418,0.8813312759921705,0.019382668659090996,0.8704015016555786,ddim,"A guitar playing a cool rock melody while an electric keyboard, bass and drums play in the background."
594,24.41046980788616,0.7006100174395106,0.04488372057676315,2.99583101272583,ddim,"A guitar playing a cool rock melody while an electric keyboard, bass and drums play in the background."
595,29.12221961151269,0.8503022096268613,0.020859310403466225,0.8310009241104126,ddim,"A guitar playing a cool rock melody while an electric keyboard, bass and drums play in the background."
596,32.70099548537484,0.9329516807176319,0.01645328477025032,0.6186047196388245,ddim,An orchestra playing an epic movie soundtrack score. You can hear flutes and strings.
597,32.7148196640004,0.9504666153739817,0.015792381018400192,0.5487981736660004,ddim,An orchestra playing an epic movie soundtrack score. You can hear flutes and strings.
598,33.78201976075551,0.9490715481760472,0.014466064050793648,0.5629213601350784,ddim,An orchestra playing an epic movie soundtrack score. You can hear flutes and strings.
599,29.96760152201791,0.8989110124464791,0.02033120021224022,1.0932921171188354,ddim,An orchestra playing an epic movie soundtrack score. You can hear flutes and strings.
600,24.787365479157128,0.8479807199889628,0.03531785309314728,1.0710960626602173,ddim,Flutes playing classical music.
601,28.98653958866424,0.8857968140487096,0.02577328495681286,0.7926823049783707,ddim,Flutes playing classical music.
602,19.069213988652432,0.481582145104846,0.09238135814666748,3.567260265350342,ddim,Flutes playing classical music.
603,19.166000302400512,0.40495998212704626,0.08359670639038086,3.2393126487731934,ddim,Flutes playing classical music.
604,29.790463824065846,0.8234103089189725,0.02279726043343544,1.2267473936080933,ddim,A recording of a cool rhythmic arcade game soundtrack.
605,31.949585364541736,0.884332511292971,0.01751324161887169,0.696231547743082,ddim,A recording of a cool rhythmic arcade game soundtrack.
606,31.5579586709504,0.907052917884228,0.019476424902677536,0.9222259521484375,ddim,A recording of a cool rhythmic arcade game soundtrack.
607,32.98140449978028,0.9288599600470308,0.016631493344902992,0.8007754683494568,ddim,A recording of a cool rhythmic arcade game soundtrack.
608,26.34971271464299,0.8496481527711682,0.03314845263957977,0.902082085609436,ddim,A recording of an old upbeat cool jazz song.
609,29.274877269152203,0.8328348754908859,0.024303749203681946,0.9254812374711037,ddim,A recording of an old upbeat cool jazz song.
610,29.890974650447212,0.83741164367687,0.022053999826312065,0.9108372181653976,ddim,A recording of an old upbeat cool jazz song.
611,31.747985486404794,0.9125030907501956,0.017964044585824013,0.47996705770492554,ddim,A recording of an old upbeat cool jazz song.
612,23.773641797244245,0.7190631370161679,0.04816955700516701,2.5036158561706543,ddim,A recording of a dark and sad gospel song.
613,31.536863881371584,0.8888959373824339,0.01723889261484146,2.416544795036316,ddim,A recording of a dark and sad gospel song.
614,31.19302691915682,0.9116584095874747,0.01883316971361637,0.8019763231277466,ddim,A recording of a dark and sad gospel song.
615,32.262992617653964,0.9157185221313294,0.017915619537234306,1.0435336232185364,ddim,A recording of a dark and sad gospel song.
616,20.05037017112987,0.5311395433249123,0.07233243435621262,2.516869008541107,ddim,A jazz song of a saxophone playing while bass and drums accompany him.
617,20.844663356110576,0.5189950611430363,0.06149860471487045,2.3351157009601593,ddim,A jazz song of a saxophone playing while bass and drums accompany him.
618,29.862013626686903,0.8702197073724329,0.019862527027726173,0.7538229525089264,ddim,A jazz song of a saxophone playing while bass and drums accompany him.
619,30.664287755181014,0.9021691998572876,0.02145068347454071,0.8024480044841766,ddim,A jazz song of a saxophone playing while bass and drums accompany him.
620,33.39239624526728,0.8950849714926347,0.01530523132532835,0.7724261432886124,ddim,A recording of an angry metal song.
621,32.21192463857763,0.8750271825643369,0.017417140305042267,0.9141884446144104,ddim,A recording of an angry metal song.
622,31.33712729331451,0.8443894846538823,0.01942357048392296,0.9289923459291458,ddim,A recording of an angry metal song.
623,31.049961564316632,0.7550929782333347,0.019897181540727615,0.7482552900910378,ddim,A recording of an angry metal song.
624,30.876705201908194,0.9309167519642976,0.020742330700159073,0.6530052274465561,ddim,"A trumpet playing an epic solo while a guitar, bass and drums are playing in the background."
625,30.890867888301962,0.9032888282643635,0.021108096465468407,0.8327493220567703,ddim,"A trumpet playing an epic solo while a guitar, bass and drums are playing in the background."
626,32.707474308869465,0.9433214007424143,0.01570657640695572,0.8398221135139465,ddim,"A trumpet playing an epic solo while a guitar, bass and drums are playing in the background."
627,33.784687644883846,0.9375388515685505,0.014238078147172928,0.51224335283041,ddim,"A trumpet playing an epic solo while a guitar, bass and drums are playing in the background."
628,26.025557772531425,0.795016539235554,0.037019722163677216,2.3695991039276123,ddim,A high quality recording of a woman singing while a bass and drums play in the background.
629,27.43423481372738,0.8720768738933872,0.026361502707004547,0.8202895373106003,ddim,A high quality recording of a woman singing while a bass and drums play in the background.
630,20.755968130788464,0.5610139927055916,0.07217686623334885,2.649710774421692,ddim,A high quality recording of a woman singing while a bass and drums play in the background.
631,19.071989997943714,0.4577146574068519,0.08682812750339508,3.7626620531082153,ddim,A high quality recording of a woman singing while a bass and drums play in the background.
632,27.530705484852753,0.902968552791688,0.02545175515115261,1.2974129915237427,ddim,"A high quality recording of a trumpet, bass and drums playing."
633,30.612280527619376,0.8749493023742048,0.021812092512845993,1.3023724853992462,ddim,"A high quality recording of a trumpet, bass and drums playing."
634,33.234852514567955,0.9226749655909564,0.016206078231334686,0.905316561460495,ddim,"A high quality recording of a trumpet, bass and drums playing."
635,27.509823335449553,0.821168849504741,0.03053084760904312,1.0547128319740295,ddim,"A high quality recording of a trumpet, bass and drums playing."
636,30.722633915051595,0.8723415190941411,0.021374361589550972,1.406347632408142,ddim,A recording of a techno song.
637,32.14981036585342,0.8328989957553,0.016051124781370163,0.7697226107120514,ddim,A recording of a techno song.
638,29.053881882188083,0.8946976212203358,0.023887351155281067,0.5736357159912586,ddim,A recording of a techno song.
639,27.979678272160665,0.8766109501745776,0.0283746886998415,0.9933431446552277,ddim,A recording of a techno song.
640,30.13540551850771,0.8586428628069857,0.02182898111641407,1.222176730632782,ddim,A recording of an upbeat country song.
641,32.57137710545297,0.9057392236384336,0.017249127849936485,0.8948417603969574,ddim,A recording of an upbeat country song.
642,27.85785233536987,0.809019202022629,0.02972247824072838,1.2817705571651459,ddim,A recording of an upbeat country song.
643,32.19555675489504,0.9035899512250938,0.016936609521508217,2.260179579257965,ddim,A recording of an upbeat country song.
644,30.77347347682425,0.9127452861360968,0.0191081240773201,0.6182439178228378,ddim,A high quality recording of a flute playing a cool rock solo with accompaniment.
645,30.549915260485648,0.8801298623637663,0.020652083680033684,0.8836047053337097,ddim,A high quality recording of a flute playing a cool rock solo with accompaniment.
646,29.596872130456866,0.9015869684614494,0.021777207031846046,0.7746292352676392,ddim,A high quality recording of a flute playing a cool rock solo with accompaniment.
647,27.178270871577872,0.8654568444683703,0.02781364694237709,1.2408569753170013,ddim,A high quality recording of a flute playing a cool rock solo with accompaniment.
648,27.676807986327244,0.7548083882204487,0.031892161816358566,2.5272198915481567,ddim,A recording of harsh and scary Chinese music.
649,33.444722684166884,0.9232704486015598,0.011525031179189682,1.046514630317688,ddim,A recording of harsh and scary Chinese music.
650,31.056141151585045,0.881955753097169,0.020480584353208542,1.2781686186790466,ddim,A recording of harsh and scary Chinese music.
651,32.981545648285405,0.9018005938990404,0.016191182658076286,0.9646711945533752,ddim,A recording of harsh and scary Chinese music.
652,23.785702532902825,0.7790210081414737,0.045493774116039276,2.7867608070373535,ddim,"A banjo playing alongside a piano, bass and drums in an upbeat old-timey cool country song."
653,31.364390097817953,0.9175788757174541,0.018383372575044632,0.7945257425308228,ddim,"A banjo playing alongside a piano, bass and drums in an upbeat old-timey cool country song."
654,30.797187043146824,0.9176205333525947,0.01996745355427265,0.6580891311168671,ddim,"A banjo playing alongside a piano, bass and drums in an upbeat old-timey cool country song."
655,33.74310791299355,0.9287538476927383,0.014656610786914825,0.5308233797550201,ddim,"A banjo playing alongside a piano, bass and drums in an upbeat old-timey cool country song."
656,29.369961957775203,0.840418935741237,0.02417462319135666,1.3565252423286438,ddim,A recording of a movie soundtrack.
657,30.096297986087116,0.8776657924885384,0.02161473035812378,0.8699343502521515,ddim,A recording of a movie soundtrack.
658,29.32531226654566,0.9008418376411803,0.021664872765541077,0.8475080132484436,ddim,A recording of a movie soundtrack.
659,34.017796746444084,0.9297514176176607,0.013806208968162537,0.6362361013889313,ddim,A recording of a movie soundtrack.
660,28.007486274617683,0.8313822155211313,0.02800617180764675,0.6520715830847621,ddim,A rap song of a man singing while bass and drums accompany him.
661,28.854571625209985,0.8872209515706208,0.02333781309425831,0.6440155208110809,ddim,A rap song of a man singing while bass and drums accompany him.
662,30.917906259405235,0.8980285910073117,0.017423661425709724,1.0368156433105469,ddim,A rap song of a man singing while bass and drums accompany him.
663,24.683092643935947,0.7551327453834802,0.04268019646406174,1.3557024002075195,ddim,A rap song of a man singing while bass and drums accompany him.
664,21.06839905670447,0.6256617835725836,0.06907031685113907,3.16770076751709,ddim,A recording of an old timey rock song from the eighties.
665,37.33211656989102,0.9542191777028449,0.006928869988769293,0.38929393887519836,ddim,A recording of an old timey rock song from the eighties.
666,29.710370176490322,0.923265978999809,0.021647732704877853,0.4958629459142685,ddim,A recording of an old timey rock song from the eighties.
667,18.98495823692234,0.560286216683967,0.08802876621484756,3.1669230461120605,ddim,A recording of an old timey rock song from the eighties.
668,29.77461178376961,0.8594102018439358,0.019165731966495514,0.5787137001752853,ddim,"A high quality recording of a piano, flutes and drums playing."
669,26.925482063947534,0.8565740661971284,0.030429832637310028,1.1719480752944946,ddim,"A high quality recording of a piano, flutes and drums playing."
670,30.913692820586224,0.9043457868858704,0.01982719823718071,0.6212139129638672,ddim,"A high quality recording of a piano, flutes and drums playing."
671,25.97135906937376,0.7588521559276002,0.03592865541577339,1.6746230721473694,ddim,"A high quality recording of a piano, flutes and drums playing."
672,30.00389634052564,0.8992369861341776,0.018704362213611603,2.1389954686164856,ddim,A recording of a cool mysterious orchestral movie soundtrack song.
673,31.396214369195228,0.8747880444255968,0.019959209486842155,1.1976417303085327,ddim,A recording of a cool mysterious orchestral movie soundtrack song.
674,35.01269946937454,0.9328197317620411,0.010703383944928646,0.4824928194284439,ddim,A recording of a cool mysterious orchestral movie soundtrack song.
675,23.767804105874756,0.7970692619457076,0.034849733114242554,1.021158128976822,ddim,A recording of a cool mysterious orchestral movie soundtrack song.
676,31.726386434046155,0.896076781899021,0.01941438764333725,1.0355224311351776,ddim,"A guitar, piano, bass and drums playing a cool happy song."
677,29.365652390233677,0.8370009739585146,0.023193679749965668,1.2861266136169434,ddim,"A guitar, piano, bass and drums playing a cool happy song."
678,32.24552714078696,0.9072905441293929,0.01802668906748295,0.6274691224098206,ddim,"A guitar, piano, bass and drums playing a cool happy song."
679,28.348184342345036,0.8551414387262283,0.021335015073418617,1.2972166538238525,ddim,"A guitar, piano, bass and drums playing a cool happy song."
680,30.91670294962492,0.9160508194107196,0.01841898262500763,0.4967489428818226,ddim,A recording of an epic classical score.
681,33.00850488309741,0.9131585123499311,0.015566864050924778,0.9221048355102539,ddim,A recording of an epic classical score.
682,32.85563820205085,0.9151389814248307,0.013474230654537678,0.9771041572093964,ddim,A recording of an epic classical score.
683,32.59457630462964,0.9236698982450582,0.013104199431836605,0.6298759207129478,ddim,A recording of an epic classical score.
684,24.578181215173295,0.6461865363751127,0.043041545897722244,1.9346073865890503,ddim,"A high quality recording of violins playing a melody and a piano, bass and drums accompany them."
685,29.263012058472746,0.9166722503145394,0.02349083684384823,1.3448074460029602,ddim,"A high quality recording of violins playing a melody and a piano, bass and drums accompany them."
686,29.339627921661965,0.902126827501787,0.021126169711351395,1.440222144126892,ddim,"A high quality recording of violins playing a melody and a piano, bass and drums accompany them."
687,34.39757590390846,0.9320427433159792,0.012935091741383076,0.961643248796463,ddim,"A high quality recording of violins playing a melody and a piano, bass and drums accompany them."
688,32.27463773157575,0.9316788517278229,0.01670246757566929,0.5308473408222198,ddim,A recording of a pop song.
689,28.14775007123467,0.8009878991101175,0.027411188930273056,0.897800549864769,ddim,A recording of a pop song.
690,25.97390788807361,0.8291152637600422,0.03235654532909393,0.9044762849807739,ddim,A recording of a pop song.
691,29.21889482189173,0.8946521555419074,0.021671608090400696,0.71309494972229,ddim,A recording of a pop song.
692,31.166831284596803,0.8557036992498781,0.018435632809996605,1.0581865906715393,ddim,A recording of a grunge rock song.
693,27.803741922027307,0.8420673651085288,0.030043119564652443,1.440619170665741,ddim,A recording of a grunge rock song.
694,23.95310522888554,0.7302217434153674,0.045731183141469955,2.432099223136902,ddim,A recording of a grunge rock song.
695,30.747042216552195,0.8590333949377469,0.020230380818247795,0.9379687607288361,ddim,A recording of a grunge rock song.
696,34.98628061447435,0.9315067700315046,0.010720944963395596,1.5874779224395752,ddim,A high quality recording of flutes and drums playing.
697,29.34863313835168,0.8766805591047045,0.016714606434106827,0.5951163172721863,ddim,A high quality recording of flutes and drums playing.
698,35.03101311668403,0.9452092533370019,0.0089612677693367,0.7985870242118835,ddim,A high quality recording of flutes and drums playing.
699,23.560537872675503,0.6588521558143214,0.04883529618382454,1.7644936442375183,ddim,A high quality recording of flutes and drums playing.
700,30.997572410600277,0.887752812960132,0.02095883898437023,1.0115006566047668,ddim,A recording of an epic soundtrack.
701,29.635120544448725,0.8674080323543464,0.02384248934686184,0.9380171895027161,ddim,A recording of an epic soundtrack.
702,32.941451522788526,0.9206786505907666,0.015395605005323887,0.5299982875585556,ddim,A recording of an epic soundtrack.
703,27.647873789448354,0.8298321290391918,0.030653050169348717,2.2731903791427612,ddim,A recording of an epic soundtrack.
704,31.13457535315531,0.923270793000904,0.018510054796934128,1.887500822544098,ddim,"A trumpet, piano, bass and drums playing a cool happy song."
705,32.40848087369325,0.8990120662953056,0.01781250536441803,1.1259702742099762,ddim,"A trumpet, piano, bass and drums playing a cool happy song."
706,28.558172351216328,0.8696966412965742,0.026927201077342033,1.7845138907432556,ddim,"A trumpet, piano, bass and drums playing a cool happy song."
707,30.659396875101734,0.907038661385779,0.02065780945122242,0.8104214370250702,ddim,"A trumpet, piano, bass and drums playing a cool happy song."
708,31.378298992986934,0.898767356113893,0.01951429434120655,1.3479450345039368,ddim,A recording of a cool rock song.
709,31.517787552902846,0.9004122725227182,0.019138488918542862,1.1821855008602142,ddim,A recording of a cool rock song.
710,33.82245385187312,0.9253735956229984,0.014755037613213062,0.8039262890815735,ddim,A recording of a cool rock song.
711,33.08499047546378,0.9196056700872396,0.015976181253790855,0.716306746006012,ddim,A recording of a cool rock song.
712,33.87534234002445,0.9214256441070557,0.015082807280123234,0.6958224773406982,ddim,A high quality recording of a rock band playing.
713,32.22166800707026,0.8867293526401885,0.01777799054980278,0.978823259472847,ddim,A high quality recording of a rock band playing.
714,32.37017600056131,0.9068917131939332,0.017619628459215164,0.6518030278384686,ddim,A high quality recording of a rock band playing.
715,30.715956912493887,0.9015374468827017,0.02163413166999817,1.4235640168190002,ddim,A high quality recording of a rock band playing.
716,29.165446720739393,0.8963212019606864,0.025494441390037537,0.7887992858886719,ddim,A high quality recording of a jazz band playing a happy song.
717,29.77762583910959,0.8838584543423176,0.02372335083782673,1.0649316906929016,ddim,A high quality recording of a jazz band playing a happy song.
718,32.14397622454059,0.9103524507722209,0.017838522791862488,0.864932656288147,ddim,A high quality recording of a jazz band playing a happy song.
719,26.299912687578836,0.8507373852181158,0.03013017401099205,0.8734690360724926,ddim,A high quality recording of a jazz band playing a happy song.
720,21.72793680667269,0.6160029530991272,0.052444346249103546,3.6731783151626587,ddim,"a saxophone, violin, piano, bass and drums playing."
721,31.627587543444896,0.9358109745868176,0.018848640844225883,0.3961602561175823,ddim,"a saxophone, violin, piano, bass and drums playing."
722,35.69074415071971,0.9384864644774416,0.00839065108448267,0.47991567850112915,ddim,"a saxophone, violin, piano, bass and drums playing."
723,33.865474583340614,0.9355540095504907,0.014644070528447628,0.7442572861909866,ddim,"a saxophone, violin, piano, bass and drums playing."
724,32.25301542351394,0.8982080950914749,0.01730583794414997,0.6163437962532043,ddim,"A metal song with a singer, bass and drums playing."
725,32.77899359724382,0.9291016219708932,0.016743548214435577,0.553970493376255,ddim,"A metal song with a singer, bass and drums playing."
726,34.372492151977085,0.9210845159190177,0.013021527789533138,0.7167602479457855,ddim,"A metal song with a singer, bass and drums playing."
727,32.89596656268872,0.9123044996741037,0.01587783358991146,0.6588018983602524,ddim,"A metal song with a singer, bass and drums playing."
728,34.340365140196056,0.9579874921678526,0.013615102507174015,0.5694472789764404,ddim,"A high quality recording of a trumpet, a piano, a bass guitar and drums playing."
729,31.40590824242477,0.8604490741830447,0.01841764710843563,0.9665921926498413,ddim,"A high quality recording of a trumpet, a piano, a bass guitar and drums playing."
730,28.58212439548805,0.8626406870174297,0.02699565328657627,1.1190850734710693,ddim,"A high quality recording of a trumpet, a piano, a bass guitar and drums playing."
731,32.75900685157932,0.893945568305505,0.015186536125838757,0.7583959996700287,ddim,"A high quality recording of a trumpet, a piano, a bass guitar and drums playing."
732,32.432382401228395,0.9492331451122341,0.016415147110819817,0.6374390572309494,ddim,A high quality recording of a piano playing a melody while another piano and drums are playing in the background.
733,22.23994673081502,0.7879247940263896,0.060329049825668335,1.47520712018013,ddim,A high quality recording of a piano playing a melody while another piano and drums are playing in the background.
734,23.73432159645531,0.7761402494264037,0.04577773064374924,2.3742475509643555,ddim,A high quality recording of a piano playing a melody while another piano and drums are playing in the background.
735,28.617949525434856,0.8813834245294446,0.026035204529762268,0.8402493596076965,ddim,A high quality recording of a piano playing a melody while another piano and drums are playing in the background.
736,31.269218065245262,0.9042193184602535,0.020347507670521736,0.5184967219829559,ddim,"A woman humming a quiet jazz melody, with an accompaniment of bass and drums."
737,27.948771446926628,0.8711121121720654,0.029402585700154305,1.1950648427009583,ddim,"A woman humming a quiet jazz melody, with an accompaniment of bass and drums."
738,18.202906007174395,0.4831820784596662,0.08805232495069504,2.44284987449646,ddim,"A woman humming a quiet jazz melody, with an accompaniment of bass and drums."
739,21.57173795409151,0.46794909951568997,0.06441736966371536,2.811737835407257,ddim,"A woman humming a quiet jazz melody, with an accompaniment of bass and drums."
740,17.38237220106876,0.4552849400332119,0.10946393013000488,4.05258321762085,ddim,A high quality recording of a man singing and violins playing a happy and emotional  piece.
741,31.410195614489837,0.9179868935211509,0.019647320732474327,1.0818994641304016,ddim,A high quality recording of a man singing and violins playing a happy and emotional  piece.
742,31.96479936549771,0.9471582380195896,0.017863145098090172,0.563287653028965,ddim,A high quality recording of a man singing and violins playing a happy and emotional  piece.
743,32.73042216766161,0.9312133935084068,0.01716882735490799,0.5326326824724674,ddim,A high quality recording of a man singing and violins playing a happy and emotional  piece.
744,34.778504022725414,0.9193058471640445,0.012112054973840714,0.7356602549552917,ddim,A high quality recording of a rock band playing a somber rock song.
745,32.88037839406675,0.894367971611465,0.015845248475670815,0.7819447219371796,ddim,A high quality recording of a rock band playing a somber rock song.
746,33.64221398708051,0.9207586440485113,0.014284404926002026,0.5768388882279396,ddim,A high quality recording of a rock band playing a somber rock song.
747,34.910927075304514,0.9106966651958034,0.010994849726557732,0.4144449010491371,ddim,A high quality recording of a rock band playing a somber rock song.
748,34.25332686577395,0.941785422123593,0.01265013962984085,0.33206475898623466,ddim,A recording of an old upbeat cool rock song.
749,33.554561912602516,0.9044742316569215,0.014557556249201298,1.0167114734649658,ddim,A recording of an old upbeat cool rock song.
750,31.59833523522075,0.9181828411575883,0.0192023403942585,0.6575557887554169,ddim,A recording of an old upbeat cool rock song.
751,31.29680578198142,0.9219993109774639,0.019929945468902588,0.6816959083080292,ddim,A recording of an old upbeat cool rock song.
752,34.733138533315596,0.9202936319054319,0.01292829867452383,0.6855123192071915,ddim,A recording of a heavy metal song.
753,28.82156787489343,0.89867448472145,0.027181610465049744,1.0290864408016205,ddim,A recording of a heavy metal song.
754,34.81795008392681,0.9249497548511936,0.012932872399687767,0.7003688663244247,ddim,A recording of a heavy metal song.
755,26.66717206453106,0.7922837735046281,0.02895662747323513,1.0460541099309921,ddim,A recording of a heavy metal song.
756,26.265195362082405,0.7183358933656132,0.035384003072977066,2.2632288336753845,ddim,A recording of a Chinese song.
757,35.03690640425458,0.8976279868870352,0.00861371774226427,0.5970532298088074,ddim,A recording of a Chinese song.
758,31.102806324368146,0.9062160400752177,0.02012608014047146,0.7134630680084229,ddim,A recording of a Chinese song.
759,27.959766068924278,0.7621524534914607,0.028509369120001793,2.3264864087104797,ddim,A recording of a Chinese song.
760,30.261918173838502,0.8778327266671302,0.020587584003806114,1.0671514570713043,ddim,"A high quality recording of a trumpet, a guitar, a piano, a bass guitar and drums playing."
761,34.79188652728215,0.9782508163775373,0.01003878191113472,0.3627328798174858,ddim,"A high quality recording of a trumpet, a guitar, a piano, a bass guitar and drums playing."
762,27.324943162012648,0.8638782098674868,0.027550093829631805,1.588538646697998,ddim,"A high quality recording of a trumpet, a guitar, a piano, a bass guitar and drums playing."
763,31.453471722684583,0.9074175205822111,0.019374694675207138,0.7163406014442444,ddim,"A high quality recording of a trumpet, a guitar, a piano, a bass guitar and drums playing."
764,30.85473090077347,0.8973099608602058,0.020905375480651855,1.1163288950920105,ddim,A recording of calm happy rock song.
765,35.361684847234585,0.9688904891377036,0.00659597385674715,0.48311586678028107,ddim,A recording of calm happy rock song.
766,33.50329953047896,0.9351943086129791,0.01546657457947731,0.6948646306991577,ddim,A recording of calm happy rock song.
767,33.028358096253875,0.9290967193808005,0.013823069632053375,0.5895739048719406,ddim,A recording of calm happy rock song.
768,31.238808574871374,0.8922283796558366,0.01971985213458538,0.8405921906232834,ddim,A recording of a rave techno song.
769,31.16314307364213,0.9055633940116369,0.020765243098139763,0.7808693647384644,ddim,A recording of a rave techno song.
770,27.274365590835842,0.8589791000619436,0.031120827421545982,1.193099319934845,ddim,A recording of a rave techno song.
771,31.62936650751121,0.8883120648296632,0.01820814423263073,0.7153814136981964,ddim,A recording of a rave techno song.
772,32.49615348702151,0.9531745005007158,0.016879143193364143,0.5668720155954361,ddim,A high quality recording of a woman vocalizing an epic opera solo with accompaniment.
773,31.420855273809384,0.9435313171214401,0.01935216225683689,0.8684775531291962,ddim,A high quality recording of a woman vocalizing an epic opera solo with accompaniment.
774,30.930743718022686,0.9056420670817421,0.019164491444826126,0.8101295232772827,ddim,A high quality recording of a woman vocalizing an epic opera solo with accompaniment.
775,30.146158689995247,0.899989407359934,0.021809745579957962,0.8657147288322449,ddim,A high quality recording of a woman vocalizing an epic opera solo with accompaniment.
776,28.24700577101389,0.8697473628981908,0.025456728413701057,1.172604888677597,ddim,A high quality recording of Arabic instruments playing.
777,26.177275210433443,0.8348173911398761,0.036709949374198914,1.1280859112739563,ddim,A high quality recording of Arabic instruments playing.
778,25.3858845978543,0.7439865350592307,0.04127737879753113,2.125736653804779,ddim,A high quality recording of Arabic instruments playing.
779,18.849944555965628,0.46708303643193655,0.082805335521698,2.151603043079376,ddim,A high quality recording of Arabic instruments playing.
780,31.55879022631843,0.9023987308086473,0.018908051773905754,1.4072778820991516,ddim,A calm song with violins and drums playing.
781,33.57893237029829,0.9206594626987787,0.0128797497600317,0.6510010659694672,ddim,A calm song with violins and drums playing.
782,29.973446978793163,0.9256435669287928,0.021284813061356544,0.6768125221133232,ddim,A calm song with violins and drums playing.
783,30.571372633482838,0.9413939140524943,0.020599516108632088,0.7032343149185181,ddim,A calm song with violins and drums playing.
784,35.70846965540768,0.9622534899628156,0.01154714822769165,0.8072533309459686,ddim,Flutes and guitars playing a happy calm song.
785,30.587062998466365,0.8866966639699138,0.020959606394171715,1.2406863570213318,ddim,Flutes and guitars playing a happy calm song.
786,23.63267199570994,0.5939982041428352,0.04376964643597603,1.7159457057714462,ddim,Flutes and guitars playing a happy calm song.
787,32.738053282575976,0.87870745361379,0.015208925120532513,0.9458164572715759,ddim,Flutes and guitars playing a happy calm song.
788,20.590330317305366,0.5389674677635095,0.06665854156017303,4.094732999801636,ddim,"A violin and a saxophone playing a cool jazz melody, with an accompaniment of a piano, bass and drums."
789,31.351375157800838,0.9184356869583918,0.01789780706167221,1.2970717549324036,ddim,"A violin and a saxophone playing a cool jazz melody, with an accompaniment of a piano, bass and drums."
790,31.987599638722877,0.9246811189685676,0.0173621978610754,0.644645944237709,ddim,"A violin and a saxophone playing a cool jazz melody, with an accompaniment of a piano, bass and drums."
791,29.36629124416905,0.8895363006372217,0.024155883118510246,0.7541408836841583,ddim,"A violin and a saxophone playing a cool jazz melody, with an accompaniment of a piano, bass and drums."
792,30.5004701222717,0.866297903099231,0.021008700132369995,0.7534471079707146,ddim,A recording of upbeat pop music.
793,29.6443185013708,0.863788562537894,0.022017702460289,0.7836493253707886,ddim,A recording of upbeat pop music.
794,20.530555022721476,0.5979017315207098,0.06903889775276184,2.328429698944092,ddim,A recording of upbeat pop music.
795,32.94206191316347,0.8888889356224365,0.013589676469564438,0.46909286081790924,ddim,A recording of upbeat pop music.
796,31.714988604848347,0.8895227933443164,0.017413461580872536,0.5973649173974991,ddim,"A saxophone playing while a guitar, bass and drums playing in the background."
797,30.56807627489796,0.9148313951713594,0.021644337102770805,1.6116515398025513,ddim,"A saxophone playing while a guitar, bass and drums playing in the background."
798,29.380930650606114,0.8194877416903803,0.021035086363554,0.7605723459273577,ddim,"A saxophone playing while a guitar, bass and drums playing in the background."
799,20.841467947056177,0.5623181189099412,0.06424809992313385,2.7979127168655396,ddim,"A saxophone playing while a guitar, bass and drums playing in the background."
800,32.893584966886344,0.9052180684871843,0.016113467514514923,0.6872393041849136,ddim,A recording of a happy country song.
801,29.272802617823828,0.8662764766664727,0.02104922942817211,0.9335439503192902,ddim,A recording of a happy country song.
802,30.942127292890657,0.9041908424026817,0.020653333514928818,1.1508821249008179,ddim,A recording of a happy country song.
803,18.523070599269598,0.5352095190510164,0.0722743421792984,3.1179147362709045,ddim,A recording of a happy country song.
804,22.193589790272842,0.6151157318017842,0.0572352297604084,2.4744174480438232,ddim,"A woman is singing a country song with a trumpet, bass and drums playing in the background."
805,22.522311230227082,0.7055979217462347,0.056907303631305695,1.9352624416351318,ddim,"A woman is singing a country song with a trumpet, bass and drums playing in the background."
806,25.192432212893937,0.7958289893454221,0.03327531740069389,1.015907272696495,ddim,"A woman is singing a country song with a trumpet, bass and drums playing in the background."
807,33.06006040003756,0.9396172478157279,0.01632080227136612,0.7574364840984344,ddim,"A woman is singing a country song with a trumpet, bass and drums playing in the background."
808,31.27154592942454,0.900166561198909,0.01986088789999485,1.1659908890724182,ddim,A recording of an old upbeat cool Arabic song.
809,33.43999311494446,0.9401296386746016,0.016142042353749275,0.7939096689224243,ddim,A recording of an old upbeat cool Arabic song.
810,25.168260158325182,0.7436947421008189,0.036021437495946884,1.1658687461167574,ddim,A recording of an old upbeat cool Arabic song.
811,22.738210796200605,0.7499189085563056,0.05014410614967346,2.5776784420013428,ddim,A recording of an old upbeat cool Arabic song.
812,31.199817946455642,0.8784476381120582,0.020553477108478546,0.9337976574897766,ddim,"A guitar playing a romantic country melody while a piano, bass and drums play in the background."
813,31.811137633481998,0.919572717116494,0.01800655573606491,0.5655665472149849,ddim,"A guitar playing a romantic country melody while a piano, bass and drums play in the background."
814,27.49875379885161,0.8285581678404724,0.030697347596287727,0.7701554149389267,ddim,"A guitar playing a romantic country melody while a piano, bass and drums play in the background."
815,32.014638494233445,0.918316363933811,0.018251588568091393,0.837122917175293,ddim,"A guitar playing a romantic country melody while a piano, bass and drums play in the background."
816,33.74142642480213,0.9153243828849557,0.015106519684195518,0.9215216040611267,ddim,A high quality recording of a retro arcade soundtrack playing.
817,29.7569255157652,0.8838928058611791,0.021968720480799675,0.6341911274939775,ddim,A high quality recording of a retro arcade soundtrack playing.
818,33.448121288696065,0.9239898412797443,0.013592369854450226,0.5932397097349167,ddim,A high quality recording of a retro arcade soundtrack playing.
819,32.7678891725326,0.8839041531594637,0.016754260286688805,0.9287987947463989,ddim,A high quality recording of a retro arcade soundtrack playing.
820,33.37339456931471,0.9263054784115586,0.01552658062428236,0.513285867869854,ddim,Strings playing a scary death metal melody with trumpets and drums accompaniment in the background.
821,32.54673646583497,0.9536157266036247,0.0155565170571208,1.6211495995521545,ddim,Strings playing a scary death metal melody with trumpets and drums accompaniment in the background.
822,33.262894097939416,0.9262793014846256,0.014823179692029953,0.3492291495203972,ddim,Strings playing a scary death metal melody with trumpets and drums accompaniment in the background.
823,34.431773911501494,0.9237243955809991,0.012717760168015957,0.7923915684223175,ddim,Strings playing a scary death metal melody with trumpets and drums accompaniment in the background.
824,31.872504370077962,0.9005766530605293,0.018590787425637245,0.7945379316806793,ddim,"A punk song of a man singing while a guitar, bass and drums accompany him."
825,24.083858791064753,0.7744344556651577,0.04661303386092186,1.986900806427002,ddim,"A punk song of a man singing while a guitar, bass and drums accompany him."
826,30.505787617984723,0.8959988502863994,0.020167145878076553,2.2645886540412903,ddim,"A punk song of a man singing while a guitar, bass and drums accompany him."
827,28.210177947982494,0.8571306716604167,0.029606183990836143,1.5842247009277344,ddim,"A punk song of a man singing while a guitar, bass and drums accompany him."
828,32.19007377466836,0.9081093176189772,0.018106510862708092,0.6726903468370438,ddim,A recording of a calm reggae song.
829,30.77126765350066,0.8908419079136144,0.021545208990573883,0.9459201097488403,ddim,A recording of a calm reggae song.
830,32.495461086486145,0.912030833118791,0.017168229445815086,0.8488460928201675,ddim,A recording of a calm reggae song.
831,24.177453614102653,0.8354475725962747,0.02307596430182457,2.749971866607666,ddim,A recording of a calm reggae song.
832,28.41559968620157,0.8770937876955638,0.025172799825668335,1.720194697380066,ddim,A recording of an upbeat cool jazz song.
833,32.109715883473086,0.9093793085593426,0.018311742693185806,0.8758061230182648,ddim,A recording of an upbeat cool jazz song.
834,31.76850297985293,0.8812011733950763,0.018412262201309204,0.6717765629291534,ddim,A recording of an upbeat cool jazz song.
835,21.406822468894386,0.6287557610039531,0.0578625462949276,2.1007981300354004,ddim,A recording of an upbeat cool jazz song.
836,33.70446236386673,0.9492886463684012,0.013108004815876484,0.3787712901830673,ddim,A recording of a happy upbeat classical music piece.
837,27.038010483482225,0.8248034926290226,0.0280638225376606,0.771820068359375,ddim,A recording of a happy upbeat classical music piece.
838,30.537010217589753,0.9271194269929389,0.021724872291088104,0.5564156845211983,ddim,A recording of a happy upbeat classical music piece.
839,24.237433787732478,0.7736777204330029,0.0454217903316021,2.3752994537353516,ddim,A recording of a happy upbeat classical music piece.
840,32.89680296930877,0.8789995383813698,0.014429338276386261,0.6820428371429443,ddim,A high quality recording of strings playing.
841,25.166993963442252,0.7032198820706085,0.038831084966659546,1.3725517466664314,ddim,A high quality recording of strings playing.
842,31.20500420324895,0.8913381659404654,0.02007933147251606,1.2263169884681702,ddim,A high quality recording of strings playing.
843,27.737189260152718,0.8425471971154577,0.026455577462911606,0.8582174926996231,ddim,A high quality recording of strings playing.
844,29.55622816903543,0.8802079024246817,0.024747535586357117,1.374260663986206,ddim,"A high quality recording of a woman singing, and a piano, bass and drums playing."
845,32.29186034392885,0.9234054859755378,0.017178991809487343,0.5403636749833822,ddim,"A high quality recording of a woman singing, and a piano, bass and drums playing."
846,26.14495083583045,0.8039179068425666,0.036896929144859314,1.074916958808899,ddim,"A high quality recording of a woman singing, and a piano, bass and drums playing."
847,23.048847925634313,0.6549407762542857,0.05417927727103233,2.296096920967102,ddim,"A high quality recording of a woman singing, and a piano, bass and drums playing."
848,32.893512978298396,0.929592019960922,0.016753165051341057,0.9097366333007812,ddim,"A woman is singing while another woman, guitars, drums and bass are playing in the background."
849,33.09784591925258,0.9215834322869468,0.015634549781680107,0.7325643002986908,ddim,"A woman is singing while another woman, guitars, drums and bass are playing in the background."
850,33.121965846732635,0.9231241958710623,0.01674908772110939,1.08429753780365,ddim,"A woman is singing while another woman, guitars, drums and bass are playing in the background."
851,32.56550666477503,0.9288688124362279,0.016874583438038826,0.6278153359889984,ddim,"A woman is singing while another woman, guitars, drums and bass are playing in the background."
852,24.99075988814175,0.7356211817475564,0.03975200280547142,1.5567158460617065,ddim,A reggae song of a woman singing while bass and drums accompany her.
853,24.988162141644246,0.6914379017997708,0.03440267592668533,2.5579267740249634,ddim,A reggae song of a woman singing while bass and drums accompany her.
854,28.285827846091117,0.8491699405627758,0.029080206528306007,0.9911360144615173,ddim,A reggae song of a woman singing while bass and drums accompany her.
855,32.17686868026691,0.9268352887201219,0.018526721745729446,0.5913780182600021,ddim,A reggae song of a woman singing while bass and drums accompany her.
856,29.81187859023049,0.9125786902833865,0.021965093910694122,0.9655789732933044,ddim,A high quality recording of flutes and a saxophone playing.
857,23.57764875953528,0.7554911172211373,0.04556778818368912,1.2880009971559048,ddim,A high quality recording of flutes and a saxophone playing.
858,30.928142819985286,0.894160037279275,0.02043662592768669,1.474962592124939,ddim,A high quality recording of flutes and a saxophone playing.
859,30.620540357169148,0.9052605827501826,0.019856896251440048,0.7232498228549957,ddim,A high quality recording of flutes and a saxophone playing.
860,33.23928610657646,0.9254456886069843,0.015737660229206085,0.8244990110397339,ddim,A high quality recording of a woman singing while an orchestra play in the background.
861,29.939434974064678,0.8732438187467912,0.023545369505882263,0.8306178152561188,ddim,A high quality recording of a woman singing while an orchestra play in the background.
862,31.670844795268728,0.8592464744204242,0.01880846917629242,1.3866647481918335,ddim,A high quality recording of a woman singing while an orchestra play in the background.
863,29.906554057725057,0.9249477515467386,0.021773751825094223,0.9807332754135132,ddim,A high quality recording of a woman singing while an orchestra play in the background.
864,29.233757807015607,0.821338285466901,0.02422509901225567,1.1100701102986932,ddim,"A woman vocalizing a slow cool jazz melody while an electric keyboard, bass and drums play in the background, later a saxophone preforms a solo as well."
865,28.894984500584748,0.8695470513140431,0.02739030309021473,1.8655880093574524,ddim,"A woman vocalizing a slow cool jazz melody while an electric keyboard, bass and drums play in the background, later a saxophone preforms a solo as well."
866,29.434735225467918,0.867860808948549,0.023387964814901352,1.5073047280311584,ddim,"A woman vocalizing a slow cool jazz melody while an electric keyboard, bass and drums play in the background, later a saxophone preforms a solo as well."
867,31.737514736377598,0.9193617319138824,0.019008541479706764,1.0141724348068237,ddim,"A woman vocalizing a slow cool jazz melody while an electric keyboard, bass and drums play in the background, later a saxophone preforms a solo as well."
868,29.627976475365593,0.8460076543806145,0.02374362014234066,0.8707078397274017,ddim,"A high quality recording of a woman singing while a guitar, bass and drums accompany her."
869,31.798911019090596,0.903918656483291,0.01863151229918003,0.8238380700349808,ddim,"A high quality recording of a woman singing while a guitar, bass and drums accompany her."
870,30.947725294493402,0.899701478595782,0.0217523705214262,1.203134536743164,ddim,"A high quality recording of a woman singing while a guitar, bass and drums accompany her."
871,30.756937232683804,0.9092204610774369,0.02076101489365101,0.8057283759117126,ddim,"A high quality recording of a woman singing while a guitar, bass and drums accompany her."
872,32.53706582934593,0.9182718146691143,0.01744781620800495,1.0263800621032715,ddim,Guitars playing alongside a trumpet a happy upbeat melody.
873,32.78325771369082,0.9221719841316428,0.017270302399992943,0.9661597013473511,ddim,Guitars playing alongside a trumpet a happy upbeat melody.
874,30.503626625387593,0.9255672131222387,0.023073550313711166,0.8347992599010468,ddim,Guitars playing alongside a trumpet a happy upbeat melody.
875,31.45664812677662,0.8923877037796956,0.01757664978504181,0.5331799630075693,ddim,Guitars playing alongside a trumpet a happy upbeat melody.
876,31.934430730378736,0.9107896745651625,0.016750765964388847,0.6375022828578949,ddim,"A violin playing a slow cool jazz melody while an electric keyboard, bass and drums play in the background, later a saxophone preforms a solo as well."
877,21.44787295895473,0.5436609839231736,0.05236183479428291,3.1859872341156006,ddim,"A violin playing a slow cool jazz melody while an electric keyboard, bass and drums play in the background, later a saxophone preforms a solo as well."
878,32.32127693462382,0.9356443835366559,0.017212355509400368,0.6992591023445129,ddim,"A violin playing a slow cool jazz melody while an electric keyboard, bass and drums play in the background, later a saxophone preforms a solo as well."
879,29.21495546621186,0.9043648811078653,0.017631597816944122,0.6728688478469849,ddim,"A violin playing a slow cool jazz melody while an electric keyboard, bass and drums play in the background, later a saxophone preforms a solo as well."
880,17.25791815212541,0.5196348642401083,0.09019839018583298,2.9937262535095215,ddim,A recording of a calm rock song.
881,31.074697097195703,0.9338572657515242,0.01950851082801819,0.5700614356901497,ddim,A recording of a calm rock song.
882,30.410893587732243,0.861904405507353,0.02184157632291317,0.9568189978599548,ddim,A recording of a calm rock song.
883,32.235530917141716,0.8908061938044998,0.015889480710029602,0.6354220174252987,ddim,A recording of a calm rock song.
884,33.08279759501286,0.9240257390661982,0.01534372940659523,0.6392978578805923,ddim,A recording of a happy calm country song.
885,29.852547507883457,0.8833049769833325,0.023778175935149193,0.9490662813186646,ddim,A recording of a happy calm country song.
886,28.552878807315814,0.8702502115093026,0.028194371610879898,1.439220905303955,ddim,A recording of a happy calm country song.
887,30.712901112205987,0.8918967882326521,0.018759721890091896,0.6223783977329731,ddim,A recording of a happy calm country song.
888,31.04362882014293,0.9186585280370968,0.020147183910012245,0.9848825931549072,ddim,A high quality recording of a woman singing while bass and drums accompany her.
889,29.240413916625148,0.8685828595921982,0.024968521669507027,1.6330387592315674,ddim,A high quality recording of a woman singing while bass and drums accompany her.
890,32.19377356055281,0.9130644553233331,0.014676856808364391,0.45686107501387596,ddim,A high quality recording of a woman singing while bass and drums accompany her.
891,30.66754467448368,0.898283078486632,0.02107122354209423,0.7307820990681648,ddim,A high quality recording of a woman singing while bass and drums accompany her.
892,31.37880703284789,0.9033754733341114,0.017450693994760513,1.1470599174499512,ddim,An electric guitar playing epic riffs while bass and drums are playing in the background.
893,23.610381327133307,0.6789229216264774,0.050261761993169785,2.36988627910614,ddim,An electric guitar playing epic riffs while bass and drums are playing in the background.
894,30.011670775045218,0.8909678060853838,0.022892355918884277,0.591920018196106,ddim,An electric guitar playing epic riffs while bass and drums are playing in the background.
895,28.212118437888797,0.9138680445660722,0.01965518482029438,1.173112690448761,ddim,An electric guitar playing epic riffs while bass and drums are playing in the background.
896,33.08445889592657,0.9234830949835711,0.0156117407605052,0.631256103515625,ddim,"strings, flutes, and harps playing an upbeat piece."
897,33.36582819143303,0.927410365994216,0.014422363601624966,0.48250794410705566,ddim,"strings, flutes, and harps playing an upbeat piece."
898,33.97089837818425,0.9572888950681566,0.012813560664653778,0.5973866581916809,ddim,"strings, flutes, and harps playing an upbeat piece."
899,31.58810043363408,0.8666788295301924,0.019640890881419182,1.612851619720459,ddim,"strings, flutes, and harps playing an upbeat piece."
900,29.35011483768353,0.8610110648224439,0.024367161095142365,0.9683108031749725,ddim,A recording of  calm jazz song.
901,33.44034693336749,0.9154572413982851,0.01275261864066124,0.4263623282313347,ddim,A recording of  calm jazz song.
902,29.941913394603752,0.8524917202231896,0.02388971671462059,1.1733335554599762,ddim,A recording of  calm jazz song.
903,28.568197114300737,0.8739171572197264,0.022584805265069008,0.7720365524291992,ddim,A recording of  calm jazz song.
904,31.327313629304456,0.8770018159447472,0.019091611728072166,0.6330774649977684,ddim,An upbeat song with electric guitars and drums playing.
905,31.934353476152268,0.9352215590698119,0.01764923334121704,0.4893897622823715,ddim,An upbeat song with electric guitars and drums playing.
906,31.10991320069967,0.9272116566397375,0.019924409687519073,0.7275929898023605,ddim,An upbeat song with electric guitars and drums playing.
907,28.9317978147595,0.866805460528255,0.026531394571065903,0.9394956827163696,ddim,An upbeat song with electric guitars and drums playing.
908,32.72453655605137,0.9083302362662392,0.01650908775627613,0.6865556687116623,ddim,"A cool 80s rock song of a man singing while a guitar, bass and drums accompany him."
909,31.494166042091322,0.9044849970633123,0.019789496436715126,0.8719919323921204,ddim,"A cool 80s rock song of a man singing while a guitar, bass and drums accompany him."
910,30.974601464309668,0.9068974854852252,0.020992275327444077,0.8981162309646606,ddim,"A cool 80s rock song of a man singing while a guitar, bass and drums accompany him."
911,32.23511096546313,0.8946798880761572,0.018229780718684196,1.243977129459381,ddim,"A cool 80s rock song of a man singing while a guitar, bass and drums accompany him."
912,23.07146705979281,0.5196293750886026,0.05081019550561905,3.419343948364258,ddim,"A country song of a woman singing while a guitar, bass and drums accompany her."
913,29.692340858452905,0.8467464462929134,0.016740446910262108,0.9558161199092865,ddim,"A country song of a woman singing while a guitar, bass and drums accompany her."
914,28.32288343377644,0.8268994348161302,0.024692198261618614,1.023457944393158,ddim,"A country song of a woman singing while a guitar, bass and drums accompany her."
915,31.059899424562097,0.9100051122694159,0.021436750888824463,1.0868013203144073,ddim,"A country song of a woman singing while a guitar, bass and drums accompany her."
916,28.138897359756896,0.8685835220336132,0.02475595287978649,1.4599080681800842,ddim,A recording of an old timey rock song from the seventies.
917,16.807694994004663,0.3443377043622836,0.09654466807842255,2.579320415854454,ddim,A recording of an old timey rock song from the seventies.
918,32.861131875807004,0.9169829913956766,0.015110072679817677,0.9554915428161621,ddim,A recording of an old timey rock song from the seventies.
919,31.312737950772732,0.9029407033712585,0.016452161595225334,0.6326631307601929,ddim,A recording of an old timey rock song from the seventies.
920,31.695646311948348,0.9008405291790934,0.01939922757446766,0.9608376324176788,ddim,"A saxophone, guitar, bass and drums playing a cool happy song."
921,31.41078959640423,0.9042008564664976,0.015531249344348907,0.5773905664682388,ddim,"A saxophone, guitar, bass and drums playing a cool happy song."
922,35.02682833378324,0.9692784173709436,0.009868266060948372,0.3881497457623482,ddim,"A saxophone, guitar, bass and drums playing a cool happy song."
923,21.530187861542977,0.6748503431642572,0.05069814249873161,2.889192223548889,ddim,"A saxophone, guitar, bass and drums playing a cool happy song."
924,31.88556642177215,0.9159374640199444,0.018240822479128838,1.334564208984375,ddim,A recording of a scary classical music score.
925,30.367994330271625,0.9130724629110009,0.020422833040356636,0.7063236236572266,ddim,A recording of a scary classical music score.
926,29.294709989217367,0.8623520134158825,0.021932687610387802,0.7398232519626617,ddim,A recording of a scary classical music score.
927,29.340842014135347,0.9062567379479908,0.023989001289010048,0.7319040149450302,ddim,A recording of a scary classical music score.
928,28.891248315254717,0.8775896993570457,0.02707347460091114,0.7567951083183289,ddim,"A man is singing in high pitched voice while a guitar, bass and drums are accompanying him in an angry metal song."
929,31.152793092781664,0.8798733547713986,0.020580388605594635,0.9487376809120178,ddim,"A man is singing in high pitched voice while a guitar, bass and drums are accompanying him in an angry metal song."
930,34.07256616783346,0.9439030188948996,0.013696839101612568,0.6146847419440746,ddim,"A man is singing in high pitched voice while a guitar, bass and drums are accompanying him in an angry metal song."
931,29.73532180561239,0.8880675386278218,0.025529133155941963,1.4526447653770447,ddim,"A man is singing in high pitched voice while a guitar, bass and drums are accompanying him in an angry metal song."
932,25.57622748144574,0.8404376860281089,0.03763197362422943,1.236647754907608,ddim,A recording of Hindu instruments playing.
933,30.468069121971535,0.9112652416874044,0.019840465858578682,1.1273085474967957,ddim,A recording of Hindu instruments playing.
934,24.46763508331975,0.7222110605086629,0.03584147244691849,2.436181902885437,ddim,A recording of Hindu instruments playing.
935,26.399999774360214,0.8138848342878575,0.0346125103533268,1.3138023018836975,ddim,A recording of Hindu instruments playing.
936,32.637498222466604,0.9230119623616919,0.01639227569103241,0.6760804504156113,ddim,A recording of an old metal song.
937,29.723017500882026,0.8769353720661607,0.023760303854942322,1.1028019189834595,ddim,A recording of an old metal song.
938,28.07198745220036,0.8020369336647444,0.028658540919423103,1.2365022897720337,ddim,A recording of an old metal song.
939,30.67402407378621,0.9200085036233235,0.018867477774620056,1.236664056777954,ddim,A recording of an old metal song.
940,33.5127738940084,0.9084732765135949,0.014399413950741291,0.5941782221198082,ddim,A recording of an old country song.
941,33.302780137468204,0.9396171115396899,0.014853782951831818,1.0390721559524536,ddim,A recording of an old country song.
942,33.27888137644476,0.9348606642508007,0.01690433733165264,0.8858498632907867,ddim,A recording of an old country song.
943,31.130823910715367,0.875202378470033,0.021450651809573174,1.3025363087654114,ddim,A recording of an old country song.
944,32.49439604411552,0.9076405832670814,0.017808226868510246,1.0782418251037598,ddim,A high quality recording of a rock band accompaniment.
945,23.182341645579847,0.6949454382157753,0.04714135080575943,1.7366742044687271,ddim,A high quality recording of a rock band accompaniment.
946,31.943689768539684,0.9106030003651344,0.01924435794353485,1.5583745241165161,ddim,A high quality recording of a rock band accompaniment.
947,29.260531294633743,0.9033498734768317,0.024913351982831955,0.8917721509933472,ddim,A high quality recording of a rock band accompaniment.
948,28.134948923951445,0.8457522575291553,0.030032679438591003,2.170378088951111,ddim,A high quality recording of violins and a trumpet playing.
949,32.70141523654378,0.9186912861682528,0.016808249056339264,0.9980150461196899,ddim,A high quality recording of violins and a trumpet playing.
950,29.748644343502754,0.8694559095825437,0.023221271112561226,0.9845590591430664,ddim,A high quality recording of violins and a trumpet playing.
951,33.43334915276755,0.9229724894428641,0.015192248858511448,1.126718521118164,ddim,A high quality recording of violins and a trumpet playing.
952,26.491817179066068,0.8204982102136753,0.028706520795822144,1.434949517250061,ddim,A woman vocalizing playing alongside a trumpet a happy upbeat melody.
953,31.430149945667765,0.9230042233394391,0.019923262298107147,0.7832858562469482,ddim,A woman vocalizing playing alongside a trumpet a happy upbeat melody.
954,29.527380365608238,0.906680406407206,0.025676092132925987,0.8701653480529785,ddim,A woman vocalizing playing alongside a trumpet a happy upbeat melody.
955,25.78901799867273,0.7820351566612164,0.03826454281806946,2.195573568344116,ddim,A woman vocalizing playing alongside a trumpet a happy upbeat melody.
956,31.52428011749953,0.9026334778595024,0.019606895744800568,0.7020590603351593,ddim,"A rock song with a guitar, piano, bass and drums playing."
957,31.696835339446924,0.9092205931258255,0.01954600028693676,0.8680793642997742,ddim,"A rock song with a guitar, piano, bass and drums playing."
958,29.895946172089296,0.8987558745958875,0.02251279167830944,0.7718108892440796,ddim,"A rock song with a guitar, piano, bass and drums playing."
959,33.741500518022505,0.9302617305962346,0.015045450069010258,0.6328378915786743,ddim,"A rock song with a guitar, piano, bass and drums playing."
960,31.75616370769039,0.9038261085145758,0.018306797370314598,0.5722253173589706,ddim,"A recording of a sneaky, quiet and dramatic metal song, that turns loud in the middle then turns quite again."
961,27.043108716524596,0.8429597651739655,0.028405452147126198,0.9002664983272552,ddim,"A recording of a sneaky, quiet and dramatic metal song, that turns loud in the middle then turns quite again."
962,31.540053328605467,0.8443849992309765,0.018517281860113144,1.25956791639328,ddim,"A recording of a sneaky, quiet and dramatic metal song, that turns loud in the middle then turns quite again."
963,31.501827091237352,0.8899638495941036,0.016114110127091408,0.6997866928577423,ddim,"A recording of a sneaky, quiet and dramatic metal song, that turns loud in the middle then turns quite again."
964,18.27283927826372,0.4128794127695538,0.09119097143411636,3.228880226612091,ddim,A rock band playing alongside a trumpet a happy upbeat melody.
965,25.97215091286644,0.852637566204896,0.033778928220272064,0.8791279941797256,ddim,A rock band playing alongside a trumpet a happy upbeat melody.
966,31.316779623994712,0.9217044212896228,0.020515862852334976,0.8881314098834991,ddim,A rock band playing alongside a trumpet a happy upbeat melody.
967,32.65822447724469,0.9317721245886238,0.01728026382625103,0.7477046549320221,ddim,A rock band playing alongside a trumpet a happy upbeat melody.
968,28.27248537305097,0.8668141812672177,0.02700095996260643,0.7962050624191761,ddim,A high quality recording of an epic piano hard rock solo with a rock band accompaniment.
969,33.95565080062473,0.93335079303122,0.01438935287296772,0.6671320199966431,ddim,A high quality recording of an epic piano hard rock solo with a rock band accompaniment.
970,31.388044619087662,0.9045389579468636,0.019989700987935066,1.0555017590522766,ddim,A high quality recording of an epic piano hard rock solo with a rock band accompaniment.
971,31.525433507562383,0.9302914746483542,0.01820800080895424,1.2560107707977295,ddim,A high quality recording of an epic piano hard rock solo with a rock band accompaniment.
972,31.063010529242213,0.9353200401014078,0.019557109102606773,0.794602632522583,ddim,A recording of a cool calm arcade game soundtrack.
973,32.643819823834484,0.9466222116584628,0.013659769669175148,0.46126557886600494,ddim,A recording of a cool calm arcade game soundtrack.
974,33.07963062198138,0.9368010178809975,0.015313632786273956,0.8060266971588135,ddim,A recording of a cool calm arcade game soundtrack.
975,32.38330950179617,0.9477079853929322,0.015255557373166084,0.5173327922821045,ddim,A recording of a cool calm arcade game soundtrack.
976,31.235602461939873,0.8845693687809748,0.01946171745657921,0.7195544540882111,ddim,"a saxophone, trumpet, guitar, bass and drums playing."
977,29.83000512231627,0.8641849684448841,0.0230538509786129,1.5275246500968933,ddim,"a saxophone, trumpet, guitar, bass and drums playing."
978,30.992531095771945,0.8907606365005197,0.019197631627321243,0.7330585271120071,ddim,"a saxophone, trumpet, guitar, bass and drums playing."
979,30.35904429267053,0.8565667454247787,0.022310946136713028,1.3015732169151306,ddim,"a saxophone, trumpet, guitar, bass and drums playing."
980,30.254987308891366,0.8780797764727353,0.019405072554945946,1.0402085781097412,ddim,A recording of a cool mysterious rock song.
981,30.274943307754928,0.8774872039044603,0.022605612874031067,0.9489934742450714,ddim,A recording of a cool mysterious rock song.
982,30.435960658838567,0.8854000835459188,0.021713048219680786,0.7719203531742096,ddim,A recording of a cool mysterious rock song.
983,31.034430231256852,0.901635347441771,0.020991602912545204,1.2136643528938293,ddim,A recording of a cool mysterious rock song.
984,31.777447503214532,0.8996584838339835,0.016658728942275047,0.46455875784158707,ddim,A recording of calm happy jazz music.
985,32.19545224658511,0.92377199931443,0.017750689759850502,0.7977880835533142,ddim,A recording of calm happy jazz music.
986,31.032530807022496,0.9245871478450596,0.02087465114891529,0.6756594181060791,ddim,A recording of calm happy jazz music.
987,30.700449151425868,0.9033349531082837,0.020675478503108025,0.5994766503572464,ddim,A recording of calm happy jazz music.
988,28.775767076366364,0.8522681511963021,0.021145937964320183,2.7043843865394592,ddim,An orchestra playing classical music. You can hear flutes and a piano.
989,31.431584059575066,0.9212846655690382,0.01948435790836811,1.530734658241272,ddim,An orchestra playing classical music. You can hear flutes and a piano.
990,34.00574745771432,0.9546948329866541,0.01449673343449831,0.5277024507522583,ddim,An orchestra playing classical music. You can hear flutes and a piano.
991,31.92408701758996,0.9419922040011447,0.01789798215031624,0.4791358709335327,ddim,An orchestra playing classical music. You can hear flutes and a piano.
992,31.721439946283287,0.8823136308076988,0.017446409910917282,0.7529996261000633,ddim,A high quality recording of flutes playing a wedding song.
993,30.33731408679737,0.8916086125466924,0.021656645461916924,0.5331355631351471,ddim,A high quality recording of flutes playing a wedding song.
994,29.835438268075436,0.8681620666242424,0.023680919781327248,1.0291582942008972,ddim,A high quality recording of flutes playing a wedding song.
995,28.05543774980825,0.8275455013229063,0.029345229268074036,0.8671187460422516,ddim,A high quality recording of flutes playing a wedding song.
996,33.94347229183755,0.9564694295597126,0.014499658718705177,0.745336502790451,ddim,A high quality recording of a piano and violins playing a happy and emotional  piece.
997,33.005844094052826,0.9327198587021037,0.015327088534832,0.6964134573936462,ddim,A high quality recording of a piano and violins playing a happy and emotional  piece.
998,31.945715040389207,0.9294000359859448,0.01585310325026512,0.47718478739261627,ddim,A high quality recording of a piano and violins playing a happy and emotional  piece.
999,30.368990248752255,0.9226149205520576,0.020961545407772064,0.8017813265323639,ddim,A high quality recording of a piano and violins playing a happy and emotional  piece.
1000,32.21498723393153,0.8974800468645984,0.016342520713806152,0.5667759254574776,ddim,"A saxophone playing a quiet jazz melody, with an accompaniment of bass and drums."
1001,28.373937793391807,0.8984595740617762,0.02538595162332058,0.8846576809883118,ddim,"A saxophone playing a quiet jazz melody, with an accompaniment of bass and drums."
1002,33.04703333155595,0.9149246636683225,0.015789369121193886,0.772114098072052,ddim,"A saxophone playing a quiet jazz melody, with an accompaniment of bass and drums."
1003,21.899978413000746,0.4652204190596728,0.050737034529447556,1.6886210292577744,ddim,"A saxophone playing a quiet jazz melody, with an accompaniment of bass and drums."
1004,33.370277837040895,0.9454501583431193,0.01363530382514,1.25468510389328,ddim,"Chinese flutes, Chinese wind instruments and Chinese strings playing a dramatic Chinese music piece."
1005,29.724212600142536,0.8771989077760681,0.02294657751917839,1.814405083656311,ddim,"Chinese flutes, Chinese wind instruments and Chinese strings playing a dramatic Chinese music piece."
1006,32.62811225552587,0.9321033970520786,0.01555587723851204,0.5311780869960785,ddim,"Chinese flutes, Chinese wind instruments and Chinese strings playing a dramatic Chinese music piece."
1007,28.309943070633132,0.8789355129721342,0.028648734092712402,1.4571282267570496,ddim,"Chinese flutes, Chinese wind instruments and Chinese strings playing a dramatic Chinese music piece."
1008,30.401069022569654,0.9064771255805218,0.021300524473190308,1.2444844245910645,ddim,"A high quality recording of guitars, flutes and drums playing."
1009,30.468274800703963,0.8872677850991286,0.02252262271940708,1.3797136545181274,ddim,"A high quality recording of guitars, flutes and drums playing."
1010,31.300349185855787,0.894999121180061,0.016152232885360718,1.591277003288269,ddim,"A high quality recording of guitars, flutes and drums playing."
1011,32.76149143937329,0.9307245567340285,0.016754966229200363,0.5248059406876564,ddim,"A high quality recording of guitars, flutes and drums playing."
1012,17.234894420303217,0.28738034014202263,0.0967848151922226,3.9406421184539795,ddim,A string section playing a happy calm song.
1013,18.35008038925991,0.38654281341667535,0.09605401754379272,3.4326374530792236,ddim,A string section playing a happy calm song.
1014,33.55666486254315,0.9296312032228398,0.01211322471499443,0.4041978716850281,ddim,A string section playing a happy calm song.
1015,23.552611932317873,0.8076063647945043,0.04230101406574249,1.3068005442619324,ddim,A string section playing a happy calm song.
1016,29.906732145310198,0.8964551775340391,0.023310622200369835,0.961816132068634,ddim,A high quality recording of a man singing while and orchestra accompany him.
1017,25.079562230178954,0.7455537764410568,0.041331760585308075,1.8977028727531433,ddim,A high quality recording of a man singing while and orchestra accompany him.
1018,31.625866330452006,0.8775084415126118,0.01920187845826149,1.0609044432640076,ddim,A high quality recording of a man singing while and orchestra accompany him.
1019,32.688602107983364,0.9409292928429085,0.01642879843711853,0.5826166868209839,ddim,A high quality recording of a man singing while and orchestra accompany him.
1020,29.077695192914597,0.8571628903556022,0.02662891149520874,0.9653458446264267,ddim,"A guitar playing a quiet harsh techno melody while an electric keyboard, bass and drums play in the background."
1021,32.08419244006484,0.9241747618616892,0.013311740010976791,0.5986126661300659,ddim,"A guitar playing a quiet harsh techno melody while an electric keyboard, bass and drums play in the background."
1022,31.332734103757794,0.9124826103890403,0.020153656601905823,0.8580581545829773,ddim,"A guitar playing a quiet harsh techno melody while an electric keyboard, bass and drums play in the background."
1023,31.81876504722951,0.9170106149950406,0.018451709300279617,0.7867329269647598,ddim,"A guitar playing a quiet harsh techno melody while an electric keyboard, bass and drums play in the background."
0,31.672560076642892,0.9340487453929681,0.018471073359251022,0.9361823797225952,ddim_lora,A high quality recording of an epic violin solo with an orchestra accompaniment.
1,34.246571720841594,0.9612649049028287,0.012674923054873943,0.3483014404773712,ddim_lora,A high quality recording of an epic violin solo with an orchestra accompaniment.
2,35.52526621993434,0.9761660097180774,0.008572472259402275,0.35717058181762695,ddim_lora,A high quality recording of an epic violin solo with an orchestra accompaniment.
3,34.028630566516995,0.9545555691685178,0.013872701674699783,0.4929474890232086,ddim_lora,A high quality recording of an epic violin solo with an orchestra accompaniment.
4,34.622483483403535,0.929794329024362,0.012683351524174213,0.8491543829441071,ddim_lora,A recording of a happy upbeat song in an orchestral style.
5,33.878228483662724,0.9539013674944572,0.013449926860630512,0.36046742647886276,ddim_lora,A recording of a happy upbeat song in an orchestral style.
6,35.149744033877255,0.9416742065529273,0.011177301406860352,0.3419203609228134,ddim_lora,A recording of a happy upbeat song in an orchestral style.
7,33.65904744212021,0.9477820138396474,0.014597727917134762,0.6050156205892563,ddim_lora,A recording of a happy upbeat song in an orchestral style.
8,33.43352946628625,0.9631972728827408,0.013705011457204819,0.46392762660980225,ddim_lora,Strings playing a scary classical music melody with flutes and drums accompaniment in the background.
9,34.27357345927307,0.9408384158776137,0.013646027073264122,0.4880647659301758,ddim_lora,Strings playing a scary classical music melody with flutes and drums accompaniment in the background.
10,36.50735411636366,0.9537289524699101,0.008923836052417755,0.3215918019413948,ddim_lora,Strings playing a scary classical music melody with flutes and drums accompaniment in the background.
11,34.960457473708736,0.9316889102778408,0.010971168987452984,0.5839808583259583,ddim_lora,Strings playing a scary classical music melody with flutes and drums accompaniment in the background.
12,23.456430407645183,0.62416496000127,0.051370326429605484,2.947980284690857,ddim_lora,A recording of an upbeat Arabic song.
13,34.42097861592676,0.9357131170854166,0.013369246385991573,0.6302406489849091,ddim_lora,A recording of an upbeat Arabic song.
14,32.369816831587876,0.9426831002893119,0.01767469197511673,0.6287757456302643,ddim_lora,A recording of an upbeat Arabic song.
15,42.93941249432856,0.9770424600057349,0.0014218902215361595,0.3156106136739254,ddim_lora,A recording of an upbeat Arabic song.
16,32.11822029361317,0.940468198318261,0.016913704574108124,0.5934018790721893,ddim_lora,"A banjo playing a funky country melody, with an accompaniment of a violin, bass and drums."
17,36.22551890891182,0.9614150677648993,0.010888020507991314,0.421490877866745,ddim_lora,"A banjo playing a funky country melody, with an accompaniment of a violin, bass and drums."
18,33.327579176287,0.9571748845963467,0.015112007968127728,0.37642374634742737,ddim_lora,"A banjo playing a funky country melody, with an accompaniment of a violin, bass and drums."
19,32.98838243925435,0.9503453059524447,0.015938591212034225,0.42928268760442734,ddim_lora,"A banjo playing a funky country melody, with an accompaniment of a violin, bass and drums."
20,33.865099460505334,0.8395653562497674,0.013930770568549633,0.7900164127349854,ddim_lora,A recording of a quiet metal song.
21,36.20491035048665,0.9661092991812703,0.006697524804621935,0.3837323486804962,ddim_lora,A recording of a quiet metal song.
22,32.12817913294417,0.9258798835549605,0.017357880249619484,0.5982840210199356,ddim_lora,A recording of a quiet metal song.
23,35.53237013469832,0.9673336788033349,0.009964450262486935,0.43652236461639404,ddim_lora,A recording of a quiet metal song.
24,33.66661411519744,0.9278229026568967,0.014743747189640999,0.8057464063167572,ddim_lora,A string section playing classical music.
25,32.2770199297927,0.8733122434819944,0.016227800399065018,0.9529518187046051,ddim_lora,A string section playing classical music.
26,32.2018349458376,0.9541640287920706,0.017195124179124832,0.5674298405647278,ddim_lora,A string section playing classical music.
27,27.000210365175562,0.87870820626743,0.03467663750052452,0.9398056417703629,ddim_lora,A string section playing classical music.
28,33.91900914101007,0.948797495454276,0.011890062130987644,0.5640624761581421,ddim_lora,"A recording of a sneaky, quiet and scary techno song, that turns loud in the middle then turns quite again."
29,32.76332321720271,0.947302655724115,0.013947655446827412,0.5543220639228821,ddim_lora,"A recording of a sneaky, quiet and scary techno song, that turns loud in the middle then turns quite again."
30,27.746382970882834,0.9126703193741631,0.01892642304301262,0.38013695180416107,ddim_lora,"A recording of a sneaky, quiet and scary techno song, that turns loud in the middle then turns quite again."
31,37.959622895749206,0.9543918557910485,0.006747592240571976,0.3908393606543541,ddim_lora,"A recording of a sneaky, quiet and scary techno song, that turns loud in the middle then turns quite again."
32,23.01598157166548,0.6728359454262902,0.04269281402230263,2.1603282690048218,ddim_lora,A recording of a happy upbeat rock song.
33,33.726604745102485,0.9464253615938466,0.01441959384828806,0.3772629164159298,ddim_lora,A recording of a happy upbeat rock song.
34,33.65487587735017,0.9443068451103998,0.011304306797683239,0.3247361034154892,ddim_lora,A recording of a happy upbeat rock song.
35,30.13044003633791,0.9214825355920833,0.020223364233970642,0.8858814835548401,ddim_lora,A recording of a happy upbeat rock song.
36,33.9361698869211,0.9239050399803181,0.014167684130370617,0.586866945028305,ddim_lora,"A woman is singing a country song with a guitar, bass and drums playing in the background."
37,31.223797870726546,0.9466399518337557,0.019055288285017014,0.5096109807491302,ddim_lora,"A woman is singing a country song with a guitar, bass and drums playing in the background."
38,34.34500506284466,0.9493456883919836,0.012622037902474403,0.5923903584480286,ddim_lora,"A woman is singing a country song with a guitar, bass and drums playing in the background."
39,25.638762683785753,0.7973256129968647,0.03749914839863777,1.1122220605611801,ddim_lora,"A woman is singing a country song with a guitar, bass and drums playing in the background."
40,30.879702866158656,0.9251109093533039,0.019455639645457268,0.6345675587654114,ddim_lora,A high quality recording of a violin playing a melody while another violin and drums are playing in the background.
41,30.528291428716983,0.9163407715878658,0.019953344017267227,1.8530253171920776,ddim_lora,A high quality recording of a violin playing a melody while another violin and drums are playing in the background.
42,34.56624492473359,0.9473603559049529,0.013041339814662933,0.3685433017089963,ddim_lora,A high quality recording of a violin playing a melody while another violin and drums are playing in the background.
43,28.583692752775352,0.8802027420454556,0.023286767303943634,1.331650972366333,ddim_lora,A high quality recording of a violin playing a melody while another violin and drums are playing in the background.
44,28.971277953437124,0.8896861585400311,0.021763518452644348,0.6542584300041199,ddim_lora,"A woman is singing while a guitar, bass and drums playing in the background."
45,32.097329263201296,0.9362404234101859,0.017439328134059906,0.47474154829978943,ddim_lora,"A woman is singing while a guitar, bass and drums playing in the background."
46,33.87362665087897,0.9187671703521599,0.01472393237054348,1.0407643616199493,ddim_lora,"A woman is singing while a guitar, bass and drums playing in the background."
47,31.540544038408747,0.9174481221636894,0.01854216493666172,0.8332855105400085,ddim_lora,"A woman is singing while a guitar, bass and drums playing in the background."
48,32.260000284350276,0.9145814616769214,0.017806975170969963,0.6077996790409088,ddim_lora,"A country song with a guitar, piano, bass and drums playing."
49,33.7942975346435,0.9383210512690519,0.014666171744465828,0.6884786486625671,ddim_lora,"A country song with a guitar, piano, bass and drums playing."
50,34.076774622899116,0.9544305641974223,0.013689281418919563,0.5272089540958405,ddim_lora,"A country song with a guitar, piano, bass and drums playing."
51,31.803259771764758,0.9154952366540238,0.017182370647788048,0.8091614842414856,ddim_lora,"A country song with a guitar, piano, bass and drums playing."
52,34.126380393179296,0.9555437919880153,0.013892678543925285,0.46064920723438263,ddim_lora,A recording of a happy upbeat blues song.
53,31.90712241158879,0.9363457420755974,0.01682155579328537,0.3835080564022064,ddim_lora,A recording of a happy upbeat blues song.
54,32.565886290790644,0.927836509253181,0.016329219564795494,0.8436132073402405,ddim_lora,A recording of a happy upbeat blues song.
55,33.43592636302036,0.9529655275159868,0.01270791795104742,0.5811920762062073,ddim_lora,A recording of a happy upbeat blues song.
56,32.84558859884824,0.9416559638632706,0.016127711161971092,0.6403594613075256,ddim_lora,"A harp playing alongside a piano, bass and drums in an upbeat old-timey cool classical song."
57,33.87232126342056,0.9560922504638473,0.014700034633278847,0.7133939564228058,ddim_lora,"A harp playing alongside a piano, bass and drums in an upbeat old-timey cool classical song."
58,32.35042359980039,0.9427234390903193,0.01593140885233879,0.5155752003192902,ddim_lora,"A harp playing alongside a piano, bass and drums in an upbeat old-timey cool classical song."
59,34.1687274026249,0.9613659814524291,0.013691110536456108,0.352911151945591,ddim_lora,"A harp playing alongside a piano, bass and drums in an upbeat old-timey cool classical song."
60,35.055246558329756,0.9056558180534885,0.012685637921094894,1.0615149140357971,ddim_lora,A recording of angry metal music.
61,34.5891562968576,0.8858135901947802,0.011972086504101753,0.6197775304317474,ddim_lora,A recording of angry metal music.
62,36.45596637168287,0.9462640766484307,0.009719211608171463,0.35597124695777893,ddim_lora,A recording of angry metal music.
63,35.25901721314267,0.9532326199118196,0.012143589556217194,0.46972379833459854,ddim_lora,A recording of angry metal music.
64,32.930097548465895,0.9410241885184002,0.016415076330304146,0.5980372428894043,ddim_lora,A country song of a woman singing while bass and drums accompany her.
65,33.383613873625904,0.9370798167184039,0.013906731270253658,0.40403904393315315,ddim_lora,A country song of a woman singing while bass and drums accompany her.
66,33.415020000991454,0.9375394825635598,0.014951282180845737,0.4337667152285576,ddim_lora,A country song of a woman singing while bass and drums accompany her.
67,28.530274707202455,0.888475927832157,0.02536618895828724,1.413695216178894,ddim_lora,A country song of a woman singing while bass and drums accompany her.
68,32.635910281782145,0.8778037520824827,0.015122727490961552,0.6324194073677063,ddim_lora,"A violin playing while a guitar, bass and drums playing in the background a calm country song."
69,34.20793718406622,0.9407077005868602,0.013561537489295006,0.5961579084396362,ddim_lora,"A violin playing while a guitar, bass and drums playing in the background a calm country song."
70,28.566403394009985,0.8519230753393804,0.027503035962581635,1.4255149364471436,ddim_lora,"A violin playing while a guitar, bass and drums playing in the background a calm country song."
71,33.603145131527256,0.930749251519304,0.010984405875205994,0.7007232010364532,ddim_lora,"A violin playing while a guitar, bass and drums playing in the background a calm country song."
72,34.425931789610274,0.9419727822695669,0.01364089548587799,0.6334670782089233,ddim_lora,A recording of an upbeat angry punk song.
73,31.46610362253851,0.9238707766081448,0.017327841371297836,0.5672865808010101,ddim_lora,A recording of an upbeat angry punk song.
74,31.845903978092743,0.9257064058813824,0.01779073104262352,0.6143134981393814,ddim_lora,A recording of an upbeat angry punk song.
75,31.298171856878774,0.9509300471949832,0.018751192837953568,0.4147370457649231,ddim_lora,A recording of an upbeat angry punk song.
76,31.325892131775333,0.9414673408970761,0.01972120814025402,0.4673868790268898,ddim_lora,"A kid is singing while a piano, bass and drums are accompanying him in a happy upbeat rock song."
77,35.16308446579274,0.9552839285831397,0.012823491357266903,0.6142867207527161,ddim_lora,"A kid is singing while a piano, bass and drums are accompanying him in a happy upbeat rock song."
78,32.54229611396524,0.9372490295584198,0.016993364319205284,0.5392673537135124,ddim_lora,"A kid is singing while a piano, bass and drums are accompanying him in a happy upbeat rock song."
79,33.419293766522514,0.9414406964578944,0.015347299166023731,0.5357178449630737,ddim_lora,"A kid is singing while a piano, bass and drums are accompanying him in a happy upbeat rock song."
80,33.22498732065429,0.9242013802927157,0.01511066872626543,0.47018212359398603,ddim_lora,A strings section playing techno music.
81,34.18714721346272,0.9513376759064712,0.012504110112786293,0.4848083257675171,ddim_lora,A strings section playing techno music.
82,32.65735693182959,0.9029408859020914,0.015944767743349075,0.6127173155546188,ddim_lora,A strings section playing techno music.
83,35.90914712026304,0.9450981609434215,0.010912593454122543,0.6132501661777496,ddim_lora,A strings section playing techno music.
84,35.01179632101388,0.9522166282950727,0.01286149863153696,0.5103582441806793,ddim_lora,"A metal song of a man singing while a guitar, bass and drums accompany him."
85,34.21962116258873,0.9346268444239907,0.012773341499269009,0.4581226520240307,ddim_lora,"A metal song of a man singing while a guitar, bass and drums accompany him."
86,32.10760453866067,0.9111848368827629,0.01838153786957264,0.625867635011673,ddim_lora,"A metal song of a man singing while a guitar, bass and drums accompany him."
87,35.29292963553982,0.9421140414404613,0.01189748290926218,0.5152126550674438,ddim_lora,"A metal song of a man singing while a guitar, bass and drums accompany him."
88,31.98652543006148,0.8998774390435935,0.01653505675494671,0.6867033839225769,ddim_lora,A recording of an old rock song from the nineties.
89,32.65442068939174,0.9034979252081111,0.01678229682147503,0.7816803008317947,ddim_lora,A recording of an old rock song from the nineties.
90,33.8889273844697,0.9369344370503232,0.01135299913585186,0.39241576194763184,ddim_lora,A recording of an old rock song from the nineties.
91,33.080137959999995,0.9383151414876297,0.01582963578402996,0.7429866790771484,ddim_lora,A recording of an old rock song from the nineties.
92,31.669406260830076,0.9483419996229414,0.017214154824614525,0.5153880417346954,ddim_lora,A recording of a slow and cool jazz song.
93,32.887203483222805,0.929619362157442,0.016552314162254333,0.6270356178283691,ddim_lora,A recording of a slow and cool jazz song.
94,32.23654295888182,0.9360889500236516,0.016893282532691956,0.5701252669095993,ddim_lora,A recording of a slow and cool jazz song.
95,23.139470736655934,0.6836749425782881,0.04526325687766075,1.6947869062423706,ddim_lora,A recording of a slow and cool jazz song.
96,32.4513535347831,0.9046130495193625,0.01660819910466671,0.49923593550920486,ddim_lora,"A high quality recording of strings, drums and flutes playing."
97,33.094518206094065,0.931546032540029,0.01577945239841938,0.6060078293085098,ddim_lora,"A high quality recording of strings, drums and flutes playing."
98,32.69827006429996,0.9316137113247737,0.015079539269208908,0.3378717452287674,ddim_lora,"A high quality recording of strings, drums and flutes playing."
99,26.11788070928882,0.8607845530998697,0.03617199882864952,1.3414542078971863,ddim_lora,"A high quality recording of strings, drums and flutes playing."
100,34.913726298915094,0.9466604956631809,0.012390480376780033,0.3994223102927208,ddim_lora,A recording of a slow cool hip hop song.
101,31.08591136955607,0.9016739420794833,0.020876914262771606,0.8720242977142334,ddim_lora,A recording of a slow cool hip hop song.
102,31.017780966031985,0.9229961869281202,0.019371960312128067,0.750379204750061,ddim_lora,A recording of a slow cool hip hop song.
103,33.55813083139999,0.9417429887180497,0.0148821035400033,0.8514783382415771,ddim_lora,A recording of a slow cool hip hop song.
104,33.933544621847304,0.9495560098703473,0.01426786184310913,0.7236789762973785,ddim_lora,"Chinese strings, flutes, and harps playing an upbeat piece."
105,33.037165883953634,0.951544055606046,0.01519844401627779,0.42647595703601837,ddim_lora,"Chinese strings, flutes, and harps playing an upbeat piece."
106,30.776692895034742,0.8875892312559805,0.020549124106764793,1.2197441905736923,ddim_lora,"Chinese strings, flutes, and harps playing an upbeat piece."
107,31.884639473204462,0.952618566631052,0.013699796982109547,0.41327173076570034,ddim_lora,"Chinese strings, flutes, and harps playing an upbeat piece."
108,34.70455624701443,0.9425214972702702,0.011344718746840954,1.0014706254005432,ddim_lora,A recording of a calm and cool jazz song.
109,18.32169870623382,0.4509944762094771,0.08966226130723953,3.82598340511322,ddim_lora,A recording of a calm and cool jazz song.
110,32.898498594911246,0.9424926439607769,0.012399460189044476,0.5504737496376038,ddim_lora,A recording of a calm and cool jazz song.
111,26.00136009520895,0.8452134849409593,0.03080490604043007,1.40309077501297,ddim_lora,A recording of a calm and cool jazz song.
112,31.690675540873187,0.9297982393373905,0.017529519274830818,0.3691694550216198,ddim_lora,A recording of a funky jazz song.
113,34.93836786807486,0.9568143224094809,0.012732465751469135,0.41739457845687866,ddim_lora,A recording of a funky jazz song.
114,33.45366081951749,0.9430386391943609,0.014792256988584995,0.34775880724191666,ddim_lora,A recording of a funky jazz song.
115,33.26040116440174,0.9239244757117189,0.015586226247251034,1.031850814819336,ddim_lora,A recording of a funky jazz song.
116,34.19784926600191,0.9574686678980153,0.011888295412063599,0.6393319368362427,ddim_lora,A recording of a classical music piece.
117,33.61154857718352,0.9502585626380775,0.015066936612129211,0.5938061028718948,ddim_lora,A recording of a classical music piece.
118,32.97245397478705,0.9241098382659522,0.015954701229929924,0.7843633592128754,ddim_lora,A recording of a classical music piece.
119,33.97596389520262,0.9612691299037195,0.009746811352670193,0.37415962666273117,ddim_lora,A recording of a classical music piece.
120,34.07586022537523,0.9333296602210693,0.01210927776992321,0.5654708743095398,ddim_lora,A high quality recording of an electric guitar playing a cool metal solo with accompaniment.
121,30.407160215516722,0.9096637239790083,0.01787257380783558,2.0035097002983093,ddim_lora,A high quality recording of an electric guitar playing a cool metal solo with accompaniment.
122,33.56980596718979,0.9310324975115921,0.014505424536764622,0.8576997667551041,ddim_lora,A high quality recording of an electric guitar playing a cool metal solo with accompaniment.
123,32.14507060832424,0.9408758248791418,0.015618267469108105,0.6645267754793167,ddim_lora,A high quality recording of an electric guitar playing a cool metal solo with accompaniment.
124,31.745780525800008,0.9103040443019068,0.016930842772126198,0.5582620948553085,ddim_lora,A recording of a happy calm Chinese song.
125,31.593144417567302,0.9336830368813878,0.01557080540806055,0.6424856632947922,ddim_lora,A recording of a happy calm Chinese song.
126,17.75830350555551,0.28119470703261884,0.09894832223653793,3.8284868001937866,ddim_lora,A recording of a happy calm Chinese song.
127,27.721664234819166,0.8206331492395645,0.022365689277648926,1.3386316895484924,ddim_lora,A recording of a happy calm Chinese song.
128,32.42681656958887,0.9099885082334213,0.015103528276085854,0.5151296071708202,ddim_lora,A recording of a funky arcade game soundtrack.
129,34.044912906382216,0.9595465352585444,0.012970943003892899,0.3479323014616966,ddim_lora,A recording of a funky arcade game soundtrack.
130,32.36807887354096,0.9642507729693934,0.015088205225765705,0.38931554555892944,ddim_lora,A recording of a funky arcade game soundtrack.
131,26.51239621564357,0.860635669841144,0.02739078179001808,1.085044264793396,ddim_lora,A recording of a funky arcade game soundtrack.
132,32.76326975093198,0.9549503228663778,0.016528191044926643,0.49361610412597656,ddim_lora,A recording of a calm arcade game soundtrack.
133,33.950128734395136,0.9339238367632633,0.013814111240208149,0.5988657474517822,ddim_lora,A recording of a calm arcade game soundtrack.
134,26.461030408094068,0.8303187937798591,0.02903980016708374,0.930992841720581,ddim_lora,A recording of a calm arcade game soundtrack.
135,33.84076854221257,0.9278423362522104,0.01388191431760788,0.433292992413044,ddim_lora,A recording of a calm arcade game soundtrack.
136,32.73766568891239,0.9079976227509513,0.016544615849852562,0.8922914564609528,ddim_lora,"A jazz song with 2 trumpets, piano, bass and drums playing."
137,32.985358275159136,0.9440509663155331,0.015579291619360447,0.3975449502468109,ddim_lora,"A jazz song with 2 trumpets, piano, bass and drums playing."
138,32.53967831115551,0.9439672225889053,0.015646379441022873,0.4375242330133915,ddim_lora,"A jazz song with 2 trumpets, piano, bass and drums playing."
139,33.97026785194826,0.9356172315343205,0.013748248107731342,0.5622187554836273,ddim_lora,"A jazz song with 2 trumpets, piano, bass and drums playing."
140,30.077112132233314,0.9440546772767938,0.018804026767611504,0.9442171454429626,ddim_lora,"A recording of a sneaky, quiet and dramatic Chinese music piece, that turns loud in the middle then turns quite again."
141,34.33614131556782,0.9528933687110724,0.010897339321672916,0.5983094125986099,ddim_lora,"A recording of a sneaky, quiet and dramatic Chinese music piece, that turns loud in the middle then turns quite again."
142,33.88350370902429,0.9422238473066671,0.011314543895423412,1.9813749194145203,ddim_lora,"A recording of a sneaky, quiet and dramatic Chinese music piece, that turns loud in the middle then turns quite again."
143,29.881992083081137,0.9064657018829464,0.01839691773056984,0.5544306039810181,ddim_lora,"A recording of a sneaky, quiet and dramatic Chinese music piece, that turns loud in the middle then turns quite again."
144,33.51987303751183,0.9504904214654901,0.015225479379296303,0.5005350112915039,ddim_lora,"A woman is singing while a guitar, bass and drums playing in the background a calm country song."
145,29.02588461558272,0.9131158326810883,0.023818058893084526,0.6408993005752563,ddim_lora,"A woman is singing while a guitar, bass and drums playing in the background a calm country song."
146,33.01192767948532,0.907440805926808,0.016752704977989197,0.9612878262996674,ddim_lora,"A woman is singing while a guitar, bass and drums playing in the background a calm country song."
147,33.1358091732558,0.9532400886684248,0.01578735001385212,0.599707156419754,ddim_lora,"A woman is singing while a guitar, bass and drums playing in the background a calm country song."
148,32.89742997668581,0.9407789908514766,0.015930097550153732,0.7630965411663055,ddim_lora,"A cool 70s rock song of a man singing while a guitar, bass and drums accompany him."
149,24.523974654349573,0.8525199501197737,0.029886644333600998,0.6719582080841064,ddim_lora,"A cool 70s rock song of a man singing while a guitar, bass and drums accompany him."
150,30.217316878485974,0.9276674417368622,0.017592260614037514,0.5192093029618263,ddim_lora,"A cool 70s rock song of a man singing while a guitar, bass and drums accompany him."
151,33.24333572470942,0.9150587676039807,0.01525907777249813,0.6082391887903214,ddim_lora,"A cool 70s rock song of a man singing while a guitar, bass and drums accompany him."
152,30.01462286003116,0.8818705417877803,0.01998419128358364,0.672823578119278,ddim_lora,"A high quality recording of a saxophone playing, and a guitar, bass and drums playing."
153,34.51669688623687,0.9467460143201543,0.011117401532828808,0.3552754372358322,ddim_lora,"A high quality recording of a saxophone playing, and a guitar, bass and drums playing."
154,31.954053399305067,0.9126542421805655,0.018686000257730484,0.9247404336929321,ddim_lora,"A high quality recording of a saxophone playing, and a guitar, bass and drums playing."
155,29.192116264538793,0.8708717120693672,0.024294624105095863,0.7528077661991119,ddim_lora,"A high quality recording of a saxophone playing, and a guitar, bass and drums playing."
156,33.33390249926532,0.9258593004289701,0.014197083190083504,0.45973312854766846,ddim_lora,A recording of a cool jazz song.
157,32.46463198917616,0.938695308923711,0.015353311784565449,0.5837544798851013,ddim_lora,A recording of a cool jazz song.
158,28.94897389379562,0.8842425026572203,0.026250477880239487,1.2581688165664673,ddim_lora,A recording of a cool jazz song.
159,33.49589249705026,0.9478941511124594,0.014591120183467865,0.4365915060043335,ddim_lora,A recording of a cool jazz song.
160,30.671575922529094,0.9338931401453369,0.01990528590977192,0.6130445599555969,ddim_lora,A recording of an old rock song.
161,32.30829681158405,0.9103538313403201,0.01591530814766884,0.6292762160301208,ddim_lora,A recording of an old rock song.
162,34.34123620433516,0.9341640879608093,0.01382393017411232,0.6406489014625549,ddim_lora,A recording of an old rock song.
163,31.194710388800146,0.9086162648293243,0.017882727086544037,0.5108446776866913,ddim_lora,A recording of an old rock song.
164,34.20117631068318,0.9447848627997362,0.014267328195273876,0.6017377823591232,ddim_lora,A recording of a death metal song.
165,32.43866828073039,0.909284065798728,0.016204867511987686,0.688042014837265,ddim_lora,A recording of a death metal song.
166,31.526539327678638,0.9039174850666684,0.020099928602576256,0.8856274485588074,ddim_lora,A recording of a death metal song.
167,23.176977651793138,0.7935814375089366,0.031179755926132202,2.749220609664917,ddim_lora,A recording of a death metal song.
168,32.25410323410637,0.9232135201609232,0.01672382839024067,1.5508257150650024,ddim_lora,A high quality recording of a rock band playing a happy song.
169,32.382100786339535,0.9203374827681186,0.016453048214316368,0.5327819734811783,ddim_lora,A high quality recording of a rock band playing a happy song.
170,32.40710656968223,0.9160504382650436,0.017114879563450813,1.0000437796115875,ddim_lora,A high quality recording of a rock band playing a happy song.
171,33.54181604180134,0.9306634729157142,0.014102015644311905,0.54934062063694,ddim_lora,A high quality recording of a rock band playing a happy song.
172,33.94575292458893,0.9532176238833422,0.014142015017569065,0.43800167739391327,ddim_lora,A recording of an old upbeat cool arcade game soundtrack.
173,32.65172957865062,0.9272761901241203,0.01616819016635418,0.7725317776203156,ddim_lora,A recording of an old upbeat cool arcade game soundtrack.
174,34.85137879958604,0.9625376544643618,0.013132802210748196,0.4364454448223114,ddim_lora,A recording of an old upbeat cool arcade game soundtrack.
175,31.658790831800772,0.8397030936028138,0.018329961225390434,0.9995580911636353,ddim_lora,A recording of an old upbeat cool arcade game soundtrack.
176,33.60510690326287,0.9519827982750009,0.014274818822741508,0.5160468518733978,ddim_lora,A recording of a happy upbeat song in a retro arcade game soundtrack style.
177,31.98606544950453,0.9117393731691358,0.017782719805836678,1.026476800441742,ddim_lora,A recording of a happy upbeat song in a retro arcade game soundtrack style.
178,34.50154416166873,0.9345403808176652,0.013408002443611622,0.5620643049478531,ddim_lora,A recording of a happy upbeat song in a retro arcade game soundtrack style.
179,19.156401408221356,0.6832781086423924,0.07084125280380249,2.0507985949516296,ddim_lora,A recording of a happy upbeat song in a retro arcade game soundtrack style.
180,35.64202014847393,0.9515315902338214,0.010924833826720715,0.7044341564178467,ddim_lora,"A high quality recording of a trumpet, saxophone, electric keyboard, bass and drums playing."
181,26.439972064528156,0.8626240447660556,0.026625923812389374,0.7552078068256378,ddim_lora,"A high quality recording of a trumpet, saxophone, electric keyboard, bass and drums playing."
182,20.267135048739714,0.5387901343256213,0.06156371161341667,2.0212926492094994,ddim_lora,"A high quality recording of a trumpet, saxophone, electric keyboard, bass and drums playing."
183,33.71715100678458,0.9279752055247927,0.012135796248912811,1.0460369884967804,ddim_lora,"A high quality recording of a trumpet, saxophone, electric keyboard, bass and drums playing."
184,32.67564478393461,0.937367657113067,0.016365814954042435,0.5555074512958527,ddim_lora,"A trumpet and a guitar playing a cool jazz melody, with an accompaniment of a piano, bass and drums."
185,25.713782002324038,0.7691754318809358,0.03788883239030838,1.5379567742347717,ddim_lora,"A trumpet and a guitar playing a cool jazz melody, with an accompaniment of a piano, bass and drums."
186,31.4527445051794,0.9361739406736255,0.01682162843644619,0.7076597213745117,ddim_lora,"A trumpet and a guitar playing a cool jazz melody, with an accompaniment of a piano, bass and drums."
187,35.066405033118656,0.9628127341028455,0.011448284611105919,0.2645132578909397,ddim_lora,"A trumpet and a guitar playing a cool jazz melody, with an accompaniment of a piano, bass and drums."
188,20.40238752873239,0.6053369034514394,0.07038061320781708,2.0774324536323547,ddim_lora,A recording of a Arabic song.
189,32.36790688410091,0.9355251231519504,0.017503071576356888,0.7568422853946686,ddim_lora,A recording of a Arabic song.
190,26.426170005486274,0.7614011117802834,0.03201964497566223,1.759742558002472,ddim_lora,A recording of a Arabic song.
191,32.38890823702485,0.9236972853573004,0.017147846519947052,0.5126764476299286,ddim_lora,A recording of a Arabic song.
192,33.585567218208766,0.9127314558676476,0.014587839134037495,0.5808282941579819,ddim_lora,A high quality recording of an epic guitar country solo with a country band accompaniment.
193,34.07688904345355,0.9530004727961264,0.011981046758592129,0.2903326526284218,ddim_lora,A high quality recording of an epic guitar country solo with a country band accompaniment.
194,34.082268749866095,0.9400172637130344,0.013256072998046875,0.8277251422405243,ddim_lora,A high quality recording of an epic guitar country solo with a country band accompaniment.
195,32.661731614741065,0.9272276149256105,0.01603216677904129,0.691065788269043,ddim_lora,A high quality recording of an epic guitar country solo with a country band accompaniment.
196,33.073742474011276,0.9396496600394458,0.014480077661573887,0.4216166138648987,ddim_lora,"An electric guitar playing epic riffs while a piano, bass and drums are playing in the background."
197,32.74220771458537,0.9172108513605204,0.015560774132609367,0.8083927631378174,ddim_lora,"An electric guitar playing epic riffs while a piano, bass and drums are playing in the background."
198,35.42596225758115,0.9302206672362698,0.010468234308063984,0.49908554553985596,ddim_lora,"An electric guitar playing epic riffs while a piano, bass and drums are playing in the background."
199,34.70053302434994,0.946955605044127,0.012750494293868542,0.3968329131603241,ddim_lora,"An electric guitar playing epic riffs while a piano, bass and drums are playing in the background."
200,35.09431947384552,0.9467568870460196,0.011896022595465183,0.5292141139507294,ddim_lora,A recording of an upbeat angry movie soundtrack.
201,37.65205455834743,0.967516182306268,0.0054331449791789055,0.5179184079170227,ddim_lora,A recording of an upbeat angry movie soundtrack.
202,32.729157643855544,0.9089094218900136,0.015538075938820839,0.4877413138747215,ddim_lora,A recording of an upbeat angry movie soundtrack.
203,33.14489656546741,0.9321123721732917,0.014943933114409447,0.5621228814125061,ddim_lora,A recording of an upbeat angry movie soundtrack.
204,31.233337270100243,0.8801197344963017,0.018928084522485733,0.8111170530319214,ddim_lora,A recording of a sneaky arcade game soundtrack.
205,30.078297711566442,0.8911446659046762,0.022498371079564095,0.7286547124385834,ddim_lora,A recording of a sneaky arcade game soundtrack.
206,31.75401131594168,0.9242816969860759,0.01731209084391594,0.3762621097266674,ddim_lora,A recording of a sneaky arcade game soundtrack.
207,32.75747163265093,0.9291930259873029,0.0132803525775671,0.7632975578308105,ddim_lora,A recording of a sneaky arcade game soundtrack.
208,36.04099871816174,0.9639160201493138,0.008742106147110462,0.2502136006951332,ddim_lora,A recording of a romantic country song.
209,32.83831734405479,0.9334653083280171,0.016284098848700523,0.4776666611433029,ddim_lora,A recording of a romantic country song.
210,34.66336200345176,0.963583403563421,0.013062193058431149,0.5095611214637756,ddim_lora,A recording of a romantic country song.
211,31.253263429719325,0.9268155218962918,0.01968989148736,0.47145576030015945,ddim_lora,A recording of a romantic country song.
212,18.797571942647732,0.40578958730421716,0.08855555206537247,3.7199530601501465,ddim_lora,A high quality recording of a metal band playing a happy song.
213,30.181813388564677,0.9045716452379224,0.021881138905882835,0.6440124660730362,ddim_lora,A high quality recording of a metal band playing a happy song.
214,23.055073133603802,0.7846115693378896,0.043940961360931396,1.901755928993225,ddim_lora,A high quality recording of a metal band playing a happy song.
215,33.44456064878953,0.9257302662683998,0.014909031800925732,0.4802480489015579,ddim_lora,A high quality recording of a metal band playing a happy song.
216,30.023464227589685,0.9421176058937557,0.020808206871151924,0.6382363885641098,ddim_lora,A high quality recording of a trumpet playing a melody while another trumpet and drums are playing in the background.
217,28.06581599941108,0.8813849801842295,0.027170289307832718,1.2539627850055695,ddim_lora,A high quality recording of a trumpet playing a melody while another trumpet and drums are playing in the background.
218,31.540165263709206,0.9253641421270007,0.019094275310635567,0.9302773773670197,ddim_lora,A high quality recording of a trumpet playing a melody while another trumpet and drums are playing in the background.
219,33.99569449543734,0.9332051829092322,0.01359266322106123,0.5771519765257835,ddim_lora,A high quality recording of a trumpet playing a melody while another trumpet and drums are playing in the background.
220,36.558116565198844,0.9528551213829299,0.008857259526848793,0.3871474117040634,ddim_lora,A recording of a slow cool metal song.
221,30.308262278514135,0.9493413748309659,0.02178814448416233,0.772674024105072,ddim_lora,A recording of a slow cool metal song.
222,30.083020969898637,0.9029487540670097,0.022091003134846687,0.835422158241272,ddim_lora,A recording of a slow cool metal song.
223,35.30476450126774,0.9386438888074351,0.011828197166323662,0.502547025680542,ddim_lora,A recording of a slow cool metal song.
224,33.790563848394235,0.9492759837034855,0.014199546538293362,0.5222592204809189,ddim_lora,"A jazz song with a guitar, trumpet, piano, bass and drums playing."
225,31.640433298505872,0.9316946898881566,0.018347084522247314,0.42356131225824356,ddim_lora,"A jazz song with a guitar, trumpet, piano, bass and drums playing."
226,31.957112255878023,0.9069164311544249,0.014927427284419537,0.4146282747387886,ddim_lora,"A jazz song with a guitar, trumpet, piano, bass and drums playing."
227,33.35115256168239,0.9505550975666184,0.01442082691937685,0.5897103250026703,ddim_lora,"A jazz song with a guitar, trumpet, piano, bass and drums playing."
228,34.916429497575486,0.9290672689660793,0.012203842401504517,0.6797879338264465,ddim_lora,"A metal song with an electric guitar, bass and drums playing."
229,34.51374178660919,0.9333008873524251,0.013100461103022099,0.6431176662445068,ddim_lora,"A metal song with an electric guitar, bass and drums playing."
230,32.80195236310145,0.9124658251785773,0.017015691846609116,1.001309722661972,ddim_lora,"A metal song with an electric guitar, bass and drums playing."
231,35.61121309031699,0.9507355277123308,0.011655786074697971,0.5339174568653107,ddim_lora,"A metal song with an electric guitar, bass and drums playing."
232,33.59139474113607,0.9366590808172652,0.013841371983289719,0.588755801320076,ddim_lora,A cello playing a melody and then slowly a violin joins and more strings and they play a happy emotional song.
233,32.294989072336755,0.9524799072237408,0.015951424837112427,0.5446689128875732,ddim_lora,A cello playing a melody and then slowly a violin joins and more strings and they play a happy emotional song.
234,34.44490803913874,0.9453278687893776,0.01163479033857584,0.3967580050230026,ddim_lora,A cello playing a melody and then slowly a violin joins and more strings and they play a happy emotional song.
235,35.34624891008386,0.9560015545573438,0.011208303272724152,0.46595731377601624,ddim_lora,A cello playing a melody and then slowly a violin joins and more strings and they play a happy emotional song.
236,34.87628469656497,0.947017145402674,0.013230313546955585,0.828399121761322,ddim_lora,"A recording of a sneaky, quiet and dramatic arcade game soundtrack, that turns loud in the middle then turns quite again."
237,32.51421144976378,0.9106311911300374,0.013760442845523357,0.8572951257228851,ddim_lora,"A recording of a sneaky, quiet and dramatic arcade game soundtrack, that turns loud in the middle then turns quite again."
238,34.908004886108,0.9570630318712907,0.01077065896242857,0.41542765498161316,ddim_lora,"A recording of a sneaky, quiet and dramatic arcade game soundtrack, that turns loud in the middle then turns quite again."
239,30.836503035637218,0.9251829947484229,0.018924739211797714,0.7277235388755798,ddim_lora,"A recording of a sneaky, quiet and dramatic arcade game soundtrack, that turns loud in the middle then turns quite again."
240,35.346393473153896,0.9639333522946205,0.01115451380610466,0.4539562165737152,ddim_lora,A high quality recording of a cello and violins playing a happy and emotional piece.
241,31.255825151623434,0.9439796290098472,0.017830928787589073,0.37370892614126205,ddim_lora,A high quality recording of a cello and violins playing a happy and emotional piece.
242,33.06338860407587,0.9435233270241749,0.013606969267129898,0.37981943786144257,ddim_lora,A high quality recording of a cello and violins playing a happy and emotional piece.
243,33.867870628339915,0.9469180810990645,0.01322335097938776,0.6584289968013763,ddim_lora,A high quality recording of a cello and violins playing a happy and emotional piece.
244,34.19998132622854,0.9586721607914646,0.014260178431868553,0.5823462605476379,ddim_lora,"A cool 60s jazz song of a saxophone playing while a guitar, bass and drums accompany him."
245,33.07459897174308,0.9306626589634744,0.01569577120244503,0.7543431222438812,ddim_lora,"A cool 60s jazz song of a saxophone playing while a guitar, bass and drums accompany him."
246,29.374046406376483,0.9235564472561105,0.020116938278079033,0.7049668729305267,ddim_lora,"A cool 60s jazz song of a saxophone playing while a guitar, bass and drums accompany him."
247,32.64974926161635,0.8967181999877346,0.01595357246696949,0.8593023866415024,ddim_lora,"A cool 60s jazz song of a saxophone playing while a guitar, bass and drums accompany him."
248,31.02522718123606,0.8533860728554228,0.020467836409807205,1.071687251329422,ddim_lora,"A techno song of a synthesizer playing while an electric guitar, bass and drums are playing in the background."
249,32.23049582613341,0.9455528183307178,0.015114103443920612,0.43081994354724884,ddim_lora,"A techno song of a synthesizer playing while an electric guitar, bass and drums are playing in the background."
250,32.81903792920386,0.9378311987640312,0.01647595502436161,0.8042536377906799,ddim_lora,"A techno song of a synthesizer playing while an electric guitar, bass and drums are playing in the background."
251,33.54641783321813,0.9551544531598866,0.014279518276453018,0.37438763678073883,ddim_lora,"A techno song of a synthesizer playing while an electric guitar, bass and drums are playing in the background."
252,32.17466969889937,0.9349841906956836,0.01759384199976921,0.6149741858243942,ddim_lora,A man singing a melody and then slowly a woman joins and strings and they play a happy emotional song.
253,34.39864975269194,0.9473684264983117,0.013476838357746601,0.6047300696372986,ddim_lora,A man singing a melody and then slowly a woman joins and strings and they play a happy emotional song.
254,31.85946769181517,0.9092628138532642,0.016335928812623024,0.9052732884883881,ddim_lora,A man singing a melody and then slowly a woman joins and strings and they play a happy emotional song.
255,34.7146965314839,0.9357123055076542,0.012790452688932419,0.4968627318739891,ddim_lora,A man singing a melody and then slowly a woman joins and strings and they play a happy emotional song.
256,31.425897825064194,0.9339259578024488,0.019839847460389137,0.8029493391513824,ddim_lora,"A clarinet playing a quiet jazz melody, with an accompaniment of bass and drums."
257,28.682581767188783,0.8450173834029258,0.026906611397862434,0.9266502261161804,ddim_lora,"A clarinet playing a quiet jazz melody, with an accompaniment of bass and drums."
258,32.64606415646972,0.8904125308077973,0.014923426322638988,0.7908041775226593,ddim_lora,"A clarinet playing a quiet jazz melody, with an accompaniment of bass and drums."
259,31.187351570570225,0.9179658360899352,0.019381817430257797,0.8454090058803558,ddim_lora,"A clarinet playing a quiet jazz melody, with an accompaniment of bass and drums."
260,31.593849119714083,0.9340600441771412,0.01905788667500019,0.7806852161884308,ddim_lora,A recording of a happy movie score.
261,33.572116955552616,0.9709112950571797,0.01287386380136013,0.32110121846199036,ddim_lora,A recording of a happy movie score.
262,28.97779357669918,0.9204717945676649,0.023615367710590363,0.4434926100075245,ddim_lora,A recording of a happy movie score.
263,16.940278993256918,0.3400797477896117,0.09651736170053482,3.606017589569092,ddim_lora,A recording of a happy movie score.
264,31.732447046457413,0.9219533147046989,0.018135011196136475,0.7498064935207367,ddim_lora,"A high quality recording of strings, flutes and drums playing."
265,32.51472496819119,0.940299952291488,0.0168785247951746,0.8753761947154999,ddim_lora,"A high quality recording of strings, flutes and drums playing."
266,35.63622483580695,0.9319247228667473,0.009620274417102337,0.41231217607855797,ddim_lora,"A high quality recording of strings, flutes and drums playing."
267,32.65219650820895,0.9273974284707849,0.01636723056435585,0.685043141245842,ddim_lora,"A high quality recording of strings, flutes and drums playing."
268,31.685353792370705,0.9379558862289121,0.01595389097929001,0.4120342992246151,ddim_lora,A high quality recording of an epic saxophone jazz solo with a jazz band accompaniment.
269,19.80399299931276,0.555235754390906,0.07553872466087341,2.061329811811447,ddim_lora,A high quality recording of an epic saxophone jazz solo with a jazz band accompaniment.
270,28.452568797243107,0.8685032902776253,0.024668483063578606,0.9065602719783783,ddim_lora,A high quality recording of an epic saxophone jazz solo with a jazz band accompaniment.
271,27.95846204191506,0.825546750194313,0.027232607826590538,1.0980561971664429,ddim_lora,A high quality recording of an epic saxophone jazz solo with a jazz band accompaniment.
272,30.367482132912777,0.9064830006945384,0.021251481026411057,0.7663685530424118,ddim_lora,A high quality recording of wind instruments playing.
273,31.48329986257048,0.9134311555292999,0.018720529973506927,0.7767808735370636,ddim_lora,A high quality recording of wind instruments playing.
274,33.55451471884423,0.9406057506794614,0.01233940664678812,0.2997993752360344,ddim_lora,A high quality recording of wind instruments playing.
275,31.49942552982924,0.8607108119529442,0.01937263272702694,0.9491746127605438,ddim_lora,A high quality recording of wind instruments playing.
276,30.306021579479733,0.888249592617939,0.019630728289484978,0.45896051451563835,ddim_lora,A recording of a dramatic metal song.
277,31.510104810393468,0.8284534292663843,0.019286951050162315,1.1076051592826843,ddim_lora,A recording of a dramatic metal song.
278,32.42171167134698,0.9744449850370462,0.00926163513213396,0.1998841091990471,ddim_lora,A recording of a dramatic metal song.
279,23.463054367851853,0.6825316883044822,0.04857742413878441,2.2736302614212036,ddim_lora,A recording of a dramatic metal song.
280,17.127959307991226,0.37342684764832934,0.11147736012935638,3.4466952085494995,ddim_lora,"A high quality recording of a saxophone playing and drums, guitar and bass playing a song, and later a trumpet is playing."
281,35.018866686154276,0.9518665608152259,0.012674003839492798,0.6193132996559143,ddim_lora,"A high quality recording of a saxophone playing and drums, guitar and bass playing a song, and later a trumpet is playing."
282,35.59821201306124,0.9563955933609573,0.01196249295026064,0.7418451905250549,ddim_lora,"A high quality recording of a saxophone playing and drums, guitar and bass playing a song, and later a trumpet is playing."
283,22.275862711166052,0.6397248808817085,0.055181168019771576,1.8165518939495087,ddim_lora,"A high quality recording of a saxophone playing and drums, guitar and bass playing a song, and later a trumpet is playing."
284,18.91464507106226,0.46883347505575534,0.08840008080005646,3.5545825958251953,ddim_lora,Flutes and strings playing a happy calm classical score.
285,33.43391575123825,0.9393895631598922,0.014108188450336456,0.3774375910870731,ddim_lora,Flutes and strings playing a happy calm classical score.
286,29.13264454738451,0.9068266334406402,0.023039937019348145,0.5861485004425049,ddim_lora,Flutes and strings playing a happy calm classical score.
287,34.2053648734227,0.9501465688176677,0.012709656730294228,0.4313049614429474,ddim_lora,Flutes and strings playing a happy calm classical score.
288,35.235446305739785,0.9493088100800748,0.010641130618751049,0.4364009276032448,ddim_lora,"Strings, flutes, and harp playing an upbeat happy piece."
289,32.7078372166179,0.9343000405297146,0.015726223587989807,0.8070946335792542,ddim_lora,"Strings, flutes, and harp playing an upbeat happy piece."
290,30.844655424168167,0.8834167198479896,0.020381232723593712,0.9711093306541443,ddim_lora,"Strings, flutes, and harp playing an upbeat happy piece."
291,32.748318328646214,0.8959093588134369,0.015457705594599247,0.7606892585754395,ddim_lora,"Strings, flutes, and harp playing an upbeat happy piece."
292,35.12430107270045,0.9377046693922679,0.012003414332866669,0.3872778434306383,ddim_lora,"Flutes, wind instruments and strings playing a dramatic classical music piece."
293,32.012934380779605,0.9630339619665021,0.01717834360897541,0.7346199750900269,ddim_lora,"Flutes, wind instruments and strings playing a dramatic classical music piece."
294,33.332192135043734,0.9491867275037461,0.012651951983571053,0.6090748012065887,ddim_lora,"Flutes, wind instruments and strings playing a dramatic classical music piece."
295,35.46180088424493,0.9631949585474017,0.011075343936681747,0.24229619279503822,ddim_lora,"Flutes, wind instruments and strings playing a dramatic classical music piece."
296,31.535837572858618,0.9233014824140311,0.019067494198679924,0.8987312018871307,ddim_lora,"A high quality recording of a saxophone playing and drums, guitar and bass playing a song, and later a woman is singing."
297,33.87113899415126,0.9645822932290113,0.013138418085873127,0.412750706076622,ddim_lora,"A high quality recording of a saxophone playing and drums, guitar and bass playing a song, and later a woman is singing."
298,25.61698703128432,0.8151668993313835,0.03314333036541939,2.5238364338874817,ddim_lora,"A high quality recording of a saxophone playing and drums, guitar and bass playing a song, and later a woman is singing."
299,35.403206988584,0.9562301692485892,0.011644805781543255,0.3343960680067539,ddim_lora,"A high quality recording of a saxophone playing and drums, guitar and bass playing a song, and later a woman is singing."
300,31.0585774155767,0.9155056835677984,0.02052767015993595,0.8857654929161072,ddim_lora,A recording of a cool movie soundtrack.
301,28.538979482394744,0.8960558660722154,0.03028225339949131,1.0369094014167786,ddim_lora,A recording of a cool movie soundtrack.
302,26.013645678177937,0.8938024631352616,0.02669350989162922,1.516754150390625,ddim_lora,A recording of a cool movie soundtrack.
303,37.02646755468375,0.9537180680427213,0.0069887409918010235,0.2860846258699894,ddim_lora,A recording of a cool movie soundtrack.
304,35.08584239302957,0.9431286568519582,0.012084603309631348,0.5158497393131256,ddim_lora,A recording of a happy orchestral score.
305,30.75661311958718,0.9345060957082841,0.01982153207063675,0.6723932027816772,ddim_lora,A recording of a happy orchestral score.
306,35.86931135859156,0.9645336470399339,0.011504000052809715,0.2918022610247135,ddim_lora,A recording of a happy orchestral score.
307,34.78897559474391,0.957635299927274,0.012568620964884758,0.48939909040927887,ddim_lora,A recording of a happy orchestral score.
308,32.864869261129044,0.9231226187702214,0.013124971650540829,0.5207946449518204,ddim_lora,"A jazz song with a saxophone, violin, bass and drums playing."
309,33.060261007671336,0.9465832712233655,0.015497377142310143,0.3942881301045418,ddim_lora,"A jazz song with a saxophone, violin, bass and drums playing."
310,19.65118292188553,0.6400574530997445,0.08053945004940033,3.9106218814849854,ddim_lora,"A jazz song with a saxophone, violin, bass and drums playing."
311,31.5080837324172,0.9144708693567877,0.016748720780014992,0.36661658249795437,ddim_lora,"A jazz song with a saxophone, violin, bass and drums playing."
312,30.75658815483935,0.9161936400923959,0.01803646609187126,0.6117742955684662,ddim_lora,A high quality recording of a synthesizer playing with a guitar and drums playing in the background.
313,20.732853568136896,0.4282432924731326,0.07287745177745819,3.585943102836609,ddim_lora,A high quality recording of a synthesizer playing with a guitar and drums playing in the background.
314,34.791181473302444,0.9396262103710095,0.011779723688960075,0.38507772982120514,ddim_lora,A high quality recording of a synthesizer playing with a guitar and drums playing in the background.
315,27.508241271393473,0.8555330106956011,0.029379721730947495,0.9988689720630646,ddim_lora,A high quality recording of a synthesizer playing with a guitar and drums playing in the background.
316,33.336872307481904,0.9500303850081409,0.015304293483495712,0.37838341295719147,ddim_lora,A recording of hip hop music.
317,33.30495573248343,0.938138193886303,0.01511078979820013,0.4551139175891876,ddim_lora,A recording of hip hop music.
318,32.105803777262366,0.9282483713695235,0.018086181953549385,0.5681037604808807,ddim_lora,A recording of hip hop music.
319,34.289390937098595,0.9444061064287398,0.012182675302028656,0.42950621247291565,ddim_lora,A recording of hip hop music.
320,33.52411416979792,0.9488734554935113,0.014693344943225384,0.4646981656551361,ddim_lora,"Guitars, trumpets, and piano playing a happy song."
321,33.47302070610876,0.9295976521464407,0.01539050042629242,0.6910499930381775,ddim_lora,"Guitars, trumpets, and piano playing a happy song."
322,33.52852208135898,0.9273439011342963,0.01341688260436058,0.5962691456079483,ddim_lora,"Guitars, trumpets, and piano playing a happy song."
323,32.9505931265486,0.9334451573026039,0.014404498971998692,0.5781722366809845,ddim_lora,"Guitars, trumpets, and piano playing a happy song."
324,32.14233831259409,0.9315779547900184,0.0182359479367733,0.5427494496107101,ddim_lora,"A jazz song with a trumpet, piano, bass and drums playing."
325,33.440461928375576,0.9598485790000716,0.014611165970563889,0.3795192688703537,ddim_lora,"A jazz song with a trumpet, piano, bass and drums playing."
326,31.75145604587463,0.9523396112185034,0.015859946608543396,0.3663243055343628,ddim_lora,"A jazz song with a trumpet, piano, bass and drums playing."
327,33.8365664842834,0.9478142970068123,0.01461100298911333,0.43925468251109123,ddim_lora,"A jazz song with a trumpet, piano, bass and drums playing."
328,32.376794236353035,0.9342193912094376,0.01665836200118065,0.6283206641674042,ddim_lora,"A cool 90s hip hop song of a man singing while a guitar, bass and drums accompany him."
329,34.82950816774945,0.9570694893965211,0.012458079494535923,0.3606719747185707,ddim_lora,"A cool 90s hip hop song of a man singing while a guitar, bass and drums accompany him."
330,32.67052055384161,0.9306085896500267,0.01671314425766468,0.6050778031349182,ddim_lora,"A cool 90s hip hop song of a man singing while a guitar, bass and drums accompany him."
331,31.184469365621837,0.9432570538239715,0.017168812453746796,0.2536858879029751,ddim_lora,"A cool 90s hip hop song of a man singing while a guitar, bass and drums accompany him."
332,31.894691772859716,0.9361121984133169,0.01762881688773632,0.5916466116905212,ddim_lora,A recording of an old timey Chinese song from the forties.
333,26.390124741215434,0.8718982389203814,0.03431474044919014,1.1708463728427887,ddim_lora,A recording of an old timey Chinese song from the forties.
334,19.644833572800255,0.43776287636356426,0.07579250633716583,4.0305564403533936,ddim_lora,A recording of an old timey Chinese song from the forties.
335,35.224963296502665,0.9227244579345111,0.008178775198757648,0.45003899559378624,ddim_lora,A recording of an old timey Chinese song from the forties.
336,34.04551740921089,0.938759616206866,0.014219089411199093,0.6166594922542572,ddim_lora,A high quality recording of a woman singing with an orchestra rock band accompaniment.
337,31.99817902576239,0.9265947734715981,0.018764086067676544,0.7418543994426727,ddim_lora,A high quality recording of a woman singing with an orchestra rock band accompaniment.
338,33.536775428192655,0.9300579420776802,0.014863377436995506,0.6201719492673874,ddim_lora,A high quality recording of a woman singing with an orchestra rock band accompaniment.
339,36.805911482811254,0.9537540869977441,0.010334942489862442,0.6453976035118103,ddim_lora,A high quality recording of a woman singing with an orchestra rock band accompaniment.
340,32.62025412402921,0.9518933764132609,0.015175092034041882,0.7782376408576965,ddim_lora,A recording of happy techno music.
341,32.12774426102295,0.9392070424725083,0.017459651455283165,0.6011457145214081,ddim_lora,A recording of happy techno music.
342,28.92289709757255,0.9207769599147283,0.022894559428095818,0.5479894727468491,ddim_lora,A recording of happy techno music.
343,29.04919370078734,0.9556576402903506,0.017788361757993698,0.4758795350790024,ddim_lora,A recording of happy techno music.
344,34.810141215278875,0.9633074200777181,0.010626671835780144,0.35406204604078084,ddim_lora,"Strings playing a mysterious song, alongside drums and flutes."
345,35.076603627189535,0.9334799162228854,0.011771326884627342,0.6620945930480957,ddim_lora,"Strings playing a mysterious song, alongside drums and flutes."
346,33.86188489251487,0.9576740360543006,0.013969768770039082,0.3592888414859772,ddim_lora,"Strings playing a mysterious song, alongside drums and flutes."
347,34.512633262473244,0.9486942184880812,0.012665951624512672,0.28387103602290154,ddim_lora,"Strings playing a mysterious song, alongside drums and flutes."
348,34.39220475311536,0.9472482267935671,0.012843240983784199,0.5508671849966049,ddim_lora,A high quality recording of a choir and violins playing a happy and emotional  piece.
349,31.573195361624606,0.9204624384262082,0.01747935265302658,0.6192358136177063,ddim_lora,A high quality recording of a choir and violins playing a happy and emotional  piece.
350,34.11831028889488,0.9463975211148079,0.013977421447634697,0.7564851343631744,ddim_lora,A high quality recording of a choir and violins playing a happy and emotional  piece.
351,26.361341436159034,0.8487976207199391,0.03116128034889698,1.6370484828948975,ddim_lora,A high quality recording of a choir and violins playing a happy and emotional  piece.
352,29.573382276351033,0.8915178590239011,0.023874029517173767,0.9097021818161011,ddim_lora,"A classical piece with a string section, piano, bass and drums playing."
353,32.7883809550118,0.9374773240620291,0.01590900495648384,0.4932028651237488,ddim_lora,"A classical piece with a string section, piano, bass and drums playing."
354,33.413170692240406,0.9212484629666282,0.014189294539391994,0.5195863246917725,ddim_lora,"A classical piece with a string section, piano, bass and drums playing."
355,33.930972841830794,0.9394837056860015,0.014778967015445232,0.6716940104961395,ddim_lora,"A classical piece with a string section, piano, bass and drums playing."
356,35.916051063175836,0.959228754629194,0.011087518185377121,0.5850477069616318,ddim_lora,A recording of an old classical song.
357,23.915671688248416,0.8007512464010207,0.04084612429141998,1.280387431383133,ddim_lora,A recording of an old classical song.
358,34.65551248024531,0.9329880942150452,0.011792274191975594,0.5566412508487701,ddim_lora,A recording of an old classical song.
359,14.735801451715652,0.28476464533367246,0.13364392518997192,5.288905143737793,ddim_lora,A recording of an old classical song.
360,33.45603625908373,0.9393545309980559,0.014578761532902718,0.5833351314067841,ddim_lora,"A high quality recording of a man singing, and a piano, bass and drums playing."
361,33.606729824695535,0.9613541785672144,0.01216202974319458,0.32877061516046524,ddim_lora,"A high quality recording of a man singing, and a piano, bass and drums playing."
362,32.15463958499907,0.9284630679684667,0.017325429245829582,0.684377133846283,ddim_lora,"A high quality recording of a man singing, and a piano, bass and drums playing."
363,30.628815492355223,0.8867054106610832,0.01939895935356617,0.8687165975570679,ddim_lora,"A high quality recording of a man singing, and a piano, bass and drums playing."
364,33.536698713030965,0.941249456871033,0.014743019826710224,0.6394891738891602,ddim_lora,A recording of a dramatic Chinese music piece.
365,36.538738654368615,0.961931877045548,0.0073912618681788445,0.47723329067230225,ddim_lora,A recording of a dramatic Chinese music piece.
366,33.32902821245576,0.9591601051094524,0.008817476220428944,0.6696445047855377,ddim_lora,A recording of a dramatic Chinese music piece.
367,33.472661245132215,0.9343173270437978,0.014614523388445377,0.440780945122242,ddim_lora,A recording of a dramatic Chinese music piece.
368,29.97388726897958,0.9291541558613593,0.021850939840078354,0.8125233948230743,ddim_lora,A saxophone playing a melody and then slowly a violin joins and more strings and they play a happy emotional song.
369,31.755549216657307,0.9254509522397009,0.01819523051381111,0.7361287474632263,ddim_lora,A saxophone playing a melody and then slowly a violin joins and more strings and they play a happy emotional song.
370,33.16386139761667,0.9430008923030359,0.015854686498641968,1.013095736503601,ddim_lora,A saxophone playing a melody and then slowly a violin joins and more strings and they play a happy emotional song.
371,33.26763176307177,0.9504337026596745,0.011995546519756317,0.3569706603884697,ddim_lora,A saxophone playing a melody and then slowly a violin joins and more strings and they play a happy emotional song.
372,31.285780324176837,0.928212528176292,0.02009476162493229,0.7841046452522278,ddim_lora,"A woman is singing a country song with a violin, bass and drums playing in the background."
373,32.93603580598694,0.9475959401060651,0.015905093401670456,0.626876026391983,ddim_lora,"A woman is singing a country song with a violin, bass and drums playing in the background."
374,32.59944940904519,0.9408661008586071,0.016687922179698944,0.6095794290304184,ddim_lora,"A woman is singing a country song with a violin, bass and drums playing in the background."
375,34.59894105622015,0.9527341226578337,0.012171870097517967,0.4166184328496456,ddim_lora,"A woman is singing a country song with a violin, bass and drums playing in the background."
376,25.382207367115875,0.852149584403907,0.03216681256890297,0.8448947668075562,ddim_lora,A recording of a classical song.
377,31.82244927332343,0.849289053753597,0.017054220661520958,0.9929739758372307,ddim_lora,A recording of a classical song.
378,33.57338899122384,0.9253020082782613,0.013792784884572029,0.48054730892181396,ddim_lora,A recording of a classical song.
379,34.1138933503708,0.956556226075305,0.014073447324335575,0.6654431521892548,ddim_lora,A recording of a classical song.
380,29.55961227663564,0.8756950841655009,0.02499266155064106,0.9325597882270813,ddim_lora,Flutes playing alongside a woman vocalizing a happy upbeat melody.
381,34.37922065048825,0.9346010486832722,0.009471586905419827,0.6562442630529404,ddim_lora,Flutes playing alongside a woman vocalizing a happy upbeat melody.
382,33.09740519177081,0.9376392519551104,0.01625562459230423,0.918036162853241,ddim_lora,Flutes playing alongside a woman vocalizing a happy upbeat melody.
383,33.980363245288075,0.93581826046709,0.013445367105305195,0.8254413902759552,ddim_lora,Flutes playing alongside a woman vocalizing a happy upbeat melody.
384,29.946278348482863,0.8704744644826631,0.02200031653046608,0.9337270259857178,ddim_lora,"Trumpets playing alongside a piano, bass and drums in an upbeat old-timey cool jazz song."
385,33.94977844123872,0.9429871327169349,0.012365634553134441,0.4092085734009743,ddim_lora,"Trumpets playing alongside a piano, bass and drums in an upbeat old-timey cool jazz song."
386,33.39587550163776,0.9428344129209522,0.014330422505736351,0.4178255647420883,ddim_lora,"Trumpets playing alongside a piano, bass and drums in an upbeat old-timey cool jazz song."
387,35.227331444074174,0.9578775406880471,0.011637517251074314,0.34970150887966156,ddim_lora,"Trumpets playing alongside a piano, bass and drums in an upbeat old-timey cool jazz song."
388,34.07042321661634,0.943249895631637,0.013637042604386806,0.49942412972450256,ddim_lora,"A high quality recording of a man singing while a piano, bass and drums accompany him."
389,31.553408141962652,0.9407933061557406,0.019022097811102867,0.6392689496278763,ddim_lora,"A high quality recording of a man singing while a piano, bass and drums accompany him."
390,30.89903225779785,0.890976293022872,0.018826933577656746,0.796858161687851,ddim_lora,"A high quality recording of a man singing while a piano, bass and drums accompany him."
391,35.288186758967605,0.963694927211011,0.010027702897787094,1.377907931804657,ddim_lora,"A high quality recording of a man singing while a piano, bass and drums accompany him."
392,31.266718550115296,0.9330313198824851,0.017455583438277245,1.204231858253479,ddim_lora,"A techno song of a synthesizer playing while a guitar, bass and drums are playing in the background."
393,30.502027346557195,0.8510132372640739,0.02157123014330864,0.9939566552639008,ddim_lora,"A techno song of a synthesizer playing while a guitar, bass and drums are playing in the background."
394,29.407564806645684,0.810652492496212,0.025276580825448036,2.092142164707184,ddim_lora,"A techno song of a synthesizer playing while a guitar, bass and drums are playing in the background."
395,34.886503223186125,0.9299983141451604,0.013198460452258587,0.7151343524456024,ddim_lora,"A techno song of a synthesizer playing while a guitar, bass and drums are playing in the background."
396,31.02387263179686,0.8709151164597096,0.018753724172711372,0.897648811340332,ddim_lora,"strings, bass and drums playing."
397,38.11121887651031,0.9774490292109014,0.005084210075438023,0.2585974633693695,ddim_lora,"strings, bass and drums playing."
398,32.09027028877592,0.8905446184257807,0.01858064904808998,0.9399659633636475,ddim_lora,"strings, bass and drums playing."
399,32.50863281458881,0.9194834619362874,0.01569416932761669,0.3441336899995804,ddim_lora,"strings, bass and drums playing."
400,32.62636893739382,0.9276399247891836,0.017178604379296303,0.8184019327163696,ddim_lora,"A rock song of a guitar, bass and drums are playing in the background."
401,32.07435534083077,0.9211406520834272,0.017652325332164764,0.6313430666923523,ddim_lora,"A rock song of a guitar, bass and drums are playing in the background."
402,32.9421431977707,0.9425168062299631,0.015944819897413254,0.5911690145730972,ddim_lora,"A rock song of a guitar, bass and drums are playing in the background."
403,32.15470292639755,0.9077267753030364,0.018420930951833725,0.942730724811554,ddim_lora,"A rock song of a guitar, bass and drums are playing in the background."
404,34.13774419053552,0.9438045010236619,0.013719719834625721,0.4478732906281948,ddim_lora,A high quality recording of a rock band playing a slow metal song.
405,35.67568046718192,0.9456146635085453,0.011047095991671085,0.6164006590843201,ddim_lora,A high quality recording of a rock band playing a slow metal song.
406,35.01543742385899,0.9479055169358732,0.011860367842018604,0.5233525037765503,ddim_lora,A high quality recording of a rock band playing a slow metal song.
407,32.481474175993576,0.8675211052613341,0.01544005423784256,0.6289168372750282,ddim_lora,A high quality recording of a rock band playing a slow metal song.
408,33.40335117473072,0.9300300911422499,0.015318946912884712,0.7542985677719116,ddim_lora,"Arabic strings, flutes, and harp playing calm happy Arabic music."
409,34.15924139841105,0.9230946820417137,0.012569805607199669,0.4237874262034893,ddim_lora,"Arabic strings, flutes, and harp playing calm happy Arabic music."
410,32.52025404230248,0.9126885806627506,0.017083050683140755,0.7743813991546631,ddim_lora,"Arabic strings, flutes, and harp playing calm happy Arabic music."
411,33.19461866316854,0.9263337893412485,0.014647417701780796,0.5354181230068207,ddim_lora,"Arabic strings, flutes, and harp playing calm happy Arabic music."
412,30.919661549834906,0.9269500497446979,0.020457718521356583,0.49353307485580444,ddim_lora,A recording of a scary techno song.
413,31.56541153110668,0.9502157764778509,0.009870026260614395,0.29705633223056793,ddim_lora,A recording of a scary techno song.
414,34.522256008249855,0.9282410958340627,0.013655751012265682,0.5899927914142609,ddim_lora,A recording of a scary techno song.
415,33.48001647443047,0.9216013651948955,0.014473555609583855,0.5426452308893204,ddim_lora,A recording of a scary techno song.
416,33.84611799693103,0.9275092495482701,0.014840659685432911,0.7129895985126495,ddim_lora,A rock band playing rock music. You can hear guitars and a piano.
417,35.51249759487671,0.9577424426789177,0.012348136864602566,0.4807974100112915,ddim_lora,A rock band playing rock music. You can hear guitars and a piano.
418,31.58017807636432,0.9238850117827119,0.019498484209179878,0.6958693414926529,ddim_lora,A rock band playing rock music. You can hear guitars and a piano.
419,33.51567546503879,0.930060269139427,0.015568384900689125,0.7320061326026917,ddim_lora,A rock band playing rock music. You can hear guitars and a piano.
420,36.23854092781094,0.9608646612624075,0.008044193498790264,0.37888510525226593,ddim_lora,A recording of a dramatic epic Arabic piece.
421,35.7137127316182,0.9593617959000625,0.009158673696219921,0.38558121770620346,ddim_lora,A recording of a dramatic epic Arabic piece.
422,34.04623426496951,0.9528087505438447,0.01254258118569851,0.44767117500305176,ddim_lora,A recording of a dramatic epic Arabic piece.
423,35.817823702087566,0.9613992094391968,0.008486305363476276,0.29002897441387177,ddim_lora,A recording of a dramatic epic Arabic piece.
424,35.24260488158593,0.9482595818415813,0.01253389474004507,0.49902285635471344,ddim_lora,A high quality recording of a violin playing while an orchestra play in the background.
425,34.56217638971178,0.9468648464773499,0.012608099728822708,0.447417289018631,ddim_lora,A high quality recording of a violin playing while an orchestra play in the background.
426,31.87187547632851,0.9388336709561577,0.01822466403245926,0.616781085729599,ddim_lora,A high quality recording of a violin playing while an orchestra play in the background.
427,31.203039015246144,0.9051943546924786,0.020152784883975983,0.8473281264305115,ddim_lora,A high quality recording of a violin playing while an orchestra play in the background.
428,32.82345875241397,0.9215639196569302,0.015601109713315964,0.5708120763301849,ddim_lora,A high quality recording of drums and strings playing.
429,33.58426210923497,0.927805121249197,0.012661019340157509,0.48437653481960297,ddim_lora,A high quality recording of drums and strings playing.
430,34.06324510201642,0.9475812839010088,0.013265378773212433,0.2862693481147289,ddim_lora,A high quality recording of drums and strings playing.
431,33.72136669049932,0.9102795052501903,0.013843918219208717,0.5959352254867554,ddim_lora,A high quality recording of drums and strings playing.
432,33.37216111760544,0.9159716717887387,0.014534927904605865,0.899805337190628,ddim_lora,"A trumpet playing a cool jazz melody, with an accompaniment of a piano, bass and drums."
433,35.05534329039663,0.9425569746372833,0.011733990162611008,0.4700285345315933,ddim_lora,"A trumpet playing a cool jazz melody, with an accompaniment of a piano, bass and drums."
434,32.43138774980686,0.961373559060842,0.014267833903431892,0.316524401307106,ddim_lora,"A trumpet playing a cool jazz melody, with an accompaniment of a piano, bass and drums."
435,28.454846088803244,0.8921864503462273,0.026435501873493195,0.6334056705236435,ddim_lora,"A trumpet playing a cool jazz melody, with an accompaniment of a piano, bass and drums."
436,35.805166910943676,0.9579345562122988,0.00983637385070324,0.2555299252271652,ddim_lora,A high quality recording of a woman singing with an orchestra accompaniment.
437,33.66202326066799,0.9408766651825937,0.013266246765851974,0.4303133189678192,ddim_lora,A high quality recording of a woman singing with an orchestra accompaniment.
438,33.296269343034346,0.9506379344918413,0.015560694970190525,0.782240241765976,ddim_lora,A high quality recording of a woman singing with an orchestra accompaniment.
439,31.164562912185986,0.9039478166182168,0.019431443884968758,0.9950393438339233,ddim_lora,A high quality recording of a woman singing with an orchestra accompaniment.
440,34.074335292991414,0.9522533727681651,0.013663575053215027,0.3667083866894245,ddim_lora,"A jazz song with a trumpet, bass and drums playing."
441,32.6526495094172,0.9406985286757996,0.016297951340675354,0.3524968549609184,ddim_lora,"A jazz song with a trumpet, bass and drums playing."
442,34.46857521365463,0.9451078975621273,0.00980052724480629,0.5486271381378174,ddim_lora,"A jazz song with a trumpet, bass and drums playing."
443,33.58287560101873,0.9404270047756995,0.013129920698702335,0.4038842245936394,ddim_lora,"A jazz song with a trumpet, bass and drums playing."
444,31.671418567707263,0.9205932491910331,0.0182262621819973,0.6223803609609604,ddim_lora,A rhythmic song with a synthesizer and drums playing.
445,32.48599533075733,0.9091991514740846,0.01721005141735077,1.2340530753135681,ddim_lora,A rhythmic song with a synthesizer and drums playing.
446,34.04724221507932,0.9629026047429682,0.014490035362541676,0.5984407961368561,ddim_lora,A rhythmic song with a synthesizer and drums playing.
447,32.056526671361894,0.9129211469309304,0.017797045409679413,0.7709305882453918,ddim_lora,A rhythmic song with a synthesizer and drums playing.
448,32.90247169090828,0.9273475668786035,0.016332663595676422,0.7178739309310913,ddim_lora,"a saxophone, flute, piano, bass and drums playing."
449,33.659177936512,0.9271998351944952,0.014019655995070934,0.6086549758911133,ddim_lora,"a saxophone, flute, piano, bass and drums playing."
450,33.97036909554588,0.9361793710925503,0.014033125713467598,0.5721673592925072,ddim_lora,"a saxophone, flute, piano, bass and drums playing."
451,33.90063183240271,0.9161861795992088,0.013645217753946781,0.5763463564217091,ddim_lora,"a saxophone, flute, piano, bass and drums playing."
452,34.80284558480673,0.9372434474196039,0.013082961551845074,0.880967378616333,ddim_lora,A recording of a sad and mysterious classical music piece.
453,32.32658678742229,0.906226163985909,0.017230642959475517,0.6977569758892059,ddim_lora,A recording of a sad and mysterious classical music piece.
454,34.22084425127973,0.9484287310072133,0.011086168698966503,0.39774830639362335,ddim_lora,A recording of a sad and mysterious classical music piece.
455,33.20964128925874,0.9449347564274404,0.014001032337546349,0.39944449812173843,ddim_lora,A recording of a sad and mysterious classical music piece.
456,33.246327409614295,0.9355132158957338,0.014810389839112759,0.522659033536911,ddim_lora,A synthesizer playing a scary arcade game melody with another synthesizer accompaniment in the background.
457,32.44528880589955,0.9648084989597037,0.01231379434466362,0.22480970807373524,ddim_lora,A synthesizer playing a scary arcade game melody with another synthesizer accompaniment in the background.
458,33.81243763870653,0.8636626653914187,0.014941065572202206,0.9549803733825684,ddim_lora,A synthesizer playing a scary arcade game melody with another synthesizer accompaniment in the background.
459,33.62398179246891,0.9634678287494536,0.01290006935596466,0.27957733720541,ddim_lora,A synthesizer playing a scary arcade game melody with another synthesizer accompaniment in the background.
460,34.170981917947095,0.9223798184139675,0.011896919459104538,0.40057771652936935,ddim_lora,"Strings, flutes, and harp playing an angry metal song."
461,29.963139084811274,0.8977097090837447,0.020270122215151787,0.9178565144538879,ddim_lora,"Strings, flutes, and harp playing an angry metal song."
462,33.71372859962426,0.9523308516052211,0.01165821123868227,0.3276984766125679,ddim_lora,"Strings, flutes, and harp playing an angry metal song."
463,24.41242938227934,0.7579466458416033,0.039821807295084,1.597746729850769,ddim_lora,"Strings, flutes, and harp playing an angry metal song."
464,36.31322878562169,0.9667803436848221,0.010463662445545197,0.3998865783214569,ddim_lora,A recording of a string quartet playing.
465,32.14061187098585,0.9336901080141529,0.015421333722770214,0.6280879881232977,ddim_lora,A recording of a string quartet playing.
466,33.26817941419496,0.9503059358437539,0.014703319407999516,0.4716126620769501,ddim_lora,A recording of a string quartet playing.
467,34.78878525111254,0.9064350056359827,0.010942849330604076,0.48006240278482437,ddim_lora,A recording of a string quartet playing.
468,34.24175348621988,0.9567055176695016,0.012716257013380527,0.6839062571525574,ddim_lora,A recording of a slow reggae song.
469,30.694106756386113,0.9228419499535367,0.021126525476574898,0.6554741412401199,ddim_lora,A recording of a slow reggae song.
470,34.044846765083726,0.9139708830018821,0.014202217571437359,0.6050974279642105,ddim_lora,A recording of a slow reggae song.
471,33.41899481947096,0.948969927481278,0.012577307410538197,0.6445206850767136,ddim_lora,A recording of a slow reggae song.
472,25.690916943297673,0.9369434866445571,0.016212139278650284,0.475331574678421,ddim_lora,A recording of a happy upbeat arcade game soundtrack.
473,32.2360345288728,0.9387583727709364,0.016620153561234474,0.535895973443985,ddim_lora,A recording of a happy upbeat arcade game soundtrack.
474,32.721054958351935,0.9484744253300622,0.014337415806949139,0.2611948177218437,ddim_lora,A recording of a happy upbeat arcade game soundtrack.
475,27.595465206317634,0.7885921429659317,0.027764620259404182,0.9399696886539459,ddim_lora,A recording of a happy upbeat arcade game soundtrack.
476,28.54230584790127,0.8520178178016535,0.027663471177220345,1.2000431418418884,ddim_lora,A recording of an upbeat hip hop song.
477,33.059908280986676,0.9411244378905447,0.015025281347334385,0.34721241891384125,ddim_lora,A recording of an upbeat hip hop song.
478,32.02476508861316,0.8875752735327992,0.017393268644809723,0.8954634666442871,ddim_lora,A recording of an upbeat hip hop song.
479,33.63715773085826,0.9577519178078072,0.01472011860460043,0.37711068987846375,ddim_lora,A recording of an upbeat hip hop song.
480,30.385521326046693,0.8962458875119361,0.0221831277012825,0.8189208209514618,ddim_lora,"A man is singing while a guitar, bass and drums playing in the background an angry metal song."
481,33.15912466237594,0.9144452734216608,0.01613122597336769,0.8111028969287872,ddim_lora,"A man is singing while a guitar, bass and drums playing in the background an angry metal song."
482,33.96287582106958,0.9536367413081943,0.014156807214021683,0.49352070689201355,ddim_lora,"A man is singing while a guitar, bass and drums playing in the background an angry metal song."
483,29.34749301444691,0.888477290744738,0.022605525329709053,1.2082513570785522,ddim_lora,"A man is singing while a guitar, bass and drums playing in the background an angry metal song."
484,32.55583274361113,0.9241325209083482,0.0133218327537179,0.6219745427370071,ddim_lora,"A high quality recording of a saxophone, bass and drums playing."
485,19.91392385520152,0.5821935181013604,0.07183662801980972,2.110735297203064,ddim_lora,"A high quality recording of a saxophone, bass and drums playing."
486,29.51481614762818,0.863676591197644,0.021889125928282738,1.145948052406311,ddim_lora,"A high quality recording of a saxophone, bass and drums playing."
487,24.67347482519046,0.7035768079532848,0.04109739512205124,1.9774719178676605,ddim_lora,"A high quality recording of a saxophone, bass and drums playing."
488,32.2341418712439,0.9283647756458744,0.0158012006431818,0.6934964656829834,ddim_lora,A recording of a cool calm techno song.
489,34.98357596471715,0.94396088196898,0.01195194199681282,0.866572916507721,ddim_lora,A recording of a cool calm techno song.
490,28.532912095453543,0.8699952833359512,0.023877190425992012,0.5244365930557251,ddim_lora,A recording of a cool calm techno song.
491,28.359735197145074,0.8489260596990859,0.028923530131578445,1.1153964400291443,ddim_lora,A recording of a cool calm techno song.
492,30.082986573613635,0.8528485340597141,0.013842076994478703,0.7002883851528168,ddim_lora,"A high quality recording of a guitars, bass, drums and piano playing."
493,34.097681741821376,0.9510658427631394,0.012565352022647858,0.6153721809387207,ddim_lora,"A high quality recording of a guitars, bass, drums and piano playing."
494,33.62663007723528,0.9370285910662839,0.014912746846675873,0.5279655903577805,ddim_lora,"A high quality recording of a guitars, bass, drums and piano playing."
495,32.79929106902462,0.9372231422751959,0.01504436880350113,0.41606026887893677,ddim_lora,"A high quality recording of a guitars, bass, drums and piano playing."
496,21.223382474982845,0.7205681384072906,0.06758817285299301,2.683853268623352,ddim_lora,A high quality recording of flutes and a trumpet playing.
497,28.16246438591638,0.8467721244155666,0.02619406394660473,0.9030798673629761,ddim_lora,A high quality recording of flutes and a trumpet playing.
498,28.139804632630362,0.9011635810428388,0.02692195400595665,0.8136942088603973,ddim_lora,A high quality recording of flutes and a trumpet playing.
499,33.58264198570034,0.9203108190854983,0.013714531436562538,0.5041687488555908,ddim_lora,A high quality recording of flutes and a trumpet playing.
500,32.00475150034982,0.9424575096181848,0.017831848934292793,0.6435202211141586,ddim_lora,"A high quality recording of strings, trumpets and drums playing."
501,34.87971199083488,0.9423945198968773,0.011894105933606625,0.3888511508703232,ddim_lora,"A high quality recording of strings, trumpets and drums playing."
502,25.511217789520874,0.8951171376044387,0.020815689116716385,2.2757622599601746,ddim_lora,"A high quality recording of strings, trumpets and drums playing."
503,32.6662461653853,0.9515823704321108,0.015286218374967575,0.4144513010978699,ddim_lora,"A high quality recording of strings, trumpets and drums playing."
504,35.42496566083345,0.9634152635567896,0.012103704735636711,0.32581283897161484,ddim_lora,A recording of Arabic instruments playing.
505,30.71563684419566,0.9308835169520882,0.020241154357790947,0.5992972701787949,ddim_lora,A recording of Arabic instruments playing.
506,33.45207851068409,0.9557334013054739,0.01452664379030466,0.4444352686405182,ddim_lora,A recording of Arabic instruments playing.
507,34.079920495909235,0.9508321840220965,0.013834686018526554,0.44879375398159027,ddim_lora,A recording of Arabic instruments playing.
508,33.27757356893918,0.9377249382499536,0.015445763245224953,0.3960118591785431,ddim_lora,A cool old rock song of a man singing while a guitar and drums accompany him.
509,34.03801739253471,0.9223775561328953,0.013850484043359756,0.6010180413722992,ddim_lora,A cool old rock song of a man singing while a guitar and drums accompany him.
510,30.0508209012605,0.9409101032810758,0.017939867451786995,0.5219554007053375,ddim_lora,A cool old rock song of a man singing while a guitar and drums accompany him.
511,33.31329074346891,0.9423660235132507,0.01587814837694168,0.96559938788414,ddim_lora,A cool old rock song of a man singing while a guitar and drums accompany him.
512,35.87657328208268,0.959698885116998,0.011698559857904911,1.0801291465759277,ddim_lora,A recording of a happy classical music piece.
513,33.86730915528084,0.9477022947690602,0.01219094917178154,0.23499640729278326,ddim_lora,A recording of a happy classical music piece.
514,31.971243344589286,0.9182019475526014,0.01471771951764822,1.0528604388237,ddim_lora,A recording of a happy classical music piece.
515,27.693712593172776,0.911273538294349,0.021453876048326492,0.5262994542717934,ddim_lora,A recording of a happy classical music piece.
516,34.760862421703386,0.9176849285986586,0.010699964128434658,0.7980364263057709,ddim_lora,A recording of a scary classical music piece.
517,32.614032728314825,0.9566097026912577,0.015194724313914776,0.2988682687282562,ddim_lora,A recording of a scary classical music piece.
518,25.37054194785124,0.7915103426370147,0.03668178245425224,0.9118860214948654,ddim_lora,A recording of a scary classical music piece.
519,35.45429163177903,0.9759711761740874,0.009133371524512768,0.2905363142490387,ddim_lora,A recording of a scary classical music piece.
520,32.81885857010852,0.9297517194078754,0.015250883996486664,0.5441552698612213,ddim_lora,A recording of a mysterious Arabic song.
521,34.23014594942596,0.9548272789332818,0.014554016292095184,0.5374101847410202,ddim_lora,A recording of a mysterious Arabic song.
522,33.55748911910652,0.93896797273177,0.014123049564659595,0.4679960310459137,ddim_lora,A recording of a mysterious Arabic song.
523,30.26853657341295,0.9005608451582602,0.01848934404551983,0.4333803169429302,ddim_lora,A recording of a mysterious Arabic song.
524,27.289569767182694,0.8443271740685231,0.02866382710635662,0.7426552027463913,ddim_lora,"A high quality recording of electric keyboard, bass and drums playing."
525,36.01427693135119,0.966671319087195,0.01139997411519289,0.2274826616048813,ddim_lora,"A high quality recording of electric keyboard, bass and drums playing."
526,32.89504204697152,0.950592853268084,0.01493726298213005,0.36926279217004776,ddim_lora,"A high quality recording of electric keyboard, bass and drums playing."
527,31.61053925581172,0.8753350069919495,0.018475357443094254,1.2577763795852661,ddim_lora,"A high quality recording of electric keyboard, bass and drums playing."
528,35.31644922597345,0.9492172934715266,0.011946766637265682,0.5947006344795227,ddim_lora,An orchestra playing classical music. You can hear flutes and strings.
529,31.787388421467288,0.8939534474827519,0.017148558050394058,0.728444367647171,ddim_lora,An orchestra playing classical music. You can hear flutes and strings.
530,34.001443655049556,0.9407042504609241,0.013960560783743858,0.5852872580289841,ddim_lora,An orchestra playing classical music. You can hear flutes and strings.
531,26.497464957445782,0.7836973676648094,0.03334735706448555,1.964708924293518,ddim_lora,An orchestra playing classical music. You can hear flutes and strings.
532,27.721863413245135,0.8212624345870152,0.025755394250154495,1.3723180294036865,ddim_lora,A high quality recording of a guitar and violins playing a happy and emotional  piece.
533,31.226423501835733,0.8681397683483073,0.018502863124012947,0.8004426956176758,ddim_lora,A high quality recording of a guitar and violins playing a happy and emotional  piece.
534,27.506155467919733,0.876029941949175,0.02982771210372448,1.6940028071403503,ddim_lora,A high quality recording of a guitar and violins playing a happy and emotional  piece.
535,31.579210473316202,0.8667732935388567,0.0168000478297472,1.2409718036651611,ddim_lora,A high quality recording of a guitar and violins playing a happy and emotional  piece.
536,34.54349452975154,0.9446683001970629,0.013701416552066803,0.9222667813301086,ddim_lora,A recording of a tense classical music score.
537,35.94064551578648,0.9408179857111142,0.008931822143495083,0.4340285584330559,ddim_lora,A recording of a tense classical music score.
538,32.24105630374818,0.9444971074334847,0.01689757965505123,0.5692496001720428,ddim_lora,A recording of a tense classical music score.
539,33.8657183979217,0.9256835003921982,0.01211589202284813,0.3800763189792633,ddim_lora,A recording of a tense classical music score.
540,32.612679702656465,0.8923888384078933,0.014476225711405277,0.5289877653121948,ddim_lora,A metal band playing metal music.
541,32.17727110902702,0.9038201443752876,0.017038533464074135,0.6165296211838722,ddim_lora,A metal band playing metal music.
542,34.35150269372764,0.9493812248672373,0.012235399335622787,0.2572895409539342,ddim_lora,A metal band playing metal music.
543,36.58102745353998,0.9722317034663,0.00665388535708189,0.40957115590572357,ddim_lora,A metal band playing metal music.
544,31.495948445240543,0.9053594357672814,0.019994612783193588,1.0737275183200836,ddim_lora,A recording of happy Chinese music.
545,35.90712911217701,0.9592692747864477,0.00968469399958849,0.3609945196658373,ddim_lora,A recording of happy Chinese music.
546,33.21433410772293,0.9342024518152061,0.015072042122483253,0.42971377074718475,ddim_lora,A recording of happy Chinese music.
547,34.06537789053682,0.9406776474214595,0.014152830466628075,0.5823637396097183,ddim_lora,A recording of happy Chinese music.
548,34.0207547359979,0.9407771633485124,0.013330498710274696,0.6654642522335052,ddim_lora,"Strings, flutes, and harp playing calm happy rock music."
549,35.59484629161865,0.9550820228080984,0.011724469251930714,0.813878059387207,ddim_lora,"Strings, flutes, and harp playing calm happy rock music."
550,33.118033891998316,0.937797755203861,0.016094863414764404,0.9694511890411377,ddim_lora,"Strings, flutes, and harp playing calm happy rock music."
551,34.190367870327314,0.9412543716065662,0.012895988300442696,0.7655598521232605,ddim_lora,"Strings, flutes, and harp playing calm happy rock music."
552,39.55450405746513,0.960779640630076,0.004686326254159212,0.4280595928430557,ddim_lora,A recording of an old timey rock song from the sixties.
553,31.391008164272435,0.9052643887709947,0.014190206304192543,1.1734965443611145,ddim_lora,A recording of an old timey rock song from the sixties.
554,33.28683543876075,0.9518896743199469,0.015499425120651722,0.4151729345321655,ddim_lora,A recording of an old timey rock song from the sixties.
555,33.18728822273123,0.9476521217632988,0.014778295531868935,0.3973134756088257,ddim_lora,A recording of an old timey rock song from the sixties.
556,34.77949412393505,0.9517023116918231,0.01290530152618885,0.3404427692294121,ddim_lora,"A jazz song with a saxophone, trumpet, guitar, bass and drums playing."
557,34.15585235534007,0.9328746913763623,0.013266668654978275,0.5791566520929337,ddim_lora,"A jazz song with a saxophone, trumpet, guitar, bass and drums playing."
558,27.24347179210995,0.8472645369100154,0.03159410506486893,0.8119762260466814,ddim_lora,"A jazz song with a saxophone, trumpet, guitar, bass and drums playing."
559,28.139496303639902,0.8994581971810182,0.027024704962968826,0.9093628525733948,ddim_lora,"A jazz song with a saxophone, trumpet, guitar, bass and drums playing."
560,34.58759665150157,0.9315851435222776,0.013552726246416569,0.874956488609314,ddim_lora,"A banjo is playing a country song, accompanied by guitar and drums."
561,33.72649567750385,0.9393452239952422,0.013398420065641403,0.48670706152915955,ddim_lora,"A banjo is playing a country song, accompanied by guitar and drums."
562,34.33232536375948,0.9435546996432457,0.013018154539167881,0.3230423331260681,ddim_lora,"A banjo is playing a country song, accompanied by guitar and drums."
563,34.595681403421615,0.9452659442625763,0.011468185111880302,0.4195641428232193,ddim_lora,"A banjo is playing a country song, accompanied by guitar and drums."
564,33.06972773895487,0.922621920283834,0.015615837648510933,0.7636061608791351,ddim_lora,A recording of a jazz song.
565,32.69219480496598,0.9266072042747296,0.016720376908779144,0.9256180226802826,ddim_lora,A recording of a jazz song.
566,31.96790990439061,0.9243318416507441,0.013703675009310246,0.43326785042881966,ddim_lora,A recording of a jazz song.
567,38.34867147516664,0.9817178355936904,0.005305336322635412,0.2075258046388626,ddim_lora,A recording of a jazz song.
568,23.85819442004707,0.6965353468453064,0.048135075718164444,2.012760281562805,ddim_lora,A high quality recording of a woman singing while a piano and drums play in the background.
569,26.03377791378029,0.7869551625502093,0.03476477414369583,1.498314380645752,ddim_lora,A high quality recording of a woman singing while a piano and drums play in the background.
570,32.47144435058165,0.9592514314918063,0.015129408799111843,0.5199228972196579,ddim_lora,A high quality recording of a woman singing while a piano and drums play in the background.
571,19.851484433447716,0.49732727903158036,0.07897161692380905,2.2939937002956867,ddim_lora,A high quality recording of a woman singing while a piano and drums play in the background.
572,33.03680802278783,0.8809344433819892,0.01590452902019024,0.697578951716423,ddim_lora,"A death metal song of a man singing while an electric guitar, bass and drums are playing in the background."
573,34.28502368801517,0.9367344017464456,0.012497696094214916,0.47886529192328453,ddim_lora,"A death metal song of a man singing while an electric guitar, bass and drums are playing in the background."
574,32.83850938955616,0.9211573073669191,0.016141127794981003,0.5746473148465157,ddim_lora,"A death metal song of a man singing while an electric guitar, bass and drums are playing in the background."
575,35.6629596387545,0.9536936295482944,0.009538908489048481,0.43575313687324524,ddim_lora,"A death metal song of a man singing while an electric guitar, bass and drums are playing in the background."
576,32.48856794493498,0.946577879743629,0.014853902161121368,0.4127066284418106,ddim_lora,"A jazz song with a saxophone, trumpet, piano, bass and drums playing."
577,35.691383318494175,0.964110688493624,0.011060819961130619,0.3645469769835472,ddim_lora,"A jazz song with a saxophone, trumpet, piano, bass and drums playing."
578,33.46652146759439,0.9553009633504834,0.014288865961134434,0.48306629061698914,ddim_lora,"A jazz song with a saxophone, trumpet, piano, bass and drums playing."
579,31.44325722286291,0.915011852493798,0.017028741538524628,0.6395127922296524,ddim_lora,"A jazz song with a saxophone, trumpet, piano, bass and drums playing."
580,34.9127144079882,0.953386259917896,0.011392328888177872,0.4374736249446869,ddim_lora,"Guitars, saxophones, and piano playing calm happy jazz music."
581,33.602589280140535,0.9541345323424182,0.013714417815208435,0.47800467908382416,ddim_lora,"Guitars, saxophones, and piano playing calm happy jazz music."
582,34.55107551014051,0.9551128606473195,0.012640891596674919,0.688883900642395,ddim_lora,"Guitars, saxophones, and piano playing calm happy jazz music."
583,24.9899044337544,0.7438354930550113,0.03535018488764763,1.1424949616193771,ddim_lora,"Guitars, saxophones, and piano playing calm happy jazz music."
584,35.08917365768972,0.964638904624786,0.01220555230975151,0.33912068605422974,ddim_lora,"A high quality recording of a rock song. a woman singing while a guitar, bass and drums playing in the background, when later a man joins."
585,32.91651856588646,0.9325630314086549,0.016429182142019272,0.7825190424919128,ddim_lora,"A high quality recording of a rock song. a woman singing while a guitar, bass and drums playing in the background, when later a man joins."
586,34.154844443982284,0.9571101847956652,0.013663871213793755,0.5340786874294281,ddim_lora,"A high quality recording of a rock song. a woman singing while a guitar, bass and drums playing in the background, when later a man joins."
587,34.96252446932053,0.9522792976625027,0.01236306969076395,0.39915186911821365,ddim_lora,"A high quality recording of a rock song. a woman singing while a guitar, bass and drums playing in the background, when later a man joins."
588,18.332467622153132,0.49599501332989676,0.07998229563236237,3.046566605567932,ddim_lora,"A saxophone, piano, bass and drums playing a cool happy song."
589,30.497924692033386,0.9010610043919907,0.017518844455480576,0.3782084062695503,ddim_lora,"A saxophone, piano, bass and drums playing a cool happy song."
590,33.03909141444997,0.9363798727683066,0.01594727486371994,0.5110354125499725,ddim_lora,"A saxophone, piano, bass and drums playing a cool happy song."
591,32.33796941702639,0.9317082902945589,0.017354868352413177,0.8927452564239502,ddim_lora,"A saxophone, piano, bass and drums playing a cool happy song."
592,34.93706126604296,0.9557517468257951,0.013086180202662945,0.6019924879074097,ddim_lora,"A guitar playing a cool rock melody while an electric keyboard, bass and drums play in the background."
593,33.40745138572245,0.9221574501202073,0.014540919102728367,0.6073449552059174,ddim_lora,"A guitar playing a cool rock melody while an electric keyboard, bass and drums play in the background."
594,28.470693497174565,0.8539737458248137,0.0257369764149189,1.5908989906311035,ddim_lora,"A guitar playing a cool rock melody while an electric keyboard, bass and drums play in the background."
595,30.273498523044616,0.8903953240468473,0.01787949912250042,0.6584215760231018,ddim_lora,"A guitar playing a cool rock melody while an electric keyboard, bass and drums play in the background."
596,33.66762224904,0.9471857120385101,0.01424433197826147,0.4790438413619995,ddim_lora,An orchestra playing an epic movie soundtrack score. You can hear flutes and strings.
597,34.682388807966134,0.9669540635434537,0.01209404319524765,0.43202243745326996,ddim_lora,An orchestra playing an epic movie soundtrack score. You can hear flutes and strings.
598,35.028006593251845,0.9595153504923526,0.012124935165047646,0.4496660530567169,ddim_lora,An orchestra playing an epic movie soundtrack score. You can hear flutes and strings.
599,32.37023734164015,0.9315846761466854,0.015173234045505524,0.9295714795589447,ddim_lora,An orchestra playing an epic movie soundtrack score. You can hear flutes and strings.
600,26.87577556342248,0.8864775532370014,0.028183581307530403,0.8432000875473022,ddim_lora,Flutes playing classical music.
601,31.796677965331945,0.9296680699134695,0.018095768988132477,0.571733295917511,ddim_lora,Flutes playing classical music.
602,22.425518859494336,0.6959002502188181,0.06090638414025307,1.8206666707992554,ddim_lora,Flutes playing classical music.
603,26.493269825852323,0.8268192399130715,0.03508662059903145,1.277532160282135,ddim_lora,Flutes playing classical music.
604,28.205865650650544,0.7670313667815234,0.027312863618135452,1.2976128458976746,ddim_lora,A recording of a cool rhythmic arcade game soundtrack.
605,33.333711834700196,0.9164158187508377,0.014595834538340569,0.5118913650512695,ddim_lora,A recording of a cool rhythmic arcade game soundtrack.
606,33.66185611366714,0.9383155617891988,0.01475917361676693,0.6533858478069305,ddim_lora,A recording of a cool rhythmic arcade game soundtrack.
607,34.4635769434968,0.9500195687445336,0.013529393821954727,0.567755401134491,ddim_lora,A recording of a cool rhythmic arcade game soundtrack.
608,33.53062113305777,0.951685436640346,0.014897934161126614,0.3478793650865555,ddim_lora,A recording of an old upbeat cool jazz song.
609,29.895217293136053,0.855563276725647,0.022236621007323265,0.8279698342084885,ddim_lora,A recording of an old upbeat cool jazz song.
610,32.221797218791494,0.8935492987216315,0.01566355675458908,0.6779478043317795,ddim_lora,A recording of an old upbeat cool jazz song.
611,32.917677272361374,0.937737547140165,0.01571083627641201,0.3898659646511078,ddim_lora,A recording of an old upbeat cool jazz song.
612,28.620083258465236,0.8822773365299678,0.025934044271707535,1.2073435187339783,ddim_lora,A recording of a dark and sad gospel song.
613,32.881650692164555,0.9217317189845978,0.013654370792210102,2.2128329277038574,ddim_lora,A recording of a dark and sad gospel song.
614,32.403153295996006,0.9319205422453379,0.016073809936642647,0.6528694033622742,ddim_lora,A recording of a dark and sad gospel song.
615,34.32201035436851,0.950008548072421,0.013681350275874138,0.7122211158275604,ddim_lora,A recording of a dark and sad gospel song.
616,26.41488329158259,0.8159368905392864,0.03096867725253105,0.9187732860445976,ddim_lora,A jazz song of a saxophone playing while bass and drums accompany him.
617,28.44395720422854,0.8443869155991239,0.023947538807988167,1.170666754245758,ddim_lora,A jazz song of a saxophone playing while bass and drums accompany him.
618,31.91114893617631,0.9213290542692044,0.01454218477010727,0.5452885031700134,ddim_lora,A jazz song of a saxophone playing while bass and drums accompany him.
619,32.589691592842975,0.9307180015247278,0.01656964048743248,0.5616391748189926,ddim_lora,A jazz song of a saxophone playing while bass and drums accompany him.
620,34.52749085794569,0.918821481417647,0.013103876262903214,0.5732900202274323,ddim_lora,A recording of an angry metal song.
621,33.68172764320947,0.9039981138464654,0.01439078338444233,0.7047967910766602,ddim_lora,A recording of an angry metal song.
622,33.10968439272807,0.8854798318083934,0.015138818882405758,0.7351973131299019,ddim_lora,A recording of an angry metal song.
623,34.970250340096705,0.8864139515244391,0.011707832105457783,0.37628045678138733,ddim_lora,A recording of an angry metal song.
624,33.111269933270535,0.955198108229681,0.01556020975112915,0.4663831442594528,ddim_lora,"A trumpet playing an epic solo while a guitar, bass and drums are playing in the background."
625,33.44879609789202,0.9401989832281643,0.015358994714915752,0.5209113359451294,ddim_lora,"A trumpet playing an epic solo while a guitar, bass and drums are playing in the background."
626,34.24657172631306,0.9601030590546191,0.012808224186301231,0.5232589840888977,ddim_lora,"A trumpet playing an epic solo while a guitar, bass and drums are playing in the background."
627,34.68806020252711,0.9506797368285602,0.012267906218767166,0.39806224405765533,ddim_lora,"A trumpet playing an epic solo while a guitar, bass and drums are playing in the background."
628,29.844599192671254,0.8974054927998064,0.02026379108428955,2.0572816133499146,ddim_lora,A high quality recording of a woman singing while a bass and drums play in the background.
629,29.20319800647677,0.9156658173177011,0.021513251587748528,0.6080904640257359,ddim_lora,A high quality recording of a woman singing while a bass and drums play in the background.
630,21.504019225482956,0.6219576720020361,0.06628716737031937,2.4005112051963806,ddim_lora,A high quality recording of a woman singing while a bass and drums play in the background.
631,21.291511434353758,0.5883044220848506,0.06128847599029541,3.2265708446502686,ddim_lora,A high quality recording of a woman singing while a bass and drums play in the background.
632,29.277664948708022,0.9361678563855915,0.020147960633039474,0.4067653492093086,ddim_lora,"A high quality recording of a trumpet, bass and drums playing."
633,32.2914670308605,0.9155753819654392,0.01778002642095089,1.000103771686554,ddim_lora,"A high quality recording of a trumpet, bass and drums playing."
634,34.834056881472875,0.9454296141398095,0.013094433583319187,0.7277355492115021,ddim_lora,"A high quality recording of a trumpet, bass and drums playing."
635,28.676417665752698,0.8539106057913141,0.025598159059882164,0.8764169216156006,ddim_lora,"A high quality recording of a trumpet, bass and drums playing."
636,31.908604555236085,0.916870475973688,0.018910804763436317,1.160312294960022,ddim_lora,A recording of a techno song.
637,32.96662120684384,0.8521608544763772,0.014042593538761139,0.6326508522033691,ddim_lora,A recording of a techno song.
638,33.14840956726331,0.9468730743475461,0.014567120932042599,0.3774387463927269,ddim_lora,A recording of a techno song.
639,31.675443051602073,0.9461766614142778,0.01828339882194996,0.5936212837696075,ddim_lora,A recording of a techno song.
640,32.39492534383732,0.9080614800719546,0.016763417050242424,0.883044958114624,ddim_lora,A recording of an upbeat country song.
641,34.343290835727615,0.936483957017755,0.013643248938024044,0.6366627365350723,ddim_lora,A recording of an upbeat country song.
642,33.19535140895534,0.9305182146532369,0.01590309664607048,0.5790530890226364,ddim_lora,A recording of an upbeat country song.
643,34.03635494882613,0.9271703583395082,0.013272369280457497,0.8470639586448669,ddim_lora,A recording of an upbeat country song.
644,32.524328354853424,0.9348292863618417,0.015430938452482224,0.4909359812736511,ddim_lora,A high quality recording of a flute playing a cool rock solo with accompaniment.
645,31.205466380390327,0.9031024980170893,0.018531784415245056,0.6792408227920532,ddim_lora,A high quality recording of a flute playing a cool rock solo with accompaniment.
646,29.472241502965417,0.9037304640483872,0.021105244755744934,0.743523508310318,ddim_lora,A high quality recording of a flute playing a cool rock solo with accompaniment.
647,28.15730291100539,0.8846096626029255,0.02543380856513977,1.120307445526123,ddim_lora,A high quality recording of a flute playing a cool rock solo with accompaniment.
648,33.13108330343273,0.9139870016367467,0.01654180698096752,0.992454320192337,ddim_lora,A recording of harsh and scary Chinese music.
649,34.247431201005824,0.9366166629478158,0.010222120210528374,0.7527911961078644,ddim_lora,A recording of harsh and scary Chinese music.
650,32.27035207269412,0.9143155316975703,0.017130868509411812,1.049925148487091,ddim_lora,A recording of harsh and scary Chinese music.
651,34.78561094345579,0.9271647340166694,0.012515473179519176,0.6723159551620483,ddim_lora,A recording of harsh and scary Chinese music.
652,26.097717394391612,0.8406694517358515,0.03284207358956337,2.2233824133872986,ddim_lora,"A banjo playing alongside a piano, bass and drums in an upbeat old-timey cool country song."
653,32.78003699796764,0.9409620158011528,0.014988686889410019,0.5466756522655487,ddim_lora,"A banjo playing alongside a piano, bass and drums in an upbeat old-timey cool country song."
654,32.56932421654889,0.9430836147148781,0.015707504004240036,0.4833221137523651,ddim_lora,"A banjo playing alongside a piano, bass and drums in an upbeat old-timey cool country song."
655,35.50176642850047,0.9508113217545411,0.011562739498913288,0.38396699726581573,ddim_lora,"A banjo playing alongside a piano, bass and drums in an upbeat old-timey cool country song."
656,31.431581550960665,0.8770896124795694,0.018895242363214493,1.0722371339797974,ddim_lora,A recording of a movie soundtrack.
657,32.269612439804604,0.9143271383398369,0.016633713617920876,0.6422426402568817,ddim_lora,A recording of a movie soundtrack.
658,31.465744515468884,0.9400866429370366,0.016382550820708275,0.5786854773759842,ddim_lora,A recording of a movie soundtrack.
659,35.50043538128962,0.9452817164997959,0.010862449184060097,0.4366176277399063,ddim_lora,A recording of a movie soundtrack.
660,31.179625268126316,0.9000235479148184,0.019544264301657677,0.4044126197695732,ddim_lora,A rap song of a man singing while bass and drums accompany him.
661,31.39027408794176,0.9239735126012887,0.016948416829109192,0.46465304493904114,ddim_lora,A rap song of a man singing while bass and drums accompany him.
662,33.34427778913229,0.9381729058213848,0.012772065587341785,0.8177109211683273,ddim_lora,A rap song of a man singing while bass and drums accompany him.
663,28.97767734215735,0.8704277122788575,0.024674568325281143,0.6289774924516678,ddim_lora,A rap song of a man singing while bass and drums accompany him.
664,30.562471830788475,0.9374534463930473,0.021848727017641068,0.6676761209964752,ddim_lora,A recording of an old timey rock song from the eighties.
665,38.309986422517056,0.9700294699426273,0.006230854894965887,0.32321879267692566,ddim_lora,A recording of an old timey rock song from the eighties.
666,33.495522345530915,0.9610377962332916,0.014058852568268776,0.3349154219031334,ddim_lora,A recording of an old timey rock song from the eighties.
667,27.84571074782905,0.848914060447621,0.028385305777192116,1.0773691087961197,ddim_lora,A recording of an old timey rock song from the eighties.
668,31.613950569279055,0.9100924936235674,0.014342966489493847,0.41202637925744057,ddim_lora,"A high quality recording of a piano, flutes and drums playing."
669,29.675436664415045,0.9148138802259125,0.02030482329428196,0.6528662443161011,ddim_lora,"A high quality recording of a piano, flutes and drums playing."
670,32.59178787715303,0.9307525644409679,0.015553807839751244,0.4571329802274704,ddim_lora,"A high quality recording of a piano, flutes and drums playing."
671,27.918948894275392,0.8352044175578928,0.028412889689207077,0.9902414977550507,ddim_lora,"A high quality recording of a piano, flutes and drums playing."
672,29.040550035656953,0.8881222556158751,0.02079515904188156,2.1185922026634216,ddim_lora,A recording of a cool mysterious orchestral movie soundtrack song.
673,33.66901534723828,0.9194384528945966,0.014886557124555111,0.9034726321697235,ddim_lora,A recording of a cool mysterious orchestral movie soundtrack song.
674,36.57726382987764,0.9539188790163327,0.008835924789309502,0.3818468749523163,ddim_lora,A recording of a cool mysterious orchestral movie soundtrack song.
675,26.400725844578528,0.8734638198571093,0.023472292348742485,0.6923080235719681,ddim_lora,A recording of a cool mysterious orchestral movie soundtrack song.
676,32.357676056042514,0.9078162876799705,0.01766848750412464,1.2869301438331604,ddim_lora,"A guitar, piano, bass and drums playing a cool happy song."
677,29.075357371709632,0.8681012919407533,0.023328019306063652,1.0106821954250336,ddim_lora,"A guitar, piano, bass and drums playing a cool happy song."
678,33.9560939780757,0.9364814090671437,0.014297100715339184,0.48457181453704834,ddim_lora,"A guitar, piano, bass and drums playing a cool happy song."
679,32.96232867172836,0.9325047883667146,0.011963064782321453,0.32639714842662215,ddim_lora,"A guitar, piano, bass and drums playing a cool happy song."
680,32.99636581612618,0.9411678746223884,0.013785524293780327,0.3275991901755333,ddim_lora,A recording of an epic classical score.
681,34.54777209151087,0.9338397594636078,0.012521712109446526,0.6736683994531631,ddim_lora,A recording of an epic classical score.
682,32.0825222327435,0.9240533318613346,0.013362869620323181,1.318789780139923,ddim_lora,A recording of an epic classical score.
683,35.95326297213502,0.9504908077789332,0.009134146384894848,0.4026009142398834,ddim_lora,A recording of an epic classical score.
684,25.78684743971834,0.720226893958751,0.03695899248123169,1.6018353700637817,ddim_lora,"A high quality recording of violins playing a melody and a piano, bass and drums accompany them."
685,30.17203490604171,0.9294208982094878,0.02044854685664177,1.2838172912597656,ddim_lora,"A high quality recording of violins playing a melody and a piano, bass and drums accompany them."
686,33.53830314168585,0.96603067683463,0.012251934967935085,0.31155066937208176,ddim_lora,"A high quality recording of violins playing a melody and a piano, bass and drums accompany them."
687,35.43169606264492,0.9468732294332338,0.011169551871716976,0.6993795037269592,ddim_lora,"A high quality recording of violins playing a melody and a piano, bass and drums accompany them."
688,34.02051066026854,0.9512894132442603,0.013475569896399975,0.3789941892027855,ddim_lora,A recording of a pop song.
689,30.084122619020803,0.8770195644870111,0.021644296124577522,0.594444215297699,ddim_lora,A recording of a pop song.
690,32.41241901482543,0.9507416190617296,0.016101127490401268,0.38588161766529083,ddim_lora,A recording of a pop song.
691,31.96814018592665,0.935027917675523,0.01542075164616108,0.4646243155002594,ddim_lora,A recording of a pop song.
692,34.84173558065105,0.9116764318117275,0.01257413625717163,0.7120471596717834,ddim_lora,A recording of a grunge rock song.
693,33.04694964177675,0.9404783166610602,0.016247723251581192,0.6123268902301788,ddim_lora,A recording of a grunge rock song.
694,26.20925367636726,0.8377540223213382,0.03224259242415428,1.863003432750702,ddim_lora,A recording of a grunge rock song.
695,33.5816195340541,0.9138219051818641,0.014339261688292027,0.5692958161234856,ddim_lora,A recording of a grunge rock song.
696,36.449120099885874,0.9428453395897803,0.008475440554320812,0.3160884380340576,ddim_lora,A high quality recording of flutes and drums playing.
697,25.64046982829194,0.8488353885432336,0.02294314280152321,0.8980470895767212,ddim_lora,A high quality recording of flutes and drums playing.
698,32.7053201811255,0.9320595250964103,0.010458611883223057,1.0938620567321777,ddim_lora,A high quality recording of flutes and drums playing.
699,27.691311048812544,0.8244138463864861,0.02761092782020569,0.8824606984853745,ddim_lora,A high quality recording of flutes and drums playing.
700,33.18277501163206,0.9002577269545367,0.015403893776237965,0.8512629866600037,ddim_lora,A recording of an epic soundtrack.
701,32.97601422727236,0.9289009396676855,0.015022281557321548,0.6295270323753357,ddim_lora,A recording of an epic soundtrack.
702,34.27195699994664,0.9510992953766494,0.011704984121024609,1.550880253314972,ddim_lora,A recording of an epic soundtrack.
703,30.099970347999125,0.8883841054917178,0.022686323150992393,1.714116394519806,ddim_lora,A recording of an epic soundtrack.
704,34.32931796337439,0.9554871324948764,0.012866749428212643,0.35410432517528534,ddim_lora,"A trumpet, piano, bass and drums playing a cool happy song."
705,34.592817877576735,0.9426523769408944,0.013669504784047604,0.8751222491264343,ddim_lora,"A trumpet, piano, bass and drums playing a cool happy song."
706,30.778781629862316,0.9191334585662918,0.021023528650403023,1.1522664427757263,ddim_lora,"A trumpet, piano, bass and drums playing a cool happy song."
707,32.193562465133944,0.9328289077547027,0.016776585951447487,0.6037193238735199,ddim_lora,"A trumpet, piano, bass and drums playing a cool happy song."
708,33.45557559107472,0.9332138355198445,0.014999959617853165,0.5378222763538361,ddim_lora,A recording of a cool rock song.
709,29.715375362657994,0.8870273481422589,0.023019464686512947,1.4031758904457092,ddim_lora,A recording of a cool rock song.
710,35.25531126066036,0.9466690515092001,0.012352487072348595,0.6017905920743942,ddim_lora,A recording of a cool rock song.
711,34.679120821575765,0.9407099077283427,0.012900590896606445,0.5956032425165176,ddim_lora,A recording of a cool rock song.
712,36.031930524444014,0.947450975915977,0.011256632395088673,0.5769834518432617,ddim_lora,A high quality recording of a rock band playing.
713,33.44411932273723,0.9149878797679236,0.0149211585521698,0.7446431517601013,ddim_lora,A high quality recording of a rock band playing.
714,35.45998620376559,0.941496856350486,0.010615278966724873,0.4611141290515661,ddim_lora,A high quality recording of a rock band playing.
715,32.9933861788718,0.9391094997899616,0.01643075793981552,0.934243768453598,ddim_lora,A high quality recording of a rock band playing.
716,32.7251930265873,0.9451692926544929,0.01569811999797821,0.511479340493679,ddim_lora,A high quality recording of a jazz band playing a happy song.
717,33.3284484495406,0.943346210092363,0.015169043093919754,0.5697712898254395,ddim_lora,A high quality recording of a jazz band playing a happy song.
718,34.72728344809883,0.9480000571930899,0.01278645358979702,0.512469619512558,ddim_lora,A high quality recording of a jazz band playing a happy song.
719,27.36238029750458,0.8741445150696542,0.025442522019147873,0.7702484205365181,ddim_lora,A high quality recording of a jazz band playing a happy song.
720,23.93108277225518,0.6733061862862806,0.0396663062274456,1.8325061202049255,ddim_lora,"a saxophone, violin, piano, bass and drums playing."
721,33.69027876733532,0.9495446962777094,0.014498140662908554,0.28440389409661293,ddim_lora,"a saxophone, violin, piano, bass and drums playing."
722,37.19308162357708,0.955883556157428,0.006831276696175337,0.2837628945708275,ddim_lora,"a saxophone, violin, piano, bass and drums playing."
723,35.39202409990744,0.9592074763222824,0.011996081098914146,0.5027228146791458,ddim_lora,"a saxophone, violin, piano, bass and drums playing."
724,34.79548875553882,0.9379555434747702,0.012473024427890778,0.4059036821126938,ddim_lora,"A metal song with a singer, bass and drums playing."
725,34.762529433403955,0.952008155727279,0.013101112097501755,0.4318583607673645,ddim_lora,"A metal song with a singer, bass and drums playing."
726,37.710220147657886,0.9629641422498704,0.008880469016730785,0.3620530962944031,ddim_lora,"A metal song with a singer, bass and drums playing."
727,32.82253493543737,0.9286607795211146,0.01610873080790043,0.5807221159338951,ddim_lora,"A metal song with a singer, bass and drums playing."
728,35.26978184382957,0.9674590894444071,0.011955667287111282,0.4542049616575241,ddim_lora,"A high quality recording of a trumpet, a piano, a bass guitar and drums playing."
729,32.65618240866654,0.894067327929956,0.015585903078317642,0.7017165347933769,ddim_lora,"A high quality recording of a trumpet, a piano, a bass guitar and drums playing."
730,31.512460294450886,0.9187407412312717,0.01904349774122238,0.817889392375946,ddim_lora,"A high quality recording of a trumpet, a piano, a bass guitar and drums playing."
731,34.47521603192587,0.9288226541168529,0.01217497419565916,0.62403804063797,ddim_lora,"A high quality recording of a trumpet, a piano, a bass guitar and drums playing."
732,32.61349450889425,0.9542328632579191,0.016294298693537712,0.6176415085792542,ddim_lora,A high quality recording of a piano playing a melody while another piano and drums are playing in the background.
733,16.830582314218884,0.4582038089824353,0.11926630884408951,3.066419780254364,ddim_lora,A high quality recording of a piano playing a melody while another piano and drums are playing in the background.
734,22.076937244679655,0.6813081293224745,0.05848497524857521,2.9836549758911133,ddim_lora,A high quality recording of a piano playing a melody while another piano and drums are playing in the background.
735,30.71020907149798,0.9291752872770074,0.021500229835510254,0.63437919318676,ddim_lora,A high quality recording of a piano playing a melody while another piano and drums are playing in the background.
736,33.74185708049072,0.9375268801294464,0.014100354164838791,0.36413800716400146,ddim_lora,"A woman humming a quiet jazz melody, with an accompaniment of bass and drums."
737,29.661164546338334,0.9173917746990096,0.022719012573361397,1.100614845752716,ddim_lora,"A woman humming a quiet jazz melody, with an accompaniment of bass and drums."
738,19.636391271225904,0.5858620448319957,0.07042399048805237,1.866991713643074,ddim_lora,"A woman humming a quiet jazz melody, with an accompaniment of bass and drums."
739,29.393212094245452,0.7759281804999969,0.024920111522078514,1.545225739479065,ddim_lora,"A woman humming a quiet jazz melody, with an accompaniment of bass and drums."
740,19.20907052754259,0.5854988886442756,0.0849950984120369,3.311294913291931,ddim_lora,A high quality recording of a man singing and violins playing a happy and emotional  piece.
741,33.48419515377982,0.9470630468771293,0.015237336046993732,0.690165251493454,ddim_lora,A high quality recording of a man singing and violins playing a happy and emotional  piece.
742,32.193915768628145,0.9465884296614383,0.01729692704975605,0.5544006153941154,ddim_lora,A high quality recording of a man singing and violins playing a happy and emotional  piece.
743,34.955005328840045,0.9553088062481087,0.011714481748640537,0.403300903737545,ddim_lora,A high quality recording of a man singing and violins playing a happy and emotional  piece.
744,35.72802857638141,0.9399832037802742,0.010735157877206802,0.6252840906381607,ddim_lora,A high quality recording of a rock band playing a somber rock song.
745,34.347442473245444,0.9241575234912541,0.013215460814535618,0.6184190437197685,ddim_lora,A high quality recording of a rock band playing a somber rock song.
746,36.10280947201354,0.9541362331301269,0.01028647180646658,0.3364228680729866,ddim_lora,A high quality recording of a rock band playing a somber rock song.
747,36.25761527162085,0.9400800867377679,0.008676483295857906,0.3170018941164017,ddim_lora,A high quality recording of a rock band playing a somber rock song.
748,35.58890484879353,0.9548209511651218,0.01062168087810278,0.24459582567214966,ddim_lora,A recording of an old upbeat cool rock song.
749,34.348444529357046,0.9273406220668111,0.01303786225616932,0.6375653743743896,ddim_lora,A recording of an old upbeat cool rock song.
750,33.5020261443555,0.9418251650608344,0.015076094307005405,0.4703904241323471,ddim_lora,A recording of an old upbeat cool rock song.
751,32.73170900701403,0.9413071899245401,0.016309652477502823,0.5088456571102142,ddim_lora,A recording of an old upbeat cool rock song.
752,35.970722722646286,0.9404657928638123,0.010956494137644768,0.5651909410953522,ddim_lora,A recording of a heavy metal song.
753,31.964986478348457,0.9391602564953607,0.01826108992099762,0.7185310423374176,ddim_lora,A recording of a heavy metal song.
754,36.20419529754422,0.9456306602384329,0.010747232474386692,0.49451613426208496,ddim_lora,A recording of a heavy metal song.
755,28.210690485886822,0.8458041681194891,0.02357816882431507,0.7650055959820747,ddim_lora,A recording of a heavy metal song.
756,27.153934732681527,0.7585433921191468,0.03183417022228241,2.117071509361267,ddim_lora,A recording of a Chinese song.
757,36.689426169544014,0.9376564421310306,0.006627231370657682,0.4578283131122589,ddim_lora,A recording of a Chinese song.
758,33.63374185176334,0.9447988773209242,0.014906693249940872,0.4689118415117264,ddim_lora,A recording of a Chinese song.
759,35.809839214260926,0.9562800282039545,0.01103182416409254,0.6691615283489227,ddim_lora,A recording of a Chinese song.
760,32.2417669348291,0.9148937543345126,0.016018636524677277,0.804365262389183,ddim_lora,"A high quality recording of a trumpet, a guitar, a piano, a bass guitar and drums playing."
761,33.64527081830335,0.9707707895124642,0.010836003348231316,0.4135992154479027,ddim_lora,"A high quality recording of a trumpet, a guitar, a piano, a bass guitar and drums playing."
762,29.34808585765323,0.9199910808642326,0.019519690424203873,1.472141683101654,ddim_lora,"A high quality recording of a trumpet, a guitar, a piano, a bass guitar and drums playing."
763,32.9402590034083,0.9190252914423134,0.01595776155591011,0.5766948461532593,ddim_lora,"A high quality recording of a trumpet, a guitar, a piano, a bass guitar and drums playing."
764,32.36215564173521,0.921087385971358,0.017044290900230408,0.8662054240703583,ddim_lora,A recording of calm happy rock song.
765,34.669131061965786,0.961807623952227,0.006852252874523401,0.4859775900840759,ddim_lora,A recording of calm happy rock song.
766,34.73875762120646,0.9473434350335026,0.01299950759857893,0.659410297870636,ddim_lora,A recording of calm happy rock song.
767,34.0803314861816,0.9346516402799451,0.011976866982877254,0.49955224990844727,ddim_lora,A recording of calm happy rock song.
768,33.173890512750035,0.9273542670599872,0.015143724158406258,0.5648198425769806,ddim_lora,A recording of a rave techno song.
769,25.941220681500692,0.8123088190204555,0.03868285194039345,1.6208826899528503,ddim_lora,A recording of a rave techno song.
770,29.474735143000977,0.9106188786185982,0.023269131779670715,0.8179455399513245,ddim_lora,A recording of a rave techno song.
771,32.79712368233534,0.9197118280723361,0.015220427885651588,0.5580816119909286,ddim_lora,A recording of a rave techno song.
772,27.115944898005733,0.8693702430917158,0.02996446006000042,1.297286331653595,ddim_lora,A high quality recording of a woman vocalizing an epic opera solo with accompaniment.
773,28.617055030479346,0.908087065133615,0.025037305429577827,1.060522198677063,ddim_lora,A high quality recording of a woman vocalizing an epic opera solo with accompaniment.
774,31.360232426060804,0.91675327581821,0.01773233339190483,0.7124921083450317,ddim_lora,A high quality recording of a woman vocalizing an epic opera solo with accompaniment.
775,28.278993861852765,0.8649325273224586,0.02622457779943943,1.37864089012146,ddim_lora,A high quality recording of a woman vocalizing an epic opera solo with accompaniment.
776,30.07026503687184,0.9091521275873415,0.0194137841463089,0.6897754073143005,ddim_lora,A high quality recording of Arabic instruments playing.
777,27.793001747670672,0.8837571145004715,0.027106324210762978,0.7553061544895172,ddim_lora,A high quality recording of Arabic instruments playing.
778,31.514558674362828,0.9396320487495807,0.017934726551175117,0.7811649739742279,ddim_lora,A high quality recording of Arabic instruments playing.
779,18.273459886577605,0.4307302432888843,0.08850017189979553,2.229396481066942,ddim_lora,A high quality recording of Arabic instruments playing.
780,33.13403076539615,0.925224025846767,0.01543392799794674,1.2683358490467072,ddim_lora,A calm song with violins and drums playing.
781,35.27759391330854,0.9473453848991815,0.010150372982025146,0.5299601256847382,ddim_lora,A calm song with violins and drums playing.
782,32.03528321156178,0.9513108670592741,0.0172888096421957,0.5490984916687012,ddim_lora,A calm song with violins and drums playing.
783,32.85660782073579,0.9660415796330319,0.015041270293295383,0.4438915550708771,ddim_lora,A calm song with violins and drums playing.
784,36.6406567629521,0.9692817994460058,0.010092852637171745,0.686229795217514,ddim_lora,Flutes and guitars playing a happy calm song.
785,32.608363413569975,0.9326122486096613,0.01609772816300392,0.7353478372097015,ddim_lora,Flutes and guitars playing a happy calm song.
786,32.81626168036121,0.8882012070750632,0.015548022463917732,0.47176746279001236,ddim_lora,Flutes and guitars playing a happy calm song.
787,33.897661374738384,0.9078472286187793,0.012915058061480522,0.4852130077779293,ddim_lora,Flutes and guitars playing a happy calm song.
788,23.15787025044971,0.6919161301781095,0.046645812690258026,2.8417872190475464,ddim_lora,"A violin and a saxophone playing a cool jazz melody, with an accompaniment of a piano, bass and drums."
789,33.6184234396099,0.9514418486222364,0.013482606038451195,1.392697662115097,ddim_lora,"A violin and a saxophone playing a cool jazz melody, with an accompaniment of a piano, bass and drums."
790,33.845517571955654,0.950712759323125,0.01376984640955925,0.5018742084503174,ddim_lora,"A violin and a saxophone playing a cool jazz melody, with an accompaniment of a piano, bass and drums."
791,30.613991719331693,0.9183535191334565,0.020306235179305077,0.5877548456192017,ddim_lora,"A violin and a saxophone playing a cool jazz melody, with an accompaniment of a piano, bass and drums."
792,31.284639375151777,0.8912064805622996,0.018348509445786476,0.673455998301506,ddim_lora,A recording of upbeat pop music.
793,31.72921942597331,0.9044548236605363,0.016532663255929947,0.5366096049547195,ddim_lora,A recording of upbeat pop music.
794,32.513234544730224,0.9388051683587004,0.016272714361548424,0.4522865116596222,ddim_lora,A recording of upbeat pop music.
795,35.103894350358026,0.9293411593460124,0.010419778525829315,0.29302194714546204,ddim_lora,A recording of upbeat pop music.
796,33.343558861524954,0.9172079202053665,0.013748178258538246,0.5067615509033203,ddim_lora,"A saxophone playing while a guitar, bass and drums playing in the background."
797,32.33070951686608,0.9406637076147093,0.017231374979019165,0.9208793044090271,ddim_lora,"A saxophone playing while a guitar, bass and drums playing in the background."
798,25.58170344637134,0.6691925511049084,0.03366784378886223,1.5641164779663086,ddim_lora,"A saxophone playing while a guitar, bass and drums playing in the background."
799,21.818246374944327,0.6565467790218134,0.05378635600209236,2.482125759124756,ddim_lora,"A saxophone playing while a guitar, bass and drums playing in the background."
800,34.97787859201349,0.9468726915046715,0.012056542560458183,0.47561819665133953,ddim_lora,A recording of a happy country song.
801,32.62698648734557,0.9281232055592291,0.013514355756342411,0.5032090693712234,ddim_lora,A recording of a happy country song.
802,32.83533956968287,0.9377059261233074,0.01638120785355568,0.7134078443050385,ddim_lora,A recording of a happy country song.
803,19.67269676166316,0.6358127706125416,0.060052141547203064,2.511350393295288,ddim_lora,A recording of a happy country song.
804,30.85139666112381,0.9206165344070426,0.02034848742187023,0.6156712770462036,ddim_lora,"A woman is singing a country song with a trumpet, bass and drums playing in the background."
805,30.899465018445753,0.917393986603206,0.021043263375759125,0.5307283848524094,ddim_lora,"A woman is singing a country song with a trumpet, bass and drums playing in the background."
806,26.827950679253888,0.879815983140058,0.02300875261425972,0.6932689175009727,ddim_lora,"A woman is singing a country song with a trumpet, bass and drums playing in the background."
807,34.50406670659399,0.9603212174138542,0.01312760729342699,0.5895448923110962,ddim_lora,"A woman is singing a country song with a trumpet, bass and drums playing in the background."
808,32.33898477958351,0.9173779812220725,0.017200006172060966,0.9808538258075714,ddim_lora,A recording of an old upbeat cool Arabic song.
809,35.006327857832325,0.9578550010077814,0.013209253549575806,0.5819916427135468,ddim_lora,A recording of an old upbeat cool Arabic song.
810,24.287038297292142,0.7157343467509031,0.039439693093299866,1.2917186673730612,ddim_lora,A recording of an old upbeat cool Arabic song.
811,25.968915900501933,0.8511713966834836,0.03374641761183739,0.7893317937850952,ddim_lora,A recording of an old upbeat cool Arabic song.
812,33.636480064529685,0.9246161430384728,0.015267354436218739,0.5782060027122498,ddim_lora,"A guitar playing a romantic country melody while a piano, bass and drums play in the background."
813,33.00036626075739,0.934829845770566,0.015266495756804943,0.47380833327770233,ddim_lora,"A guitar playing a romantic country melody while a piano, bass and drums play in the background."
814,28.564920328394443,0.8389782393509987,0.026703961193561554,0.6778716258704662,ddim_lora,"A guitar playing a romantic country melody while a piano, bass and drums play in the background."
815,33.795327813111015,0.9426808355676614,0.014273530803620815,0.6094373315572739,ddim_lora,"A guitar playing a romantic country melody while a piano, bass and drums play in the background."
816,35.47109094420465,0.9425232225698855,0.012139563448727131,0.6867391467094421,ddim_lora,A high quality recording of a retro arcade soundtrack playing.
817,32.76643048491071,0.9270729317125033,0.015447799116373062,0.38447229377925396,ddim_lora,A high quality recording of a retro arcade soundtrack playing.
818,35.02716054128838,0.9538494310497184,0.011302098631858826,0.44261740148067474,ddim_lora,A high quality recording of a retro arcade soundtrack playing.
819,33.844159498209386,0.9153692332977047,0.014295710250735283,0.7035397738218307,ddim_lora,A high quality recording of a retro arcade soundtrack playing.
820,34.40248215605724,0.9447482606341533,0.013334882445633411,0.40173618122935295,ddim_lora,Strings playing a scary death metal melody with trumpets and drums accompaniment in the background.
821,33.78552873199385,0.9654981705685295,0.01306710671633482,1.1875593066215515,ddim_lora,Strings playing a scary death metal melody with trumpets and drums accompaniment in the background.
822,34.56163342370783,0.9423651637196065,0.012416776269674301,0.27850569132715464,ddim_lora,Strings playing a scary death metal melody with trumpets and drums accompaniment in the background.
823,35.87333173515122,0.9449286316615872,0.010210313834249973,0.579129159450531,ddim_lora,Strings playing a scary death metal melody with trumpets and drums accompaniment in the background.
824,34.672910646864324,0.945587114781384,0.013049454428255558,0.5445642918348312,ddim_lora,"A punk song of a man singing while a guitar, bass and drums accompany him."
825,32.45291832238659,0.9383258263762376,0.017508232966065407,0.5000913143157959,ddim_lora,"A punk song of a man singing while a guitar, bass and drums accompany him."
826,34.5938754799139,0.9464267147168856,0.012739254161715508,0.3426389545202255,ddim_lora,"A punk song of a man singing while a guitar, bass and drums accompany him."
827,32.34246107695628,0.9426275554608687,0.01732679456472397,0.8370037376880646,ddim_lora,"A punk song of a man singing while a guitar, bass and drums accompany him."
828,33.93895132724357,0.9338990803747941,0.014366624876856804,0.48269789665937424,ddim_lora,A recording of a calm reggae song.
829,32.19997217609232,0.9199631457860136,0.017940500751137733,0.7666906416416168,ddim_lora,A recording of a calm reggae song.
830,34.68042720709442,0.9449602402360657,0.013287661597132683,0.5831215977668762,ddim_lora,A recording of a calm reggae song.
831,23.682065045531807,0.8338529497646412,0.024124257266521454,2.835570812225342,ddim_lora,A recording of a calm reggae song.
832,32.276052383090345,0.9310608672263758,0.016275843605399132,1.049516886472702,ddim_lora,A recording of an upbeat cool jazz song.
833,33.70862552135223,0.9340540791991946,0.01489305030554533,0.6311217546463013,ddim_lora,A recording of an upbeat cool jazz song.
834,32.50168626557027,0.9110638353860662,0.01608547382056713,0.5159491449594498,ddim_lora,A recording of an upbeat cool jazz song.
835,21.641476260622866,0.6406036339544796,0.05610999837517738,2.0286049246788025,ddim_lora,A recording of an upbeat cool jazz song.
836,34.95009519432728,0.9624308259074846,0.011306185275316238,0.29318298026919365,ddim_lora,A recording of a happy upbeat classical music piece.
837,30.78933988582149,0.9161664401815749,0.016399627551436424,0.4168028235435486,ddim_lora,A recording of a happy upbeat classical music piece.
838,32.08777695770532,0.9459967873343725,0.017544323578476906,0.4450993984937668,ddim_lora,A recording of a happy upbeat classical music piece.
839,24.77953700883621,0.7999960693669687,0.04170434921979904,2.0553587675094604,ddim_lora,A recording of a happy upbeat classical music piece.
840,34.58386599063029,0.9288524709527031,0.011087239719927311,0.4813913330435753,ddim_lora,A high quality recording of strings playing.
841,31.47882658937112,0.8838550508176098,0.01835394650697708,0.5810943841934204,ddim_lora,A high quality recording of strings playing.
842,32.079464399311206,0.9118589476762452,0.017926933243870735,0.7991710007190704,ddim_lora,A high quality recording of strings playing.
843,30.358964394608883,0.8962540453292527,0.01988958939909935,0.639904335141182,ddim_lora,A high quality recording of strings playing.
844,31.737247482328847,0.9248015308587726,0.018603835254907608,0.9355795681476593,ddim_lora,"A high quality recording of a woman singing, and a piano, bass and drums playing."
845,34.77005432523185,0.9532556623081012,0.012628339231014252,0.3265742175281048,ddim_lora,"A high quality recording of a woman singing, and a piano, bass and drums playing."
846,32.02932749150932,0.9387928645203822,0.01819469779729843,0.4459445998072624,ddim_lora,"A high quality recording of a woman singing, and a piano, bass and drums playing."
847,32.06955842078055,0.9216698724069663,0.017476122826337814,0.5898723527789116,ddim_lora,"A high quality recording of a woman singing, and a piano, bass and drums playing."
848,35.432605001792304,0.9601843725207607,0.012046762742102146,0.5486425161361694,ddim_lora,"A woman is singing while another woman, guitars, drums and bass are playing in the background."
849,34.09623251721592,0.9386734020298667,0.01358406338840723,0.696234792470932,ddim_lora,"A woman is singing while another woman, guitars, drums and bass are playing in the background."
850,34.86317005787116,0.9453220998418742,0.013108417391777039,0.8732183575630188,ddim_lora,"A woman is singing while another woman, guitars, drums and bass are playing in the background."
851,34.5323992189108,0.9501225871589274,0.013063224032521248,0.4315546751022339,ddim_lora,"A woman is singing while another woman, guitars, drums and bass are playing in the background."
852,30.1725511765334,0.9004224325501747,0.021721577271819115,0.7748658359050751,ddim_lora,A reggae song of a woman singing while bass and drums accompany her.
853,26.144316721762625,0.7326219873169842,0.028729531913995743,1.6739749610424042,ddim_lora,A reggae song of a woman singing while bass and drums accompany her.
854,31.24730434967971,0.9064051746088496,0.020112214609980583,0.6455892771482468,ddim_lora,A reggae song of a woman singing while bass and drums accompany her.
855,34.159041504112764,0.9503799535898294,0.014277143403887749,0.41103992611169815,ddim_lora,A reggae song of a woman singing while bass and drums accompany her.
856,30.43682645615361,0.9247141280098704,0.020210938528180122,0.8706903457641602,ddim_lora,A high quality recording of flutes and a saxophone playing.
857,23.822316336362938,0.7693752362842063,0.043393995612859726,1.2470204196870327,ddim_lora,A high quality recording of flutes and a saxophone playing.
858,28.75276247869347,0.8525602808504852,0.025426775217056274,1.768984317779541,ddim_lora,A high quality recording of flutes and a saxophone playing.
859,31.419333547356658,0.919260786263441,0.017691731452941895,0.6412726193666458,ddim_lora,A high quality recording of flutes and a saxophone playing.
860,35.00115889689635,0.9458410874698546,0.011950213462114334,0.6888036131858826,ddim_lora,A high quality recording of a woman singing while an orchestra play in the background.
861,33.23505151666346,0.9375672865964328,0.014815447852015495,0.4613313227891922,ddim_lora,A high quality recording of a woman singing while an orchestra play in the background.
862,34.32486752719016,0.9193711909961089,0.012981444597244263,1.0023369193077087,ddim_lora,A high quality recording of a woman singing while an orchestra play in the background.
863,30.739819243664634,0.937889549821703,0.019463490694761276,0.853772759437561,ddim_lora,A high quality recording of a woman singing while an orchestra play in the background.
864,33.748102023823584,0.9307384907112256,0.014290920458734035,0.43393354769796133,ddim_lora,"A woman vocalizing a slow cool jazz melody while an electric keyboard, bass and drums play in the background, later a saxophone preforms a solo as well."
865,29.944658483312423,0.8951210582138494,0.02365499921143055,1.5426006317138672,ddim_lora,"A woman vocalizing a slow cool jazz melody while an electric keyboard, bass and drums play in the background, later a saxophone preforms a solo as well."
866,31.904755412465413,0.9222161676439684,0.017193740233778954,0.4677919000387192,ddim_lora,"A woman vocalizing a slow cool jazz melody while an electric keyboard, bass and drums play in the background, later a saxophone preforms a solo as well."
867,33.61431657265468,0.9457979432364474,0.015301494859158993,0.5702137351036072,ddim_lora,"A woman vocalizing a slow cool jazz melody while an electric keyboard, bass and drums play in the background, later a saxophone preforms a solo as well."
868,30.071402559091585,0.8640496634082454,0.021119190379977226,0.7694145515561104,ddim_lora,"A high quality recording of a woman singing while a guitar, bass and drums accompany her."
869,32.14081478346477,0.9167557827363075,0.016585620120167732,0.7411722540855408,ddim_lora,"A high quality recording of a woman singing while a guitar, bass and drums accompany her."
870,32.95874225109622,0.9278013216743765,0.01641305722296238,0.8871969878673553,ddim_lora,"A high quality recording of a woman singing while a guitar, bass and drums accompany her."
871,32.34815595363003,0.9430965063456666,0.016843317076563835,0.6586852073669434,ddim_lora,"A high quality recording of a woman singing while a guitar, bass and drums accompany her."
872,34.262943618964094,0.9486342423076006,0.013837561942636967,0.704813152551651,ddim_lora,Guitars playing alongside a trumpet a happy upbeat melody.
873,34.41533520559014,0.9430415694688494,0.013958659023046494,0.6817910671234131,ddim_lora,Guitars playing alongside a trumpet a happy upbeat melody.
874,33.254357812470246,0.9592822277970422,0.015956640243530273,0.49776533246040344,ddim_lora,Guitars playing alongside a trumpet a happy upbeat melody.
875,33.873833589093806,0.939946446299367,0.012600474059581757,0.36258668079972267,ddim_lora,Guitars playing alongside a trumpet a happy upbeat melody.
876,34.93562198708696,0.9479292280968131,0.011441218666732311,0.5224868655204773,ddim_lora,"A violin playing a slow cool jazz melody while an electric keyboard, bass and drums play in the background, later a saxophone preforms a solo as well."
877,21.661166153439456,0.5666468545997635,0.05015294998884201,3.049098014831543,ddim_lora,"A violin playing a slow cool jazz melody while an electric keyboard, bass and drums play in the background, later a saxophone preforms a solo as well."
878,34.02220890056937,0.9584105243784699,0.01387015450745821,0.5421108901500702,ddim_lora,"A violin playing a slow cool jazz melody while an electric keyboard, bass and drums play in the background, later a saxophone preforms a solo as well."
879,35.03829038729121,0.9550547927679996,0.010251927189528942,0.44072794914245605,ddim_lora,"A violin playing a slow cool jazz melody while an electric keyboard, bass and drums play in the background, later a saxophone preforms a solo as well."
880,26.072170075638162,0.8634721184544049,0.027135029435157776,1.3016216158866882,ddim_lora,A recording of a calm rock song.
881,32.341375540168336,0.9500633882373194,0.016645971685647964,0.5064506372436881,ddim_lora,A recording of a calm rock song.
882,32.348020749659334,0.9102800439399145,0.01658795401453972,0.6730153560638428,ddim_lora,A recording of a calm rock song.
883,35.284764484794486,0.9432199946450228,0.01087179034948349,0.37051062658429146,ddim_lora,A recording of a calm rock song.
884,34.33744694709549,0.9439261595081919,0.01280448492616415,0.506504088640213,ddim_lora,A recording of a happy calm country song.
885,32.27321026363754,0.926355302081692,0.017352310940623283,0.6520568430423737,ddim_lora,A recording of a happy calm country song.
886,31.281884122347726,0.9215878391708437,0.019872494041919708,1.0123129487037659,ddim_lora,A recording of a happy calm country song.
887,33.217223256286005,0.9307986590575561,0.013438276946544647,0.3852336183190346,ddim_lora,A recording of a happy calm country song.
888,33.769832165948216,0.9495509526759949,0.01444485504180193,0.6317641735076904,ddim_lora,A high quality recording of a woman singing while bass and drums accompany her.
889,31.498380764791953,0.9195192861169824,0.018445458263158798,0.9137454926967621,ddim_lora,A high quality recording of a woman singing while bass and drums accompany her.
890,34.1767849957633,0.9444459108476663,0.011265942826867104,0.306777186691761,ddim_lora,A high quality recording of a woman singing while bass and drums accompany her.
891,32.175302350053734,0.9193276411756096,0.01705656386911869,0.6208623610436916,ddim_lora,A high quality recording of a woman singing while bass and drums accompany her.
892,34.24624469835222,0.9265431237993321,0.013723615556955338,0.6112300008535385,ddim_lora,An electric guitar playing epic riffs while bass and drums are playing in the background.
893,30.246863180980952,0.8949047407768345,0.021290317177772522,1.2347070574760437,ddim_lora,An electric guitar playing epic riffs while bass and drums are playing in the background.
894,32.23768486709963,0.9188319000009957,0.017026500776410103,0.47128504142165184,ddim_lora,An electric guitar playing epic riffs while bass and drums are playing in the background.
895,33.96420186861497,0.9414153630997429,0.013526140712201595,0.6010337322950363,ddim_lora,An electric guitar playing epic riffs while bass and drums are playing in the background.
896,34.29877240079304,0.9434560499257798,0.013350294902920723,0.4526064395904541,ddim_lora,"strings, flutes, and harps playing an upbeat piece."
897,33.29886015893324,0.9202536450651526,0.01333958562463522,0.4062435068190098,ddim_lora,"strings, flutes, and harps playing an upbeat piece."
898,35.501064469232915,0.967970029114799,0.01074723619967699,0.44689130783081055,ddim_lora,"strings, flutes, and harps playing an upbeat piece."
899,33.31963434247614,0.9048407195728215,0.015501930378377438,1.2223286628723145,ddim_lora,"strings, flutes, and harps playing an upbeat piece."
900,31.523552019068973,0.9020732391942431,0.018300574272871017,0.764613464474678,ddim_lora,A recording of  calm jazz song.
901,34.50267817819985,0.9338667437436778,0.011076853610575199,0.37368229776620865,ddim_lora,A recording of  calm jazz song.
902,31.956087574622924,0.8989888356355948,0.01807263307273388,0.7886922955513,ddim_lora,A recording of  calm jazz song.
903,32.579544984122876,0.948118288859405,0.01349092461168766,0.4445132613182068,ddim_lora,A recording of  calm jazz song.
904,32.90995204869609,0.9117172948924309,0.015767373144626617,0.47732990980148315,ddim_lora,An upbeat song with electric guitars and drums playing.
905,33.43283698831223,0.9513026851009732,0.014489338733255863,0.4277631491422653,ddim_lora,An upbeat song with electric guitars and drums playing.
906,33.05187674819528,0.9548395271974468,0.01566295325756073,0.49000364542007446,ddim_lora,An upbeat song with electric guitars and drums playing.
907,31.237670322369592,0.8977911565337751,0.01992805302143097,0.8233591318130493,ddim_lora,An upbeat song with electric guitars and drums playing.
908,34.414456464587474,0.935549919323499,0.013303940184414387,0.507309302687645,ddim_lora,"A cool 80s rock song of a man singing while a guitar, bass and drums accompany him."
909,33.68323432805278,0.9337558754078955,0.014609075151383877,0.6726379841566086,ddim_lora,"A cool 80s rock song of a man singing while a guitar, bass and drums accompany him."
910,33.28682668800967,0.9424746979018304,0.015616468153893948,0.6050755381584167,ddim_lora,"A cool 80s rock song of a man singing while a guitar, bass and drums accompany him."
911,34.66887685412183,0.933898857562283,0.013325448147952557,0.9912425875663757,ddim_lora,"A cool 80s rock song of a man singing while a guitar, bass and drums accompany him."
912,30.5615117847178,0.8769288310513553,0.019524265080690384,1.4382385611534119,ddim_lora,"A country song of a woman singing while a guitar, bass and drums accompany her."
913,35.09374317008788,0.9423997588544759,0.008713892661035061,0.5286314487457275,ddim_lora,"A country song of a woman singing while a guitar, bass and drums accompany her."
914,32.88415149027861,0.9382957956829036,0.013847117312252522,0.4236361160874367,ddim_lora,"A country song of a woman singing while a guitar, bass and drums accompany her."
915,32.922487085262595,0.9436980065564476,0.01688280701637268,0.700457900762558,ddim_lora,"A country song of a woman singing while a guitar, bass and drums accompany her."
916,32.752766592715275,0.9457709807295787,0.016398748382925987,0.7275722324848175,ddim_lora,A recording of an old timey rock song from the seventies.
917,17.88268421565492,0.45481503399878953,0.08109146356582642,3.2184404730796814,ddim_lora,A recording of an old timey rock song from the seventies.
918,33.36219411966153,0.9335043433527561,0.014342105016112328,0.795173168182373,ddim_lora,A recording of an old timey rock song from the seventies.
919,33.96061089748449,0.9420499655265594,0.011790652759373188,0.3734644800424576,ddim_lora,A recording of an old timey rock song from the seventies.
920,34.12561194847369,0.9394662456011316,0.01395220123231411,0.6720142662525177,ddim_lora,"A saxophone, guitar, bass and drums playing a cool happy song."
921,34.6197497732479,0.9434685645644038,0.010377920232713223,0.3595695346593857,ddim_lora,"A saxophone, guitar, bass and drums playing a cool happy song."
922,35.24816005431174,0.9746893149199136,0.009249844588339329,0.3097403198480606,ddim_lora,"A saxophone, guitar, bass and drums playing a cool happy song."
923,29.513098485877684,0.8935756313702217,0.0196598619222641,2.019264340400696,ddim_lora,"A saxophone, guitar, bass and drums playing a cool happy song."
924,34.785610065983256,0.9537419826479144,0.012967104092240334,0.489014595746994,ddim_lora,A recording of a scary classical music score.
925,32.85789765399689,0.9488688139599627,0.01495334692299366,0.4322095587849617,ddim_lora,A recording of a scary classical music score.
926,26.502764278527632,0.8686774192623072,0.023611614480614662,0.9322284311056137,ddim_lora,A recording of a scary classical music score.
927,31.830543581146408,0.9354596281414159,0.017608070746064186,0.5288489013910294,ddim_lora,A recording of a scary classical music score.
928,29.903225582359838,0.8984444037358675,0.022452181205153465,0.6774077117443085,ddim_lora,"A man is singing in high pitched voice while a guitar, bass and drums are accompanying him in an angry metal song."
929,32.85085292812083,0.9154375050038105,0.016427630558609962,0.7123080492019653,ddim_lora,"A man is singing in high pitched voice while a guitar, bass and drums are accompanying him in an angry metal song."
930,35.83464539501522,0.96183730011599,0.010879931971430779,0.49219835922122,ddim_lora,"A man is singing in high pitched voice while a guitar, bass and drums are accompanying him in an angry metal song."
931,32.5211967828145,0.937359153227198,0.018141373991966248,0.9518465101718903,ddim_lora,"A man is singing in high pitched voice while a guitar, bass and drums are accompanying him in an angry metal song."
932,29.97592988778451,0.9396008918867783,0.023018883541226387,0.6718083620071411,ddim_lora,A recording of Hindu instruments playing.
933,31.953037847312675,0.9332405044222607,0.016045423224568367,0.9343885183334351,ddim_lora,A recording of Hindu instruments playing.
934,24.517274051968805,0.7263004985543936,0.03441409766674042,2.5482823252677917,ddim_lora,A recording of Hindu instruments playing.
935,31.92191350412312,0.9343537605566905,0.018177838996052742,0.5981770753860474,ddim_lora,A recording of Hindu instruments playing.
936,34.32091686963949,0.9422367335636226,0.012529201805591583,0.5250931978225708,ddim_lora,A recording of an old metal song.
937,34.061787109912515,0.9382119011795567,0.013855891302227974,0.5421221256256104,ddim_lora,A recording of an old metal song.
938,32.97859798743292,0.9167666569031973,0.01488500740379095,0.544890820980072,ddim_lora,A recording of an old metal song.
939,31.256149847731656,0.9341790588894413,0.017526423558592796,1.0576402842998505,ddim_lora,A recording of an old metal song.
940,34.9620776287957,0.9319532483423671,0.011596140451729298,0.4707435220479965,ddim_lora,A recording of an old country song.
941,35.627206387673176,0.9624240169867426,0.011658795177936554,0.5783905535936356,ddim_lora,A recording of an old country song.
942,35.79718001257041,0.9541223376865425,0.0119105763733387,0.6170405447483063,ddim_lora,A recording of an old country song.
943,33.662652030287795,0.9159183509656883,0.015023978427052498,1.034026563167572,ddim_lora,A recording of an old country song.
944,35.03913734872429,0.9413527394225167,0.012941667810082436,0.6842137575149536,ddim_lora,A high quality recording of a rock band accompaniment.
945,26.14270027452018,0.8257528776691697,0.033551186323165894,0.9645001888275146,ddim_lora,A high quality recording of a rock band accompaniment.
946,33.136625071349876,0.927829108898612,0.01598428189754486,0.9996204376220703,ddim_lora,A high quality recording of a rock band accompaniment.
947,31.57173532063226,0.9304651346491443,0.018480127677321434,0.6538229584693909,ddim_lora,A high quality recording of a rock band accompaniment.
948,31.500201433092133,0.9283581712398903,0.01968950219452381,1.3170254826545715,ddim_lora,A high quality recording of violins and a trumpet playing.
949,34.59558917393825,0.9483375441393371,0.0130231361836195,0.6837458908557892,ddim_lora,A high quality recording of violins and a trumpet playing.
950,31.24000201052564,0.9028121898295799,0.019110476598143578,0.8123922944068909,ddim_lora,A high quality recording of violins and a trumpet playing.
951,34.77662602135916,0.9414118902844586,0.012987221591174603,0.884823203086853,ddim_lora,A high quality recording of violins and a trumpet playing.
952,30.61743381935721,0.9131876409048557,0.017309697344899178,0.8880676925182343,ddim_lora,A woman vocalizing playing alongside a trumpet a happy upbeat melody.
953,33.74170523329155,0.9567398893132901,0.014840963296592236,0.5591516643762589,ddim_lora,A woman vocalizing playing alongside a trumpet a happy upbeat melody.
954,33.58739962766299,0.9474724938955821,0.015255500562489033,0.5212690234184265,ddim_lora,A woman vocalizing playing alongside a trumpet a happy upbeat melody.
955,30.129254405019353,0.9020417645864746,0.02297808602452278,1.0523788034915924,ddim_lora,A woman vocalizing playing alongside a trumpet a happy upbeat melody.
956,33.6271476832704,0.9330647741089535,0.01475229486823082,0.5189621448516846,ddim_lora,"A rock song with a guitar, piano, bass and drums playing."
957,34.0504268808223,0.9380978329666023,0.014363613910973072,0.6643289923667908,ddim_lora,"A rock song with a guitar, piano, bass and drums playing."
958,31.224294701365455,0.9303811536160376,0.018152067437767982,0.5235059931874275,ddim_lora,"A rock song with a guitar, piano, bass and drums playing."
959,34.05288416306982,0.9388942423188651,0.014356068335473537,0.583139106631279,ddim_lora,"A rock song with a guitar, piano, bass and drums playing."
960,34.41444826574626,0.9373315423448171,0.01310505997389555,0.4318387359380722,ddim_lora,"A recording of a sneaky, quiet and dramatic metal song, that turns loud in the middle then turns quite again."
961,30.649523349560376,0.9345283667379585,0.01750789023935795,0.47745101898908615,ddim_lora,"A recording of a sneaky, quiet and dramatic metal song, that turns loud in the middle then turns quite again."
962,34.349013857472336,0.9208501557759996,0.012529810890555382,0.8783444166183472,ddim_lora,"A recording of a sneaky, quiet and dramatic metal song, that turns loud in the middle then turns quite again."
963,32.82266462555289,0.9095911779848423,0.013521267101168633,0.5170548856258392,ddim_lora,"A recording of a sneaky, quiet and dramatic metal song, that turns loud in the middle then turns quite again."
964,25.940264269512525,0.8183266665637802,0.035736698657274246,1.1785899102687836,ddim_lora,A rock band playing alongside a trumpet a happy upbeat melody.
965,29.130360296019006,0.919594376600254,0.022386714816093445,0.5112958028912544,ddim_lora,A rock band playing alongside a trumpet a happy upbeat melody.
966,33.401186454290986,0.9505056888624197,0.015703579410910606,0.5511074811220169,ddim_lora,A rock band playing alongside a trumpet a happy upbeat melody.
967,33.94200841792605,0.9473274826722032,0.014308218844234943,0.6171857714653015,ddim_lora,A rock band playing alongside a trumpet a happy upbeat melody.
968,30.671413847220027,0.927842699564455,0.020605256780982018,0.47105090878903866,ddim_lora,A high quality recording of an epic piano hard rock solo with a rock band accompaniment.
969,34.7565560324246,0.9454328556884783,0.012523448094725609,0.5703718811273575,ddim_lora,A high quality recording of an epic piano hard rock solo with a rock band accompaniment.
970,33.72682891532018,0.9442387332279623,0.014175607822835445,0.6523692309856415,ddim_lora,A high quality recording of an epic piano hard rock solo with a rock band accompaniment.
971,33.250948489742925,0.9546471104240153,0.015003522858023643,0.5570110082626343,ddim_lora,A high quality recording of an epic piano hard rock solo with a rock band accompaniment.
972,32.774320708194864,0.9537534226191052,0.01571107655763626,0.5275439321994781,ddim_lora,A recording of a cool calm arcade game soundtrack.
973,32.89716120661354,0.9558929491614504,0.012842684984207153,0.4012552946805954,ddim_lora,A recording of a cool calm arcade game soundtrack.
974,33.85113569922475,0.9448650671805321,0.013677581213414669,0.7239057570695877,ddim_lora,A recording of a cool calm arcade game soundtrack.
975,33.23681772583093,0.96096690350395,0.013100114651024342,0.419955350458622,ddim_lora,A recording of a cool calm arcade game soundtrack.
976,34.549488088527404,0.9419828286531005,0.012676958926022053,0.40114036202430725,ddim_lora,"a saxophone, trumpet, guitar, bass and drums playing."
977,31.420467419893132,0.9111168694224908,0.01863679848611355,0.5350082442164421,ddim_lora,"a saxophone, trumpet, guitar, bass and drums playing."
978,33.222687432116714,0.9276162474388278,0.014331117272377014,0.49585235118865967,ddim_lora,"a saxophone, trumpet, guitar, bass and drums playing."
979,32.436155892438315,0.8996791748700202,0.017120635136961937,0.9314899146556854,ddim_lora,"a saxophone, trumpet, guitar, bass and drums playing."
980,33.20178889369169,0.9352332043735686,0.013001377694308758,0.773773193359375,ddim_lora,A recording of a cool mysterious rock song.
981,33.14379158176781,0.9324491319045349,0.015692077577114105,0.6380738019943237,ddim_lora,A recording of a cool mysterious rock song.
982,31.706059809961783,0.9082807725592121,0.018489276990294456,0.6136390715837479,ddim_lora,A recording of a cool mysterious rock song.
983,33.795417026070325,0.9436174553986997,0.014948558993637562,0.7790800631046295,ddim_lora,A recording of a cool mysterious rock song.
984,33.716416986724084,0.9306425219026994,0.013040760532021523,0.34820540621876717,ddim_lora,A recording of calm happy jazz music.
985,33.73633608052172,0.9456043357600519,0.01467613223940134,0.7020559310913086,ddim_lora,A recording of calm happy jazz music.
986,33.51655290479311,0.9533256511682758,0.015483975410461426,0.5111055225133896,ddim_lora,A recording of calm happy jazz music.
987,32.32005398149095,0.9286662671268967,0.01669539324939251,0.456243097782135,ddim_lora,A recording of calm happy jazz music.
988,29.9955206546029,0.8980114722057738,0.01615842431783676,2.502307415008545,ddim_lora,An orchestra playing classical music. You can hear flutes and a piano.
989,34.13187684260683,0.9526693788470851,0.01331994030624628,1.0174527764320374,ddim_lora,An orchestra playing classical music. You can hear flutes and a piano.
990,34.893817953053826,0.9651170393826126,0.01239586528390646,0.3358265906572342,ddim_lora,An orchestra playing classical music. You can hear flutes and a piano.
991,33.359193935615366,0.9586360521117502,0.01476144976913929,0.35838253796100616,ddim_lora,An orchestra playing classical music. You can hear flutes and a piano.
992,32.73364505486236,0.9051083845098177,0.015170630998909473,0.5962749719619751,ddim_lora,A high quality recording of flutes playing a wedding song.
993,31.270976790434307,0.9170526688353158,0.018655506893992424,0.45988941192626953,ddim_lora,A high quality recording of flutes playing a wedding song.
994,31.094161889676553,0.902985867932426,0.020646752789616585,0.7980060577392578,ddim_lora,A high quality recording of flutes playing a wedding song.
995,27.785426719658307,0.8258483335656425,0.029682042077183723,1.1621745824813843,ddim_lora,A high quality recording of flutes playing a wedding song.
996,35.3399450931143,0.9657594971259366,0.01196626853197813,0.594062089920044,ddim_lora,A high quality recording of a piano and violins playing a happy and emotional  piece.
997,34.45435748625798,0.9526295188448393,0.012455614283680916,0.5338656604290009,ddim_lora,A high quality recording of a piano and violins playing a happy and emotional  piece.
998,32.664674721591794,0.9416465423432474,0.01411739643663168,0.43408846855163574,ddim_lora,A high quality recording of a piano and violins playing a happy and emotional  piece.
999,31.197916011238295,0.9404821472893481,0.018465425819158554,0.6486330032348633,ddim_lora,A high quality recording of a piano and violins playing a happy and emotional  piece.
1000,34.01516573699642,0.9354916437869054,0.012775575742125511,0.3890472799539566,ddim_lora,"A saxophone playing a quiet jazz melody, with an accompaniment of bass and drums."
1001,30.38030207825123,0.9264798793471798,0.019321691244840622,0.5630204230546951,ddim_lora,"A saxophone playing a quiet jazz melody, with an accompaniment of bass and drums."
1002,34.51363605676441,0.9380498060768429,0.013064071536064148,0.5407915115356445,ddim_lora,"A saxophone playing a quiet jazz melody, with an accompaniment of bass and drums."
1003,29.95298302805589,0.8497616447268929,0.017980707809329033,0.5032424814999104,ddim_lora,"A saxophone playing a quiet jazz melody, with an accompaniment of bass and drums."
1004,35.17229835412558,0.9632925781550306,0.010741233825683594,0.4928690195083618,ddim_lora,"Chinese flutes, Chinese wind instruments and Chinese strings playing a dramatic Chinese music piece."
1005,32.658857259128865,0.9361767389586451,0.015920523554086685,0.4465435594320297,ddim_lora,"Chinese flutes, Chinese wind instruments and Chinese strings playing a dramatic Chinese music piece."
1006,32.87779969262005,0.9459872224894414,0.014641150832176208,0.45289871096611023,ddim_lora,"Chinese flutes, Chinese wind instruments and Chinese strings playing a dramatic Chinese music piece."
1007,30.49471885461226,0.9166707944381853,0.02160962112247944,1.1270355582237244,ddim_lora,"Chinese flutes, Chinese wind instruments and Chinese strings playing a dramatic Chinese music piece."
1008,34.118019892487155,0.9606583214645585,0.012282077223062515,0.9052138030529022,ddim_lora,"A high quality recording of guitars, flutes and drums playing."
1009,31.43833596008018,0.9158688577071795,0.019964784383773804,1.1468482911586761,ddim_lora,"A high quality recording of guitars, flutes and drums playing."
1010,32.76486102293986,0.9264903710694278,0.013421456329524517,1.3485943377017975,ddim_lora,"A high quality recording of guitars, flutes and drums playing."
1011,34.146669148835,0.9491134057578337,0.013855046592652798,0.39936691522598267,ddim_lora,"A high quality recording of guitars, flutes and drums playing."
1012,17.36438402013382,0.2822057109221991,0.09594476968050003,3.579952120780945,ddim_lora,A string section playing a happy calm song.
1013,21.601098009345314,0.5902028670801582,0.06279494613409042,2.3420032262802124,ddim_lora,A string section playing a happy calm song.
1014,35.20763985180352,0.9521368622756607,0.009772774763405323,0.3405172526836395,ddim_lora,A string section playing a happy calm song.
1015,25.990146018556374,0.8856740883514636,0.028354238718748093,0.8270358890295029,ddim_lora,A string section playing a happy calm song.
1016,34.07929736780361,0.9439614661096019,0.014063655398786068,0.5471015013754368,ddim_lora,A high quality recording of a man singing while and orchestra accompany him.
1017,31.31421445499423,0.9076611537494383,0.017985522747039795,0.7817289084196091,ddim_lora,A high quality recording of a man singing while and orchestra accompany him.
1018,33.91774503787061,0.9377285464975826,0.014169164933264256,0.7368890047073364,ddim_lora,A high quality recording of a man singing while and orchestra accompany him.
1019,31.94820198678891,0.9348281975876229,0.01775440201163292,0.6320892870426178,ddim_lora,A high quality recording of a man singing while and orchestra accompany him.
1020,23.575253560906834,0.6656640817393522,0.050038523972034454,2.375680983066559,ddim_lora,"A guitar playing a quiet harsh techno melody while an electric keyboard, bass and drums play in the background."
1021,33.1324967735399,0.9383691799561289,0.011853744275867939,0.5538620054721832,ddim_lora,"A guitar playing a quiet harsh techno melody while an electric keyboard, bass and drums play in the background."
1022,31.54953378428717,0.9362711865642557,0.01788119599223137,0.7108190953731537,ddim_lora,"A guitar playing a quiet harsh techno melody while an electric keyboard, bass and drums play in the background."
1023,33.01387678390934,0.9309506830661066,0.015625273808836937,0.6231033802032471,ddim_lora,"A guitar playing a quiet harsh techno melody while an electric keyboard, bass and drums play in the background."
0,31.356956855669573,0.9268130751478054,0.01981978863477707,0.8549368679523468,ddpm,A high quality recording of an epic violin solo with an orchestra accompaniment.
1,31.6763917472092,0.9278723579804148,0.01768369786441326,0.47193004190921783,ddpm,A high quality recording of an epic violin solo with an orchestra accompaniment.
2,33.67169232829656,0.9648579021515249,0.010968390852212906,0.38078244030475616,ddpm,A high quality recording of an epic violin solo with an orchestra accompaniment.
3,30.734890547736704,0.8999644118931652,0.0210566483438015,0.7014054954051971,ddpm,A high quality recording of an epic violin solo with an orchestra accompaniment.
4,32.29536906517177,0.8833596805772553,0.016914622858166695,0.8936334550380707,ddpm,A recording of a happy upbeat song in an orchestral style.
5,31.944852881802813,0.9306534248354984,0.017067156732082367,0.52764992415905,ddpm,A recording of a happy upbeat song in an orchestral style.
6,33.63850097480993,0.9112289174231845,0.013267715461552143,0.4923262596130371,ddpm,A recording of a happy upbeat song in an orchestral style.
7,31.728606495844176,0.915399758164385,0.018734388053417206,0.8027315437793732,ddpm,A recording of a happy upbeat song in an orchestral style.
8,31.73392065604482,0.945391490125683,0.016831083223223686,0.6344247162342072,ddpm,Strings playing a scary classical music melody with flutes and drums accompaniment in the background.
9,31.585320819383377,0.8973947617105121,0.019479071721434593,0.6704971790313721,ddpm,Strings playing a scary classical music melody with flutes and drums accompaniment in the background.
10,33.67594992749565,0.910151962639244,0.012813753448426723,0.4636922776699066,ddpm,Strings playing a scary classical music melody with flutes and drums accompaniment in the background.
11,32.959342231884996,0.8999295074330668,0.014083029702305794,0.6173591613769531,ddpm,Strings playing a scary classical music melody with flutes and drums accompaniment in the background.
12,32.50593713180213,0.9077191367786228,0.016399038955569267,0.6703843772411346,ddpm,A recording of an upbeat Arabic song.
13,32.400062289092915,0.9017850474429772,0.016812194138765335,0.6121229827404022,ddpm,A recording of an upbeat Arabic song.
14,30.44273891170655,0.9085162580938949,0.022262517362833023,0.7637866735458374,ddpm,A recording of an upbeat Arabic song.
15,43.41469233737218,0.9752273662353725,0.0012880574213340878,0.41214922070503235,ddpm,A recording of an upbeat Arabic song.
16,31.59891752290757,0.9213114656460201,0.017896752804517746,0.5736381709575653,ddpm,"A banjo playing a funky country melody, with an accompaniment of a violin, bass and drums."
17,33.22642436974853,0.9215036588201818,0.015584105625748634,0.6070307195186615,ddpm,"A banjo playing a funky country melody, with an accompaniment of a violin, bass and drums."
18,30.50303062857658,0.9220300376144135,0.02173355408012867,0.6830522418022156,ddpm,"A banjo playing a funky country melody, with an accompaniment of a violin, bass and drums."
19,31.74845297967162,0.9279872357569025,0.01848442666232586,0.537832498550415,ddpm,"A banjo playing a funky country melody, with an accompaniment of a violin, bass and drums."
20,32.26608898252445,0.8470497012969149,0.015548250637948513,0.8835645616054535,ddpm,A recording of a quiet metal song.
21,36.22996042397731,0.9658060205380914,0.006676816381514072,0.47134092450141907,ddpm,A recording of a quiet metal song.
22,33.61579696677569,0.9474593424297169,0.013484003022313118,0.5409031361341476,ddpm,A recording of a quiet metal song.
23,33.1909485598208,0.9431058177954608,0.013183793053030968,0.5295804291963577,ddpm,A recording of a quiet metal song.
24,30.82925328573213,0.8652442300453681,0.02081122435629368,0.9871388971805573,ddpm,A string section playing classical music.
25,31.31894707896067,0.8504270159367534,0.018385613337159157,1.0017606616020203,ddpm,A string section playing classical music.
26,30.242031836762408,0.9288997893339322,0.022361164912581444,0.7503042817115784,ddpm,A string section playing classical music.
27,30.475184893825833,0.9224185995476134,0.021900100633502007,0.7023677825927734,ddpm,A string section playing classical music.
28,32.04483534363077,0.9208013699216511,0.014590734615921974,0.7691680788993835,ddpm,"A recording of a sneaky, quiet and scary techno song, that turns loud in the middle then turns quite again."
29,31.041696262383436,0.9183399622390711,0.017309965565800667,0.740848183631897,ddpm,"A recording of a sneaky, quiet and scary techno song, that turns loud in the middle then turns quite again."
30,31.09364150416477,0.9211260800545684,0.0156269334256649,0.38143599033355713,ddpm,"A recording of a sneaky, quiet and scary techno song, that turns loud in the middle then turns quite again."
31,33.99167458323339,0.9001779108443976,0.010779137723147869,0.44253239035606384,ddpm,"A recording of a sneaky, quiet and scary techno song, that turns loud in the middle then turns quite again."
32,32.07568831295313,0.918423224379441,0.013890626840293407,0.6261367201805115,ddpm,A recording of a happy upbeat rock song.
33,32.0829277426948,0.9108485796881862,0.016569139435887337,0.5372529476881027,ddpm,A recording of a happy upbeat rock song.
34,32.31738436678795,0.925323220897544,0.013315130025148392,0.4086148589849472,ddpm,A recording of a happy upbeat rock song.
35,31.52282393504201,0.9253565539991775,0.01845533773303032,0.6185188591480255,ddpm,A recording of a happy upbeat rock song.
36,31.67978187490006,0.8842222882515738,0.01887126825749874,0.7245962470769882,ddpm,"A woman is singing a country song with a guitar, bass and drums playing in the background."
37,30.235819884824654,0.9332610481410439,0.0222935788333416,0.5570458024740219,ddpm,"A woman is singing a country song with a guitar, bass and drums playing in the background."
38,32.301127350681185,0.916416009274229,0.016112400218844414,0.4440975487232208,ddpm,"A woman is singing a country song with a guitar, bass and drums playing in the background."
39,30.948766997111402,0.9046015920031966,0.01976177655160427,0.4913366138935089,ddpm,"A woman is singing a country song with a guitar, bass and drums playing in the background."
40,30.92144852097278,0.9246739856572151,0.01998058520257473,0.7864870727062225,ddpm,A high quality recording of a violin playing a melody while another violin and drums are playing in the background.
41,31.487236748317073,0.9192971212076062,0.018508143723011017,0.6236581206321716,ddpm,A high quality recording of a violin playing a melody while another violin and drums are playing in the background.
42,32.029599437775296,0.9091864988845589,0.017601290717720985,0.6605744063854218,ddpm,A high quality recording of a violin playing a melody while another violin and drums are playing in the background.
43,30.89520480627818,0.9181749430593679,0.017894158139824867,0.7703624367713928,ddpm,A high quality recording of a violin playing a melody while another violin and drums are playing in the background.
44,31.518728765363644,0.9068092975639913,0.01780228689312935,0.5995141863822937,ddpm,"A woman is singing while a guitar, bass and drums playing in the background."
45,31.44780445291439,0.9232509863723132,0.0181892029941082,0.8317838311195374,ddpm,"A woman is singing while a guitar, bass and drums playing in the background."
46,31.90419794430353,0.877272294229082,0.018714096397161484,1.2998725771903992,ddpm,"A woman is singing while a guitar, bass and drums playing in the background."
47,31.3898204901621,0.8973702714288695,0.01980762928724289,0.7452732622623444,ddpm,"A woman is singing while a guitar, bass and drums playing in the background."
48,31.37418259827436,0.902207855519028,0.019710220396518707,0.6446358859539032,ddpm,"A country song with a guitar, piano, bass and drums playing."
49,32.07337895197366,0.9159064273894113,0.01817893795669079,0.7159566879272461,ddpm,"A country song with a guitar, piano, bass and drums playing."
50,31.90775805399353,0.9293151357727104,0.018064958974719048,0.6390925347805023,ddpm,"A country song with a guitar, piano, bass and drums playing."
51,31.867114693817683,0.9011775272209446,0.017805850133299828,0.6893070042133331,ddpm,"A country song with a guitar, piano, bass and drums playing."
52,32.05028300878289,0.9227077782043054,0.01768292672932148,0.6211821734905243,ddpm,A recording of a happy upbeat blues song.
53,30.32547527956943,0.9125339388721475,0.02026408165693283,0.41217368096113205,ddpm,A recording of a happy upbeat blues song.
54,31.335200738609906,0.9011950662093319,0.019355833530426025,0.9190732836723328,ddpm,A recording of a happy upbeat blues song.
55,31.20710113154256,0.9215278211824197,0.016843417659401894,0.7023507654666901,ddpm,A recording of a happy upbeat blues song.
56,30.682875002702016,0.9014720785871646,0.02057523839175701,0.8527759313583374,ddpm,"A harp playing alongside a piano, bass and drums in an upbeat old-timey cool classical song."
57,32.34496621592493,0.9094747928260538,0.017600979655981064,0.9770811498165131,ddpm,"A harp playing alongside a piano, bass and drums in an upbeat old-timey cool classical song."
58,30.584040351767783,0.9153003431817901,0.019994866102933884,0.6736632883548737,ddpm,"A harp playing alongside a piano, bass and drums in an upbeat old-timey cool classical song."
59,32.24837114402361,0.9348493044343529,0.01703578419983387,0.5435264855623245,ddpm,"A harp playing alongside a piano, bass and drums in an upbeat old-timey cool classical song."
60,32.929193453691205,0.8384436090622537,0.015943584963679314,1.5082754492759705,ddpm,A recording of angry metal music.
61,33.818604405352794,0.8637507457835214,0.012962537817656994,0.5459642857313156,ddpm,A recording of angry metal music.
62,33.37133448450129,0.8981110609881895,0.013891409151256084,0.37717100232839584,ddpm,A recording of angry metal music.
63,33.224078946566614,0.9124895148422085,0.015027513727545738,0.5370219722390175,ddpm,A recording of angry metal music.
64,31.02473374530971,0.9109055259047627,0.02032877691090107,0.7097521871328354,ddpm,A country song of a woman singing while bass and drums accompany her.
65,32.353294034551176,0.9188080014081601,0.015803219750523567,0.5084709972143173,ddpm,A country song of a woman singing while bass and drums accompany her.
66,30.969903732532153,0.8941852683089435,0.020447129383683205,0.808071494102478,ddpm,A country song of a woman singing while bass and drums accompany her.
67,32.48871845316363,0.9445151347091821,0.016677431762218475,0.6654718369245529,ddpm,A country song of a woman singing while bass and drums accompany her.
68,30.98404021604733,0.8329231704392838,0.01904427632689476,0.7707403898239136,ddpm,"A violin playing while a guitar, bass and drums playing in the background a calm country song."
69,32.63769257604649,0.9116421884565827,0.016217568889260292,0.7728270292282104,ddpm,"A violin playing while a guitar, bass and drums playing in the background a calm country song."
70,32.64894833248877,0.924043797685548,0.016455253586173058,0.6338318586349487,ddpm,"A violin playing while a guitar, bass and drums playing in the background a calm country song."
71,33.02624392209974,0.9281087170141193,0.01180748175829649,0.5526075661182404,ddpm,"A violin playing while a guitar, bass and drums playing in the background a calm country song."
72,31.460150662953126,0.893498259258081,0.019656790420413017,1.0034058392047882,ddpm,A recording of an upbeat angry punk song.
73,30.360574662201817,0.8958216815587863,0.021592603996396065,0.563509002327919,ddpm,A recording of an upbeat angry punk song.
74,31.130710437589954,0.8957092104958323,0.019765181466937065,0.6602408587932587,ddpm,A recording of an upbeat angry punk song.
75,29.847257475645396,0.9204688909383378,0.023196270689368248,0.5979570895433426,ddpm,A recording of an upbeat angry punk song.
76,30.750278188281975,0.9248982528428894,0.021212343126535416,0.5753197073936462,ddpm,"A kid is singing while a piano, bass and drums are accompanying him in a happy upbeat rock song."
77,32.11162867052564,0.9114318429292787,0.01841564290225506,1.033625841140747,ddpm,"A kid is singing while a piano, bass and drums are accompanying him in a happy upbeat rock song."
78,30.39829384175585,0.9010665456868813,0.02222524583339691,0.8382712304592133,ddpm,"A kid is singing while a piano, bass and drums are accompanying him in a happy upbeat rock song."
79,31.86282137847929,0.9067382419876931,0.01824847236275673,0.5536899119615555,ddpm,"A kid is singing while a piano, bass and drums are accompanying him in a happy upbeat rock song."
80,31.601462404272592,0.8867183663369289,0.018253017216920853,0.5888157673180103,ddpm,A strings section playing techno music.
81,33.02466071705503,0.9333713914622593,0.014510545879602432,0.5405859649181366,ddpm,A strings section playing techno music.
82,32.16726083601771,0.8750141677717297,0.016653362661600113,0.7081885188817978,ddpm,A strings section playing techno music.
83,32.786507775584596,0.8792897363706037,0.015972407534718513,1.0366775393486023,ddpm,A strings section playing techno music.
84,32.28918063063435,0.8989541846864394,0.017485622316598892,0.7885523736476898,ddpm,"A metal song of a man singing while a guitar, bass and drums accompany him."
85,33.487487583409646,0.9229359401828586,0.014029049314558506,0.516890287399292,ddpm,"A metal song of a man singing while a guitar, bass and drums accompany him."
86,30.70382974840207,0.8779682385967439,0.021214209496974945,0.7519750595092773,ddpm,"A metal song of a man singing while a guitar, bass and drums accompany him."
87,32.93538266415147,0.8947183357181488,0.014995180070400238,0.664482444524765,ddpm,"A metal song of a man singing while a guitar, bass and drums accompany him."
88,33.08442129241084,0.9277657225118665,0.013853651471436024,0.560399129986763,ddpm,A recording of an old rock song from the nineties.
89,32.58299509766144,0.877666478188235,0.015963859856128693,0.8928941488265991,ddpm,A recording of an old rock song from the nineties.
90,32.396349514049014,0.9054547759739392,0.013579703867435455,0.5222512781620026,ddpm,A recording of an old rock song from the nineties.
91,30.426524296667257,0.8849650634239357,0.021635880693793297,0.8977628350257874,ddpm,A recording of an old rock song from the nineties.
92,31.91429554079932,0.9523679421077546,0.01637917198240757,0.4958513677120209,ddpm,A recording of a slow and cool jazz song.
93,31.216136819483967,0.8911703607661218,0.020282119512557983,0.9338972568511963,ddpm,A recording of a slow and cool jazz song.
94,30.448341329963448,0.8855404590159643,0.020874353125691414,0.6363016366958618,ddpm,A recording of a slow and cool jazz song.
95,33.154416128146565,0.9254980230280813,0.01461484469473362,0.49277400970458984,ddpm,A recording of a slow and cool jazz song.
96,31.760458083441648,0.8898815097378698,0.018011268228292465,0.5724749714136124,ddpm,"A high quality recording of strings, drums and flutes playing."
97,30.754588293315077,0.8939396319895069,0.020893117412924767,0.7786094546318054,ddpm,"A high quality recording of strings, drums and flutes playing."
98,32.34237664223792,0.9220077476572498,0.0156300887465477,0.40217825770378113,ddpm,"A high quality recording of strings, drums and flutes playing."
99,30.579364785809116,0.9396136227156628,0.020609410479664803,0.6116776764392853,ddpm,"A high quality recording of strings, drums and flutes playing."
100,31.734823783004398,0.8880864197498998,0.017992964014410973,0.5730505809187889,ddpm,A recording of a slow cool hip hop song.
101,31.52173159831885,0.9135204919368116,0.019518619403243065,0.9974925518035889,ddpm,A recording of a slow cool hip hop song.
102,30.459585812167052,0.9138534106651143,0.020428476855158806,0.8692677319049835,ddpm,A recording of a slow cool hip hop song.
103,31.46964461346682,0.8996247060914715,0.01896105334162712,0.6137880682945251,ddpm,A recording of a slow cool hip hop song.
104,31.04809590206264,0.8959672300507489,0.020498132333159447,1.1738647520542145,ddpm,"Chinese strings, flutes, and harps playing an upbeat piece."
105,31.157650382420684,0.9209835790035744,0.01963217929005623,0.694541335105896,ddpm,"Chinese strings, flutes, and harps playing an upbeat piece."
106,32.17035399325151,0.909598324624097,0.017717301845550537,0.8206909000873566,ddpm,"Chinese strings, flutes, and harps playing an upbeat piece."
107,32.152348539482176,0.9474228610717286,0.014132358133792877,0.3581569604575634,ddpm,"Chinese strings, flutes, and harps playing an upbeat piece."
108,32.18488334392462,0.8851000309353906,0.015416775830090046,1.040515959262848,ddpm,A recording of a calm and cool jazz song.
109,31.41350372943102,0.9336601721338788,0.01867023855447769,0.49703092873096466,ddpm,A recording of a calm and cool jazz song.
110,33.31876484387841,0.9440583258394744,0.01152387261390686,0.47930125892162323,ddpm,A recording of a calm and cool jazz song.
111,30.452339589404094,0.9240790836277993,0.018017560243606567,0.5514297932386398,ddpm,A recording of a calm and cool jazz song.
112,30.95245206965908,0.9186468087499527,0.019254105165600777,0.5911460220813751,ddpm,A recording of a funky jazz song.
113,32.221273823423466,0.9111058343348408,0.017731593921780586,0.5997263789176941,ddpm,A recording of a funky jazz song.
114,31.677830977074713,0.9070201570478309,0.01860123500227928,0.6564056277275085,ddpm,A recording of a funky jazz song.
115,31.600054052267154,0.9016090924050346,0.019106393679976463,1.1780500411987305,ddpm,A recording of a funky jazz song.
116,33.13594920099584,0.9454476940236293,0.013674691319465637,0.7320140153169632,ddpm,A recording of a classical music piece.
117,31.357168305352086,0.9129112710323868,0.01926621049642563,0.8413648009300232,ddpm,A recording of a classical music piece.
118,31.80108239929392,0.9161567233455097,0.018767615780234337,0.6717651933431625,ddpm,A recording of a classical music piece.
119,33.30919011714855,0.9519906465261736,0.011283631436526775,0.4527505114674568,ddpm,A recording of a classical music piece.
120,32.305006155993155,0.899399660314814,0.015334499068558216,0.655425101518631,ddpm,A high quality recording of an electric guitar playing a cool metal solo with accompaniment.
121,32.34240285733872,0.9260639450074357,0.015798138454556465,0.6265806257724762,ddpm,A high quality recording of an electric guitar playing a cool metal solo with accompaniment.
122,31.604774514539614,0.8810382756671501,0.018081024289131165,0.9199618101119995,ddpm,A high quality recording of an electric guitar playing a cool metal solo with accompaniment.
123,31.605491233528333,0.9258407487712634,0.016825001686811447,0.8159477114677429,ddpm,A high quality recording of an electric guitar playing a cool metal solo with accompaniment.
124,34.26831057395503,0.9454768379250023,0.01156700775027275,0.39324797689914703,ddpm,A recording of a happy calm Chinese song.
125,31.00900575228257,0.928254297451592,0.016864776611328125,0.6961624324321747,ddpm,A recording of a happy calm Chinese song.
126,30.591338534750413,0.8997721067855525,0.020462417975068092,0.6976843476295471,ddpm,A recording of a happy calm Chinese song.
127,32.671242787745555,0.906211263058974,0.013675765134394169,0.5251156389713287,ddpm,A recording of a happy calm Chinese song.
128,32.3758941839981,0.9079259523643873,0.01528095081448555,0.5037895105779171,ddpm,A recording of a funky arcade game soundtrack.
129,32.93421118044322,0.9452660318135472,0.014799261465668678,0.353864848613739,ddpm,A recording of a funky arcade game soundtrack.
130,31.293714670278643,0.9598110526203696,0.016944002360105515,0.4111258536577225,ddpm,A recording of a funky arcade game soundtrack.
131,31.76987117280969,0.9112185358999949,0.01662377268075943,0.6526981294155121,ddpm,A recording of a funky arcade game soundtrack.
132,30.871806521005336,0.9346626223409182,0.02067452482879162,0.6267837285995483,ddpm,A recording of a calm arcade game soundtrack.
133,31.991992983539426,0.9107400676133807,0.017109740525484085,0.7145124673843384,ddpm,A recording of a calm arcade game soundtrack.
134,31.47628451752874,0.9189858516686605,0.016097186133265495,0.5113773345947266,ddpm,A recording of a calm arcade game soundtrack.
135,32.92807769330066,0.8920784827252294,0.014916586689651012,0.5391429364681244,ddpm,A recording of a calm arcade game soundtrack.
136,31.939356184785023,0.8941994049585065,0.01837940141558647,0.7724715173244476,ddpm,"A jazz song with 2 trumpets, piano, bass and drums playing."
137,31.75760626717116,0.9256852764389044,0.01815972477197647,0.5190507248044014,ddpm,"A jazz song with 2 trumpets, piano, bass and drums playing."
138,30.36002069958962,0.9099157010431506,0.02042457088828087,0.6210885755717754,ddpm,"A jazz song with 2 trumpets, piano, bass and drums playing."
139,31.74528811734639,0.8872871168940263,0.017526308074593544,0.662171870470047,ddpm,"A jazz song with 2 trumpets, piano, bass and drums playing."
140,31.93741337875496,0.9551915246425892,0.015823306515812874,0.6704680621623993,ddpm,"A recording of a sneaky, quiet and dramatic Chinese music piece, that turns loud in the middle then turns quite again."
141,32.500771948586966,0.927272880862406,0.013710832223296165,0.8558015525341034,ddpm,"A recording of a sneaky, quiet and dramatic Chinese music piece, that turns loud in the middle then turns quite again."
142,32.675625990914725,0.9186434888793632,0.012877531349658966,0.5307137370109558,ddpm,"A recording of a sneaky, quiet and dramatic Chinese music piece, that turns loud in the middle then turns quite again."
143,32.111636410992794,0.9369216850166552,0.013868854381144047,0.38968993723392487,ddpm,"A recording of a sneaky, quiet and dramatic Chinese music piece, that turns loud in the middle then turns quite again."
144,30.91087390882374,0.9141141729183099,0.020973943173885345,0.7114739418029785,ddpm,"A woman is singing while a guitar, bass and drums playing in the background a calm country song."
145,31.156556532630454,0.9259037733310309,0.019430389627814293,0.48422348499298096,ddpm,"A woman is singing while a guitar, bass and drums playing in the background a calm country song."
146,33.22316782633483,0.9082555504385695,0.016011549159884453,0.7678234577178955,ddpm,"A woman is singing while a guitar, bass and drums playing in the background a calm country song."
147,31.578875744469414,0.9256069400386017,0.01907522976398468,0.5939648449420929,ddpm,"A woman is singing while a guitar, bass and drums playing in the background a calm country song."
148,31.695966179465394,0.9221361048129718,0.01894114725291729,0.6777396202087402,ddpm,"A cool 70s rock song of a man singing while a guitar, bass and drums accompany him."
149,30.930477627452014,0.9177587437160536,0.01788666471838951,0.3773703947663307,ddpm,"A cool 70s rock song of a man singing while a guitar, bass and drums accompany him."
150,32.13571366509819,0.9387168492691301,0.014540490694344044,0.4314737468957901,ddpm,"A cool 70s rock song of a man singing while a guitar, bass and drums accompany him."
151,31.35694357178529,0.8830970145298453,0.019530629739165306,0.9151074290275574,ddpm,"A cool 70s rock song of a man singing while a guitar, bass and drums accompany him."
152,31.899318388393834,0.896400923671156,0.017034592106938362,0.5173146426677704,ddpm,"A high quality recording of a saxophone playing, and a guitar, bass and drums playing."
153,32.395363291090085,0.9264482673832747,0.014301539398729801,0.4319973289966583,ddpm,"A high quality recording of a saxophone playing, and a guitar, bass and drums playing."
154,31.107879033653354,0.90591143354647,0.020934635773301125,0.9553500115871429,ddpm,"A high quality recording of a saxophone playing, and a guitar, bass and drums playing."
155,32.08275738147835,0.9234462965072606,0.016560060903429985,0.5579074621200562,ddpm,"A high quality recording of a saxophone playing, and a guitar, bass and drums playing."
156,32.260102014371284,0.882505386593064,0.016484912484884262,0.5487088561058044,ddpm,A recording of a cool jazz song.
157,31.743394089704697,0.9271149609988971,0.017115961760282516,0.6361950188875198,ddpm,A recording of a cool jazz song.
158,30.27894883113629,0.9098374428992161,0.022444985806941986,0.7694242000579834,ddpm,A recording of a cool jazz song.
159,31.295959638164454,0.9108995749343208,0.01904025301337242,0.5999440550804138,ddpm,A recording of a cool jazz song.
160,30.488825439467703,0.9151046776586669,0.020763728767633438,0.6887173056602478,ddpm,A recording of an old rock song.
161,30.050000438405284,0.859578764353934,0.020959634333848953,0.8611795604228973,ddpm,A recording of an old rock song.
162,32.579893576148876,0.9044399200697703,0.01729983650147915,0.8457677662372589,ddpm,A recording of an old rock song.
163,31.0484974328402,0.9016919551379469,0.018065961077809334,0.5262731313705444,ddpm,A recording of an old rock song.
164,30.763843061382488,0.8746475496370196,0.02187531813979149,0.7390264868736267,ddpm,A recording of a death metal song.
165,32.71493270481609,0.8990877284344819,0.01567171886563301,0.7626892328262329,ddpm,A recording of a death metal song.
166,30.969277494597776,0.8702636297481702,0.020716622471809387,0.9508859813213348,ddpm,A recording of a death metal song.
167,34.73305297060293,0.9487866098779021,0.008172729052603245,0.3281528428196907,ddpm,A recording of a death metal song.
168,30.72109269663532,0.8792900073315236,0.02082400768995285,0.6149437725543976,ddpm,A high quality recording of a rock band playing a happy song.
169,31.482694479842518,0.9135138463460682,0.01827249862253666,0.45247792452573776,ddpm,A high quality recording of a rock band playing a happy song.
170,31.07478835247264,0.8814790878652121,0.02092774584889412,1.2153911590576172,ddpm,A high quality recording of a rock band playing a happy song.
171,32.332857724586425,0.9170656109132225,0.017031976953148842,0.525594562292099,ddpm,A high quality recording of a rock band playing a happy song.
172,31.208315531723052,0.9121014788387926,0.01990235410630703,0.7220337092876434,ddpm,A recording of an old upbeat cool arcade game soundtrack.
173,32.03297345031786,0.9111365003567147,0.017277421429753304,0.758200466632843,ddpm,A recording of an old upbeat cool arcade game soundtrack.
174,32.07303010002511,0.9178598218710599,0.017961641773581505,0.7466596066951752,ddpm,A recording of an old upbeat cool arcade game soundtrack.
175,32.74243093529263,0.8672601030260619,0.016550308093428612,0.74303337931633,ddpm,A recording of an old upbeat cool arcade game soundtrack.
176,31.93279283934067,0.931953105774197,0.017845265567302704,0.5639562755823135,ddpm,A recording of a happy upbeat song in a retro arcade game soundtrack style.
177,32.29586005131924,0.9188902473755941,0.01752905361354351,0.6483690589666367,ddpm,A recording of a happy upbeat song in a retro arcade game soundtrack style.
178,31.569465530498086,0.8835468032443323,0.018947113305330276,0.8986282348632812,ddpm,A recording of a happy upbeat song in a retro arcade game soundtrack style.
179,31.036428136085608,0.958366092209117,0.01750018261373043,0.343610517680645,ddpm,A recording of a happy upbeat song in a retro arcade game soundtrack style.
180,32.85735801087994,0.9025718942244562,0.015330569818615913,0.8746107518672943,ddpm,"A high quality recording of a trumpet, saxophone, electric keyboard, bass and drums playing."
181,31.135403685787413,0.9095306512158157,0.01630592532455921,0.4803353548049927,ddpm,"A high quality recording of a trumpet, saxophone, electric keyboard, bass and drums playing."
182,32.145073791995664,0.9322343203102131,0.015081021934747696,0.3882248252630234,ddpm,"A high quality recording of a trumpet, saxophone, electric keyboard, bass and drums playing."
183,32.75028152072353,0.9095740549370912,0.013530075550079346,0.6506564915180206,ddpm,"A high quality recording of a trumpet, saxophone, electric keyboard, bass and drums playing."
184,31.971811604126167,0.9301688704596424,0.017697565257549286,0.4751560688018799,ddpm,"A trumpet and a guitar playing a cool jazz melody, with an accompaniment of a piano, bass and drums."
185,31.949602314827317,0.9115881159895164,0.018392570316791534,0.5809726715087891,ddpm,"A trumpet and a guitar playing a cool jazz melody, with an accompaniment of a piano, bass and drums."
186,31.041449936252732,0.9217564269713121,0.01817622035741806,0.7146704792976379,ddpm,"A trumpet and a guitar playing a cool jazz melody, with an accompaniment of a piano, bass and drums."
187,31.98090718387363,0.9280002561591668,0.016283506527543068,0.6956011354923248,ddpm,"A trumpet and a guitar playing a cool jazz melody, with an accompaniment of a piano, bass and drums."
188,32.56368100793929,0.951910937941946,0.016165120527148247,0.5621424615383148,ddpm,A recording of a Arabic song.
189,31.186186286734504,0.9182388178357382,0.020077725872397423,0.7596210837364197,ddpm,A recording of a Arabic song.
190,31.635339096273167,0.8910291221325246,0.019023297354578972,1.0792493224143982,ddpm,A recording of a Arabic song.
191,30.527855676717273,0.8975130617160888,0.021236058324575424,0.750578761100769,ddpm,A recording of a Arabic song.
192,31.903211599356123,0.8898060461278702,0.017711710184812546,0.7135244011878967,ddpm,A high quality recording of an epic guitar country solo with a country band accompaniment.
193,32.56337103647476,0.9379757431044135,0.014185371808707714,0.4200105667114258,ddpm,A high quality recording of an epic guitar country solo with a country band accompaniment.
194,31.788603265959008,0.8967070398509781,0.01821022853255272,0.9853842854499817,ddpm,A high quality recording of an epic guitar country solo with a country band accompaniment.
195,31.505927346052754,0.9072368384600512,0.019090784713625908,0.7281495332717896,ddpm,A high quality recording of an epic guitar country solo with a country band accompaniment.
196,32.12644268748224,0.9192028082762603,0.016481462866067886,0.42761702090501785,ddpm,"An electric guitar playing epic riffs while a piano, bass and drums are playing in the background."
197,30.774686330245146,0.8950846206539155,0.01981198415160179,0.6371894031763077,ddpm,"An electric guitar playing epic riffs while a piano, bass and drums are playing in the background."
198,32.440309458074154,0.8808929624710845,0.01475535612553358,0.6765651702880859,ddpm,"An electric guitar playing epic riffs while a piano, bass and drums are playing in the background."
199,31.89612923589932,0.8986958601905297,0.017979800701141357,0.6272487938404083,ddpm,"An electric guitar playing epic riffs while a piano, bass and drums are playing in the background."
200,32.636486414229154,0.9127958293562022,0.015841426327824593,0.7591879367828369,ddpm,A recording of an upbeat angry movie soundtrack.
201,35.91884018306162,0.9665469853074169,0.007094923406839371,0.5357041954994202,ddpm,A recording of an upbeat angry movie soundtrack.
202,31.278553140103945,0.8743889689743276,0.018446508795022964,0.5825664699077606,ddpm,A recording of an upbeat angry movie soundtrack.
203,31.594458243116105,0.8966178789547317,0.018640460446476936,0.6718788146972656,ddpm,A recording of an upbeat angry movie soundtrack.
204,31.292257293687683,0.881401258313409,0.018820764496922493,0.6784652173519135,ddpm,A recording of a sneaky arcade game soundtrack.
205,29.396790006142727,0.867137854951178,0.02506009116768837,0.7571759223937988,ddpm,A recording of a sneaky arcade game soundtrack.
206,31.414289239967466,0.8992827899755338,0.018932893872261047,0.4828808754682541,ddpm,A recording of a sneaky arcade game soundtrack.
207,31.80526206427794,0.9105312538748467,0.014821251854300499,0.8893343210220337,ddpm,A recording of a sneaky arcade game soundtrack.
208,31.804670856080083,0.9141561426413721,0.014589165337383747,0.3975280299782753,ddpm,A recording of a romantic country song.
209,31.23133214732774,0.9068581351705038,0.020044168457388878,0.6154962778091431,ddpm,A recording of a romantic country song.
210,31.56628116834937,0.9202498444871955,0.018923761323094368,0.7664010524749756,ddpm,A recording of a romantic country song.
211,30.75118535304549,0.9203400885842171,0.020920366048812866,0.4819728136062622,ddpm,A recording of a romantic country song.
212,32.701215206122384,0.9351098797622803,0.014860508032143116,0.6540090441703796,ddpm,A high quality recording of a metal band playing a happy song.
213,31.17913258082414,0.9122023380689743,0.019580388441681862,0.5971015095710754,ddpm,A high quality recording of a metal band playing a happy song.
214,31.652458534577512,0.9578775090612297,0.01667746715247631,0.4371256083250046,ddpm,A high quality recording of a metal band playing a happy song.
215,32.09381388808386,0.9038692290902272,0.01754949986934662,0.6205888539552689,ddpm,A high quality recording of a metal band playing a happy song.
216,32.045550204861925,0.9525783144091221,0.016564548015594482,0.48555172234773636,ddpm,A high quality recording of a trumpet playing a melody while another trumpet and drums are playing in the background.
217,29.769558446617296,0.9049471586864242,0.023255985230207443,0.5926365405321121,ddpm,A high quality recording of a trumpet playing a melody while another trumpet and drums are playing in the background.
218,30.60089163102279,0.8932778859952876,0.021695084869861603,1.0499943494796753,ddpm,A high quality recording of a trumpet playing a melody while another trumpet and drums are playing in the background.
219,32.01735861211443,0.8898549654638048,0.01703840307891369,0.7515392303466797,ddpm,A high quality recording of a trumpet playing a melody while another trumpet and drums are playing in the background.
220,34.69546810425032,0.9249809702774089,0.010790659114718437,0.5352938324213028,ddpm,A recording of a slow cool metal song.
221,31.311241168251147,0.9503035657338926,0.019662752747535706,0.8210696578025818,ddpm,A recording of a slow cool metal song.
222,30.727782518497605,0.9122892207714429,0.02124604769051075,0.7108292877674103,ddpm,A recording of a slow cool metal song.
223,32.931216168802244,0.8935114658884853,0.015577144920825958,0.7305549085140228,ddpm,A recording of a slow cool metal song.
224,31.624820595931272,0.9166201413269061,0.01901157759130001,0.6476590037345886,ddpm,"A jazz song with a guitar, trumpet, piano, bass and drums playing."
225,31.319099170114136,0.9271624427773556,0.019631117582321167,0.44028158485889435,ddpm,"A jazz song with a guitar, trumpet, piano, bass and drums playing."
226,32.608433699029,0.9139902301696863,0.013815968297421932,0.45842883735895157,ddpm,"A jazz song with a guitar, trumpet, piano, bass and drums playing."
227,32.47385168906085,0.9346113671193791,0.01613483391702175,0.572986826300621,ddpm,"A jazz song with a guitar, trumpet, piano, bass and drums playing."
228,33.12818078937033,0.8933132117944333,0.01509502436965704,0.9316509664058685,ddpm,"A metal song with an electric guitar, bass and drums playing."
229,31.98124411542156,0.8853141421109071,0.01789361797273159,0.8358281254768372,ddpm,"A metal song with an electric guitar, bass and drums playing."
230,30.76723679213056,0.8684109282336601,0.02138400636613369,1.4833941459655762,ddpm,"A metal song with an electric guitar, bass and drums playing."
231,32.37282436921981,0.8873523014721373,0.016871323809027672,0.7279758006334305,ddpm,"A metal song with an electric guitar, bass and drums playing."
232,32.03248028763803,0.9027468925530132,0.017105571925640106,0.7440059185028076,ddpm,A cello playing a melody and then slowly a violin joins and more strings and they play a happy emotional song.
233,31.781845827598065,0.9480451239444337,0.017424441874027252,0.5724717080593109,ddpm,A cello playing a melody and then slowly a violin joins and more strings and they play a happy emotional song.
234,33.5436519334866,0.9301020117643449,0.013162339106202126,0.47349992394447327,ddpm,A cello playing a melody and then slowly a violin joins and more strings and they play a happy emotional song.
235,32.5349185789296,0.9101083184802704,0.016128316521644592,0.6361405253410339,ddpm,A cello playing a melody and then slowly a violin joins and more strings and they play a happy emotional song.
236,32.12099062591064,0.9025150063333881,0.01822545751929283,1.1288524270057678,ddpm,"A recording of a sneaky, quiet and dramatic arcade game soundtrack, that turns loud in the middle then turns quite again."
237,33.25806657503176,0.8860518530622282,0.013277716003358364,0.7967579364776611,ddpm,"A recording of a sneaky, quiet and dramatic arcade game soundtrack, that turns loud in the middle then turns quite again."
238,33.03249666827745,0.9310368172668168,0.013383165933191776,0.5353089720010757,ddpm,"A recording of a sneaky, quiet and dramatic arcade game soundtrack, that turns loud in the middle then turns quite again."
239,30.63088704696859,0.9152978390517861,0.019577132537961006,0.6120836585760117,ddpm,"A recording of a sneaky, quiet and dramatic arcade game soundtrack, that turns loud in the middle then turns quite again."
240,32.62107934767622,0.9229597421719645,0.01545645296573639,0.5069648325443268,ddpm,A high quality recording of a cello and violins playing a happy and emotional piece.
241,31.88530572615347,0.9479999106655582,0.016562193632125854,0.3875768184661865,ddpm,A high quality recording of a cello and violins playing a happy and emotional piece.
242,32.08158911995306,0.9328447492593415,0.015026786364614964,0.4787355363368988,ddpm,A high quality recording of a cello and violins playing a happy and emotional piece.
243,31.951353558275954,0.9240190041332977,0.016939891502261162,0.7513001561164856,ddpm,A high quality recording of a cello and violins playing a happy and emotional piece.
244,31.57297344745043,0.9210342976347121,0.019263776019215584,0.9108732044696808,ddpm,"A cool 60s jazz song of a saxophone playing while a guitar, bass and drums accompany him."
245,31.614511632656086,0.9120289191554601,0.018618617206811905,0.7058278918266296,ddpm,"A cool 60s jazz song of a saxophone playing while a guitar, bass and drums accompany him."
246,30.736674367243168,0.9083972523671943,0.020100241526961327,0.6417551934719086,ddpm,"A cool 60s jazz song of a saxophone playing while a guitar, bass and drums accompany him."
247,31.608973234605525,0.8611131371695676,0.018135398626327515,0.81280517578125,ddpm,"A cool 60s jazz song of a saxophone playing while a guitar, bass and drums accompany him."
248,30.338272795655968,0.8377390485336148,0.022755879908800125,1.0744636356830597,ddpm,"A techno song of a synthesizer playing while an electric guitar, bass and drums are playing in the background."
249,32.520982319206,0.9401187630565528,0.015175527893006802,0.34604427963495255,ddpm,"A techno song of a synthesizer playing while an electric guitar, bass and drums are playing in the background."
250,30.602998462553618,0.9016642926666538,0.021906469017267227,1.0337588489055634,ddpm,"A techno song of a synthesizer playing while an electric guitar, bass and drums are playing in the background."
251,32.516069358570036,0.9379058246202722,0.016487687826156616,0.45881277322769165,ddpm,"A techno song of a synthesizer playing while an electric guitar, bass and drums are playing in the background."
252,30.656784502951297,0.9094381753149344,0.02103552035987377,0.8132979869842529,ddpm,A man singing a melody and then slowly a woman joins and strings and they play a happy emotional song.
253,32.2262936478992,0.9125970080319945,0.017726102843880653,0.9049471318721771,ddpm,A man singing a melody and then slowly a woman joins and strings and they play a happy emotional song.
254,32.195806362607165,0.9092910696686688,0.015491936355829239,0.6623899936676025,ddpm,A man singing a melody and then slowly a woman joins and strings and they play a happy emotional song.
255,31.484911608393354,0.865445783207223,0.018518570810556412,0.764566034078598,ddpm,A man singing a melody and then slowly a woman joins and strings and they play a happy emotional song.
256,30.146322084929373,0.9220662847218098,0.022558098658919334,0.8376614451408386,ddpm,"A clarinet playing a quiet jazz melody, with an accompaniment of bass and drums."
257,31.886159522360337,0.9142585154560178,0.017516711726784706,0.694684162735939,ddpm,"A clarinet playing a quiet jazz melody, with an accompaniment of bass and drums."
258,32.27477443068106,0.8788620646683113,0.015583567321300507,0.9019978046417236,ddpm,"A clarinet playing a quiet jazz melody, with an accompaniment of bass and drums."
259,30.734065452703113,0.9198323986266312,0.02074960246682167,0.7920568883419037,ddpm,"A clarinet playing a quiet jazz melody, with an accompaniment of bass and drums."
260,30.63533685064521,0.9183110326466579,0.02164384163916111,0.821725606918335,ddpm,A recording of a happy movie score.
261,31.33806428364446,0.9519920649233217,0.016781199723482132,0.4763788431882858,ddpm,A recording of a happy movie score.
262,30.584309798722064,0.941138631515844,0.01975402981042862,0.4730778932571411,ddpm,A recording of a happy movie score.
263,33.861693321725255,0.9370593624134305,0.010535286739468575,0.43588969111442566,ddpm,A recording of a happy movie score.
264,30.840160692693324,0.9020266710760348,0.02058119885623455,0.6624449491500854,ddpm,"A high quality recording of strings, flutes and drums playing."
265,31.79102289704142,0.9273273930317648,0.018758408725261688,0.8813270330429077,ddpm,"A high quality recording of strings, flutes and drums playing."
266,33.95715794080182,0.8841261968721773,0.01156955398619175,0.6657788455486298,ddpm,"A high quality recording of strings, flutes and drums playing."
267,31.43985952693668,0.9045406046953344,0.019089074805378914,0.8669060468673706,ddpm,"A high quality recording of strings, flutes and drums playing."
268,31.70695968341725,0.9298763301854188,0.017287634313106537,0.4058080464601517,ddpm,A high quality recording of an epic saxophone jazz solo with a jazz band accompaniment.
269,30.740722285948582,0.916863754489531,0.020505841821432114,0.5104855597019196,ddpm,A high quality recording of an epic saxophone jazz solo with a jazz band accompaniment.
270,31.312806513628367,0.9167264396742082,0.019162850454449654,0.57011578977108,ddpm,A high quality recording of an epic saxophone jazz solo with a jazz band accompaniment.
271,31.58953681358161,0.9085846057484126,0.01800777018070221,0.6176283955574036,ddpm,A high quality recording of an epic saxophone jazz solo with a jazz band accompaniment.
272,31.500246317261347,0.9324150362777103,0.018676500767469406,0.5728822499513626,ddpm,A high quality recording of wind instruments playing.
273,30.36169997139183,0.8797966777937355,0.02168341726064682,0.9888233244419098,ddpm,A high quality recording of wind instruments playing.
274,32.71898185764221,0.9251364454205433,0.013604492880403996,0.36551132425665855,ddpm,A high quality recording of wind instruments playing.
275,30.613665020072816,0.8288760594271184,0.020899102091789246,0.8824764788150787,ddpm,A high quality recording of wind instruments playing.
276,31.240705530506524,0.9034545715724631,0.017849639058113098,0.3795223757624626,ddpm,A recording of a dramatic metal song.
277,33.40473588591448,0.8959717669358516,0.0152837373316288,0.7372970432043076,ddpm,A recording of a dramatic metal song.
278,35.751747199135735,0.9809311479286168,0.007413188461214304,0.25427865982055664,ddpm,A recording of a dramatic metal song.
279,31.452509216960138,0.8779017975219814,0.01898985728621483,0.673911839723587,ddpm,A recording of a dramatic metal song.
280,30.947979421263586,0.9231520127847834,0.01979154162108898,0.4220093861222267,ddpm,"A high quality recording of a saxophone playing and drums, guitar and bass playing a song, and later a trumpet is playing."
281,33.057452952073824,0.9034685676651157,0.01529457326978445,0.824067085981369,ddpm,"A high quality recording of a saxophone playing and drums, guitar and bass playing a song, and later a trumpet is playing."
282,32.28306433464228,0.8979613236430984,0.017290791496634483,0.9001057744026184,ddpm,"A high quality recording of a saxophone playing and drums, guitar and bass playing a song, and later a trumpet is playing."
283,31.293950004820022,0.927245537641427,0.018504871055483818,0.5458334684371948,ddpm,"A high quality recording of a saxophone playing and drums, guitar and bass playing a song, and later a trumpet is playing."
284,31.994023558429177,0.9380639407585573,0.017408087849617004,0.5936818569898605,ddpm,Flutes and strings playing a happy calm classical score.
285,32.193825797119935,0.9207794266510667,0.016566909849643707,0.636687844991684,ddpm,Flutes and strings playing a happy calm classical score.
286,30.205755336455038,0.9189209306871141,0.022046703845262527,0.5708268880844116,ddpm,Flutes and strings playing a happy calm classical score.
287,32.02540112462468,0.9157997711424609,0.017180880531668663,0.5805284827947617,ddpm,Flutes and strings playing a happy calm classical score.
288,32.95565427288108,0.9177547433241373,0.01391505915671587,0.5430606156587601,ddpm,"Strings, flutes, and harp playing an upbeat happy piece."
289,31.89926638497373,0.9156882987892973,0.017764410004019737,0.653484120965004,ddpm,"Strings, flutes, and harp playing an upbeat happy piece."
290,30.068630965370474,0.8702281223144948,0.02281113713979721,1.0193441808223724,ddpm,"Strings, flutes, and harp playing an upbeat happy piece."
291,32.24421844792391,0.9087653306557026,0.016407735645771027,0.620558887720108,ddpm,"Strings, flutes, and harp playing an upbeat happy piece."
292,32.192882879814455,0.886530640785873,0.01720551960170269,0.5323987305164337,ddpm,"Flutes, wind instruments and strings playing a dramatic classical music piece."
293,30.76105008931552,0.9521192853151977,0.020175078883767128,0.8406148552894592,ddpm,"Flutes, wind instruments and strings playing a dramatic classical music piece."
294,32.439968375430745,0.9409346109545018,0.014852961525321007,0.4907269775867462,ddpm,"Flutes, wind instruments and strings playing a dramatic classical music piece."
295,32.32254499963433,0.9193943260618108,0.01565251685678959,0.4498796612024307,ddpm,"Flutes, wind instruments and strings playing a dramatic classical music piece."
296,30.653681274678483,0.9173456928034813,0.02162466011941433,0.8661052882671356,ddpm,"A high quality recording of a saxophone playing and drums, guitar and bass playing a song, and later a woman is singing."
297,32.50766658873761,0.9507667966245097,0.01567716710269451,0.4434667229652405,ddpm,"A high quality recording of a saxophone playing and drums, guitar and bass playing a song, and later a woman is singing."
298,32.03279296679567,0.9059216965741931,0.01793084479868412,0.674039751291275,ddpm,"A high quality recording of a saxophone playing and drums, guitar and bass playing a song, and later a woman is singing."
299,32.84919949607226,0.9263689977744489,0.015746762976050377,0.46082886308431625,ddpm,"A high quality recording of a saxophone playing and drums, guitar and bass playing a song, and later a woman is singing."
300,30.628356534573857,0.913868844073012,0.021545089781284332,0.8442808389663696,ddpm,A recording of a cool movie soundtrack.
301,32.079866399017185,0.9302461134780117,0.017197467386722565,0.7579700350761414,ddpm,A recording of a cool movie soundtrack.
302,29.735578794488788,0.8886586052937693,0.02427322417497635,0.8588505685329437,ddpm,A recording of a cool movie soundtrack.
303,34.57759562007137,0.9205272983522106,0.009320701472461224,0.40402135252952576,ddpm,A recording of a cool movie soundtrack.
304,32.67738460486602,0.8950826505387889,0.016224248334765434,0.7837964296340942,ddpm,A recording of a happy orchestral score.
305,30.419367341814,0.9256475441462503,0.021078433841466904,0.6245604455471039,ddpm,A recording of a happy orchestral score.
306,32.26748676566049,0.8848542061113589,0.017092032358050346,0.5099012553691864,ddpm,A recording of a happy orchestral score.
307,32.57244270369024,0.9264235564073271,0.01634744554758072,0.6736773252487183,ddpm,A recording of a happy orchestral score.
308,32.77284541275571,0.9234122022658489,0.013467736542224884,0.6012681722640991,ddpm,"A jazz song with a saxophone, violin, bass and drums playing."
309,30.97986808909625,0.9052442617163132,0.020026132464408875,0.6221645772457123,ddpm,"A jazz song with a saxophone, violin, bass and drums playing."
310,30.216352511645784,0.9448485216681961,0.022265827283263206,0.708736777305603,ddpm,"A jazz song with a saxophone, violin, bass and drums playing."
311,31.932851930773282,0.9172703797367872,0.0162533950060606,0.4910801947116852,ddpm,"A jazz song with a saxophone, violin, bass and drums playing."
312,31.24209025756866,0.9218079296323651,0.017790760844945908,0.5790762603282928,ddpm,A high quality recording of a synthesizer playing with a guitar and drums playing in the background.
313,31.97227140742518,0.9163465501925516,0.01764654740691185,0.6070773899555206,ddpm,A high quality recording of a synthesizer playing with a guitar and drums playing in the background.
314,32.81242853680317,0.9084253484209258,0.014898184686899185,0.489115372300148,ddpm,A high quality recording of a synthesizer playing with a guitar and drums playing in the background.
315,31.674777861549096,0.8845843221042494,0.01792551763355732,0.80146124958992,ddpm,A high quality recording of a synthesizer playing with a guitar and drums playing in the background.
316,30.37833177779785,0.9096864221202834,0.02233467437326908,0.5589125156402588,ddpm,A recording of hip hop music.
317,31.792002242665532,0.9134304396845587,0.018382756039500237,0.5819339156150818,ddpm,A recording of hip hop music.
318,30.41703805463093,0.8967963816515109,0.021511806175112724,0.7132698744535446,ddpm,A recording of hip hop music.
319,32.252362705040845,0.9130405752118363,0.015699373558163643,0.5300759375095367,ddpm,A recording of hip hop music.
320,31.767917404868125,0.9116434368617178,0.018300240859389305,0.6715409904718399,ddpm,"Guitars, trumpets, and piano playing a happy song."
321,31.440775493712692,0.8868069859486886,0.01990332268178463,0.8326806128025055,ddpm,"Guitars, trumpets, and piano playing a happy song."
322,32.38594585566809,0.9029684801099412,0.015912869945168495,0.6950929760932922,ddpm,"Guitars, trumpets, and piano playing a happy song."
323,32.66023933971662,0.9073274653734811,0.016019929200410843,0.7351520657539368,ddpm,"Guitars, trumpets, and piano playing a happy song."
324,31.37116472287955,0.9016520682914049,0.019769370555877686,0.7839532494544983,ddpm,"A jazz song with a trumpet, piano, bass and drums playing."
325,31.2883566727428,0.9384751561216415,0.018958812579512596,0.5176408290863037,ddpm,"A jazz song with a trumpet, piano, bass and drums playing."
326,31.395941934161932,0.944577466571141,0.01696423999965191,0.42052726447582245,ddpm,"A jazz song with a trumpet, piano, bass and drums playing."
327,31.747343338646115,0.9106964765247936,0.01863272115588188,0.5700291246175766,ddpm,"A jazz song with a trumpet, piano, bass and drums playing."
328,30.727655502711542,0.8961622145922257,0.020279547199606895,0.7157780826091766,ddpm,"A cool 90s hip hop song of a man singing while a guitar, bass and drums accompany him."
329,31.9876264870954,0.9137746456499902,0.017194077372550964,0.506704106926918,ddpm,"A cool 90s hip hop song of a man singing while a guitar, bass and drums accompany him."
330,30.66293005681958,0.893269689144525,0.021302005276083946,0.7924233078956604,ddpm,"A cool 90s hip hop song of a man singing while a guitar, bass and drums accompany him."
331,30.35502076530337,0.9203259330422003,0.01983679085969925,0.34989093244075775,ddpm,"A cool 90s hip hop song of a man singing while a guitar, bass and drums accompany him."
332,31.32008118690976,0.9275407712126167,0.018818244338035583,0.623222142457962,ddpm,A recording of an old timey Chinese song from the forties.
333,30.63795292536998,0.942441090208636,0.021250413730740547,0.8108126819133759,ddpm,A recording of an old timey Chinese song from the forties.
334,30.936650667802997,0.9303752151044355,0.020245740190148354,0.8495576679706573,ddpm,A recording of an old timey Chinese song from the forties.
335,34.01476559372067,0.8937370759886649,0.010065908543765545,0.4549968093633652,ddpm,A recording of an old timey Chinese song from the forties.
336,31.561415629672464,0.8955141668472768,0.019086267799139023,0.848561018705368,ddpm,A high quality recording of a woman singing with an orchestra rock band accompaniment.
337,32.764797029922455,0.922407961644657,0.016343656927347183,0.6337636560201645,ddpm,A high quality recording of a woman singing with an orchestra rock band accompaniment.
338,31.82797690726368,0.8889195168741064,0.017996426671743393,0.752850204706192,ddpm,A high quality recording of a woman singing with an orchestra rock band accompaniment.
339,33.78411719001541,0.9094434668827854,0.014230206608772278,0.833203136920929,ddpm,A high quality recording of a woman singing with an orchestra rock band accompaniment.
340,31.471696458571227,0.9481079778856555,0.017657209187746048,0.6589334607124329,ddpm,A recording of happy techno music.
341,31.275215976476414,0.9257574453115918,0.01956009492278099,0.6735209822654724,ddpm,A recording of happy techno music.
342,29.74439105482821,0.9303814376581585,0.022863348945975304,0.6332565546035767,ddpm,A recording of happy techno music.
343,31.17902227346644,0.9503490464487185,0.018470795825123787,0.49931979179382324,ddpm,A recording of happy techno music.
344,33.68854875643809,0.9559905704267722,0.012291552498936653,0.4365127831697464,ddpm,"Strings playing a mysterious song, alongside drums and flutes."
345,32.664698232890395,0.8956807430736105,0.016223076730966568,0.6980042904615402,ddpm,"Strings playing a mysterious song, alongside drums and flutes."
346,30.60891817649059,0.9152691956918692,0.0207961592823267,0.6312004923820496,ddpm,"Strings playing a mysterious song, alongside drums and flutes."
347,31.69273669111788,0.9077475331216313,0.017717840149998665,0.45622702687978745,ddpm,"Strings playing a mysterious song, alongside drums and flutes."
348,33.88234730261005,0.9367717424833967,0.013965143822133541,0.5992706567049026,ddpm,A high quality recording of a choir and violins playing a happy and emotional  piece.
349,31.364581478789454,0.912424864986496,0.018363775685429573,0.6559544503688812,ddpm,A high quality recording of a choir and violins playing a happy and emotional  piece.
350,31.88327988232812,0.903211035033463,0.01874435506761074,1.0418709516525269,ddpm,A high quality recording of a choir and violins playing a happy and emotional  piece.
351,31.80401350542447,0.936792704970383,0.017513472586870193,0.7990570664405823,ddpm,A high quality recording of a choir and violins playing a happy and emotional  piece.
352,31.653741026748243,0.9106083578316989,0.018426472321152687,0.6600282788276672,ddpm,"A classical piece with a string section, piano, bass and drums playing."
353,30.601856077326023,0.9000634127732636,0.021328570321202278,0.8341626226902008,ddpm,"A classical piece with a string section, piano, bass and drums playing."
354,31.443969056006644,0.8892395810463765,0.018390584737062454,0.6384779140353203,ddpm,"A classical piece with a string section, piano, bass and drums playing."
355,31.13031054689239,0.8957409316088106,0.02064908668398857,1.3342981934547424,ddpm,"A classical piece with a string section, piano, bass and drums playing."
356,33.934754945193475,0.9374097474897999,0.014098210260272026,0.6862888336181641,ddpm,A recording of an old classical song.
357,31.29308696707694,0.9521126436125446,0.01978471502661705,0.48331722617149353,ddpm,A recording of an old classical song.
358,32.61657764613815,0.8957442357069779,0.015092270448803902,0.7193755209445953,ddpm,A recording of an old classical song.
359,31.770995980386164,0.9436001157671796,0.016299841925501823,0.39700356125831604,ddpm,A recording of an old classical song.
360,32.1934962571084,0.9288773705850758,0.0167213287204504,0.8715458810329437,ddpm,"A high quality recording of a man singing, and a piano, bass and drums playing."
361,32.46417860143358,0.9389030522613132,0.014386216178536415,0.3765890747308731,ddpm,"A high quality recording of a man singing, and a piano, bass and drums playing."
362,30.99102321146363,0.9115593350384454,0.020579757168889046,0.7637462317943573,ddpm,"A high quality recording of a man singing, and a piano, bass and drums playing."
363,32.388729297455136,0.9040322303050928,0.015833310782909393,0.6919358372688293,ddpm,"A high quality recording of a man singing, and a piano, bass and drums playing."
364,31.395956550783758,0.891641807252242,0.01903838850557804,0.8468225002288818,ddpm,A recording of a dramatic Chinese music piece.
365,34.83655003589547,0.9390774242170677,0.00884188525378704,0.6060243248939514,ddpm,A recording of a dramatic Chinese music piece.
366,35.13771661206865,0.9669789301517792,0.007308469153940678,0.3772973567247391,ddpm,A recording of a dramatic Chinese music piece.
367,31.537116877964515,0.8939706160773894,0.01832524687051773,0.5844588130712509,ddpm,A recording of a dramatic Chinese music piece.
368,30.750048644594152,0.9369452118352016,0.020096905529499054,0.6465225964784622,ddpm,A saxophone playing a melody and then slowly a violin joins and more strings and they play a happy emotional song.
369,31.291192093560568,0.9131365137390651,0.020188819617033005,0.7705985307693481,ddpm,A saxophone playing a melody and then slowly a violin joins and more strings and they play a happy emotional song.
370,31.582394985606697,0.9044642087167025,0.019143080338835716,1.3026264905929565,ddpm,A saxophone playing a melody and then slowly a violin joins and more strings and they play a happy emotional song.
371,32.56666423625302,0.9396543845498175,0.013113599270582199,0.37102773040533066,ddpm,A saxophone playing a melody and then slowly a violin joins and more strings and they play a happy emotional song.
372,31.156575868396686,0.918840530868978,0.020148588344454765,0.7765906155109406,ddpm,"A woman is singing a country song with a violin, bass and drums playing in the background."
373,31.248252567215502,0.9166713087795471,0.01973344013094902,0.8555087745189667,ddpm,"A woman is singing a country song with a violin, bass and drums playing in the background."
374,30.83059924468436,0.9153522447036914,0.02045348286628723,0.870494157075882,ddpm,"A woman is singing a country song with a violin, bass and drums playing in the background."
375,33.237921893723225,0.9339575137446625,0.014711088500916958,0.45685067772865295,ddpm,"A woman is singing a country song with a violin, bass and drums playing in the background."
376,31.641785595272395,0.9483369897998737,0.015948673710227013,0.29910263791680336,ddpm,A recording of a classical song.
377,31.87780134648085,0.8253711241643538,0.017385127022862434,0.9873365759849548,ddpm,A recording of a classical song.
378,32.39782711543886,0.9006870367051457,0.015478694811463356,0.5678148865699768,ddpm,A recording of a classical song.
379,32.29985360415333,0.9210751577274491,0.01736060157418251,0.7711817622184753,ddpm,A recording of a classical song.
380,30.4201335674012,0.891687907368047,0.022170623764395714,0.7121992409229279,ddpm,Flutes playing alongside a woman vocalizing a happy upbeat melody.
381,33.739579329138806,0.9205405308491094,0.010362700559198856,0.5942658483982086,ddpm,Flutes playing alongside a woman vocalizing a happy upbeat melody.
382,30.271580554811642,0.880366598793101,0.02306133508682251,1.5864074230194092,ddpm,Flutes playing alongside a woman vocalizing a happy upbeat melody.
383,31.70740224781674,0.887785993314785,0.018937624990940094,0.9562419354915619,ddpm,Flutes playing alongside a woman vocalizing a happy upbeat melody.
384,30.881706131104366,0.8695913910213648,0.020618809387087822,0.7601413428783417,ddpm,"Trumpets playing alongside a piano, bass and drums in an upbeat old-timey cool jazz song."
385,32.3379377196879,0.9259383611477882,0.015098352916538715,0.4692470617592335,ddpm,"Trumpets playing alongside a piano, bass and drums in an upbeat old-timey cool jazz song."
386,31.934970253629743,0.9146064456009385,0.017135651782155037,0.5717377960681915,ddpm,"Trumpets playing alongside a piano, bass and drums in an upbeat old-timey cool jazz song."
387,31.845504772204414,0.9093092458564391,0.01746286079287529,0.4508053958415985,ddpm,"Trumpets playing alongside a piano, bass and drums in an upbeat old-timey cool jazz song."
388,31.786288199603135,0.9109819674496142,0.01795295812189579,0.6612469404935837,ddpm,"A high quality recording of a man singing while a piano, bass and drums accompany him."
389,31.200736237360957,0.9189956092603119,0.01979741081595421,0.8007508814334869,ddpm,"A high quality recording of a man singing while a piano, bass and drums accompany him."
390,31.503388863985823,0.863711059062442,0.01865297183394432,0.7069717943668365,ddpm,"A high quality recording of a man singing while a piano, bass and drums accompany him."
391,33.12245166686172,0.9369811329588467,0.013216325081884861,0.5649219304323196,ddpm,"A high quality recording of a man singing while a piano, bass and drums accompany him."
392,33.173789429486135,0.9079235061601623,0.016040023416280746,0.8320651650428772,ddpm,"A techno song of a synthesizer playing while a guitar, bass and drums are playing in the background."
393,31.349438370499655,0.8639964367540431,0.019451292231678963,0.8712262213230133,ddpm,"A techno song of a synthesizer playing while a guitar, bass and drums are playing in the background."
394,31.930087736618038,0.8964858273625519,0.018231209367513657,0.8471702337265015,ddpm,"A techno song of a synthesizer playing while a guitar, bass and drums are playing in the background."
395,32.451426107242334,0.8809124572818066,0.017586497589945793,0.9280515313148499,ddpm,"A techno song of a synthesizer playing while a guitar, bass and drums are playing in the background."
396,31.809488788146098,0.8885755570028626,0.016973070800304413,0.8860146701335907,ddpm,"strings, bass and drums playing."
397,36.2488683715826,0.9598495780007975,0.006137450225651264,0.3289630264043808,ddpm,"strings, bass and drums playing."
398,32.9095769369504,0.8814475998143001,0.01547204703092575,0.6538249179720879,ddpm,"strings, bass and drums playing."
399,31.09549518669601,0.8818956919837975,0.01860789954662323,0.46791841834783554,ddpm,"strings, bass and drums playing."
400,31.730409004385006,0.892822267056503,0.018332455307245255,0.8715440928936005,ddpm,"A rock song of a guitar, bass and drums are playing in the background."
401,31.120728282161675,0.9039359474159923,0.020246179774403572,0.6977871656417847,ddpm,"A rock song of a guitar, bass and drums are playing in the background."
402,31.93122248300341,0.9148155238135314,0.018694812431931496,0.6642971336841583,ddpm,"A rock song of a guitar, bass and drums are playing in the background."
403,30.54305425512013,0.8705038472361962,0.0223128329962492,1.0117310881614685,ddpm,"A rock song of a guitar, bass and drums are playing in the background."
404,32.98663659001813,0.8960990121683325,0.01540987566113472,0.618620753288269,ddpm,A high quality recording of a rock band playing a slow metal song.
405,33.410667041689315,0.9061060227129658,0.014394551515579224,0.8391450643539429,ddpm,A high quality recording of a rock band playing a slow metal song.
406,32.390194978085205,0.9098129301889464,0.016480570659041405,0.6079605966806412,ddpm,A high quality recording of a rock band playing a slow metal song.
407,31.601497355063024,0.8122187587913898,0.017270801588892937,0.7380995899438858,ddpm,A high quality recording of a rock band playing a slow metal song.
408,32.26518104405311,0.9199126828170756,0.017309065908193588,0.8643285632133484,ddpm,"Arabic strings, flutes, and harp playing calm happy Arabic music."
409,31.94663311902279,0.8781209921737702,0.016413113102316856,0.6359739750623703,ddpm,"Arabic strings, flutes, and harp playing calm happy Arabic music."
410,31.12597398948956,0.8861539281273058,0.02020970731973648,0.8989164233207703,ddpm,"Arabic strings, flutes, and harp playing calm happy Arabic music."
411,31.32097297322648,0.882540335697468,0.018160661682486534,0.7068789303302765,ddpm,"Arabic strings, flutes, and harp playing calm happy Arabic music."
412,29.94240581437961,0.9020453655490339,0.023251056671142578,0.6295607388019562,ddpm,A recording of a scary techno song.
413,33.12647458045505,0.965899798984208,0.008749726228415966,0.28939153999090195,ddpm,A recording of a scary techno song.
414,32.5215197955684,0.8870851677603757,0.016930941492319107,0.8003566265106201,ddpm,A recording of a scary techno song.
415,30.696183085323014,0.8702079175812731,0.02086731418967247,0.6731506288051605,ddpm,A recording of a scary techno song.
416,31.803387965222964,0.8879552533602033,0.01911596581339836,0.88315749168396,ddpm,A rock band playing rock music. You can hear guitars and a piano.
417,32.9125348311248,0.9167511016347342,0.01647035777568817,0.8523184359073639,ddpm,A rock band playing rock music. You can hear guitars and a piano.
418,30.77676671353043,0.908372178062825,0.02131662331521511,0.7931516468524933,ddpm,A rock band playing rock music. You can hear guitars and a piano.
419,32.65426262927715,0.9033645028377856,0.017192425206303596,0.7403220385313034,ddpm,A rock band playing rock music. You can hear guitars and a piano.
420,32.248645505097016,0.9129082127240409,0.012538163922727108,0.7160383462905884,ddpm,A recording of a dramatic epic Arabic piece.
421,32.55435288719357,0.9229952650088213,0.013464467599987984,0.6246873438358307,ddpm,A recording of a dramatic epic Arabic piece.
422,33.27300107149372,0.9288432014854007,0.013572927564382553,0.4795251190662384,ddpm,A recording of a dramatic epic Arabic piece.
423,33.6555521952568,0.9347112580991829,0.010980670340359211,0.44668643176555634,ddpm,A recording of a dramatic epic Arabic piece.
424,32.07639049352433,0.8842940123381554,0.01803477667272091,0.8024978041648865,ddpm,A high quality recording of a violin playing while an orchestra play in the background.
425,32.212105264242446,0.8984788009287827,0.016646280884742737,0.7245368659496307,ddpm,A high quality recording of a violin playing while an orchestra play in the background.
426,31.121568117939926,0.9304623337371204,0.019881894811987877,0.7382325530052185,ddpm,A high quality recording of a violin playing while an orchestra play in the background.
427,31.384897811455502,0.9089791969101333,0.019049372524023056,0.737745463848114,ddpm,A high quality recording of a violin playing while an orchestra play in the background.
428,31.171174687513812,0.8872443528986987,0.019772958010435104,0.6390159279108047,ddpm,A high quality recording of drums and strings playing.
429,31.30432626842895,0.88244073920159,0.016550039872527122,0.7454628497362137,ddpm,A high quality recording of drums and strings playing.
430,32.77131016480539,0.917468967428681,0.015492078848183155,0.40554649382829666,ddpm,A high quality recording of drums and strings playing.
431,32.32034991662686,0.8793819276307702,0.01631772518157959,0.6941999197006226,ddpm,A high quality recording of drums and strings playing.
432,32.62173397555139,0.8956014288021624,0.01624337024986744,0.5947299003601074,ddpm,"A trumpet playing a cool jazz melody, with an accompaniment of a piano, bass and drums."
433,32.83602972413561,0.9102698132429311,0.015631644055247307,0.6093898117542267,ddpm,"A trumpet playing a cool jazz melody, with an accompaniment of a piano, bass and drums."
434,32.09389148695786,0.9516969458908333,0.015693774446845055,0.3505297154188156,ddpm,"A trumpet playing a cool jazz melody, with an accompaniment of a piano, bass and drums."
435,31.220567384251762,0.945770276566763,0.018390605226159096,0.3969910964369774,ddpm,"A trumpet playing a cool jazz melody, with an accompaniment of a piano, bass and drums."
436,33.81637965630759,0.9315456586115138,0.012436572462320328,0.39156080037355423,ddpm,A high quality recording of a woman singing with an orchestra accompaniment.
437,32.369742168973836,0.9264894574291886,0.015636010095477104,0.6114036440849304,ddpm,A high quality recording of a woman singing with an orchestra accompaniment.
438,31.534218699021594,0.9281246420602166,0.01937786117196083,0.9466385543346405,ddpm,A high quality recording of a woman singing with an orchestra accompaniment.
439,31.30161919497539,0.9090105895391299,0.019246747717261314,0.8754171431064606,ddpm,A high quality recording of a woman singing with an orchestra accompaniment.
440,31.436372711828525,0.8953542993335062,0.018552154302597046,0.5848002433776855,ddpm,"A jazz song with a trumpet, bass and drums playing."
441,32.076091540126924,0.9225862866013873,0.017722327262163162,0.4572988897562027,ddpm,"A jazz song with a trumpet, bass and drums playing."
442,32.337866782156716,0.9336351191402618,0.0128396051004529,0.6151718348264694,ddpm,"A jazz song with a trumpet, bass and drums playing."
443,31.50741580227361,0.9146585666151239,0.017205795273184776,0.4881954714655876,ddpm,"A jazz song with a trumpet, bass and drums playing."
444,31.68408287544529,0.918903326300097,0.01865020953118801,0.6446848213672638,ddpm,A rhythmic song with a synthesizer and drums playing.
445,33.01294828177201,0.9074476110988918,0.01619664765894413,0.9921926259994507,ddpm,A rhythmic song with a synthesizer and drums playing.
446,31.466850715907615,0.9252990466705374,0.01981194131076336,0.8348955810070038,ddpm,A rhythmic song with a synthesizer and drums playing.
447,31.14372749367835,0.8862552364651092,0.019550655037164688,0.835866391658783,ddpm,A rhythmic song with a synthesizer and drums playing.
448,31.483726996353425,0.8895286515878627,0.019390039145946503,0.7869648337364197,ddpm,"a saxophone, flute, piano, bass and drums playing."
449,31.122923077812295,0.8839428135605867,0.019440600648522377,0.6240237280726433,ddpm,"a saxophone, flute, piano, bass and drums playing."
450,31.81706223018399,0.8812563254377395,0.01806831732392311,0.7101949751377106,ddpm,"a saxophone, flute, piano, bass and drums playing."
451,33.18468724223796,0.9076445149587317,0.014997623860836029,0.6480128765106201,ddpm,"a saxophone, flute, piano, bass and drums playing."
452,32.29404703440386,0.8782216057418909,0.017402920871973038,1.1173757910728455,ddpm,A recording of a sad and mysterious classical music piece.
453,30.53573812977401,0.8765569167306866,0.021875863894820213,0.9324744641780853,ddpm,A recording of a sad and mysterious classical music piece.
454,32.928183851477705,0.9338509018169989,0.01342182420194149,0.4760350435972214,ddpm,A recording of a sad and mysterious classical music piece.
455,32.72526817987285,0.9342939211673721,0.015135770663619041,0.4913511276245117,ddpm,A recording of a sad and mysterious classical music piece.
456,31.49673225952034,0.8999229504546566,0.018173351883888245,0.7338311076164246,ddpm,A synthesizer playing a scary arcade game melody with another synthesizer accompaniment in the background.
457,32.80872172758711,0.9694452570071255,0.011612572707235813,0.3617187738418579,ddpm,A synthesizer playing a scary arcade game melody with another synthesizer accompaniment in the background.
458,32.081056459574555,0.8013434663933953,0.01837407797574997,1.3096339106559753,ddpm,A synthesizer playing a scary arcade game melody with another synthesizer accompaniment in the background.
459,31.54864300887237,0.9387407607793824,0.01667148619890213,0.41266852617263794,ddpm,A synthesizer playing a scary arcade game melody with another synthesizer accompaniment in the background.
460,33.8673203191908,0.9185350609826755,0.011942420154809952,0.49107520282268524,ddpm,"Strings, flutes, and harp playing an angry metal song."
461,31.676652660585354,0.9013436807475415,0.017786769196391106,0.5315636359155178,ddpm,"Strings, flutes, and harp playing an angry metal song."
462,32.99206137451004,0.9461744604606438,0.012833807617425919,0.3799847513437271,ddpm,"Strings, flutes, and harp playing an angry metal song."
463,31.596233730193866,0.8966577765290575,0.017619287595152855,0.6580073833465576,ddpm,"Strings, flutes, and harp playing an angry metal song."
464,33.07366998731552,0.9278887417125466,0.015415506437420845,0.622083455324173,ddpm,A recording of a string quartet playing.
465,32.136136975313455,0.9366213311992677,0.016247015446424484,0.6637882739305496,ddpm,A recording of a string quartet playing.
466,31.43341218776105,0.9281090169311024,0.019052812829613686,0.6839935183525085,ddpm,A recording of a string quartet playing.
467,33.6585806250367,0.8827047424529235,0.012914542108774185,0.5888562947511673,ddpm,A recording of a string quartet playing.
468,31.79025531752483,0.9247993359443241,0.016806291416287422,0.6125329583883286,ddpm,A recording of a slow reggae song.
469,30.66300838658443,0.9141856462512185,0.020540473982691765,0.6359404027462006,ddpm,A recording of a slow reggae song.
470,32.19280896107469,0.8725733299891436,0.017341967672109604,0.8843294382095337,ddpm,A recording of a slow reggae song.
471,33.270640567235,0.9414594279454024,0.012489891611039639,0.5860397815704346,ddpm,A recording of a slow reggae song.
472,33.14201958049451,0.956923943181175,0.01068124733865261,0.37842118740081787,ddpm,A recording of a happy upbeat arcade game soundtrack.
473,30.996160808478827,0.9147072839068955,0.019162656739354134,0.7736265361309052,ddpm,A recording of a happy upbeat arcade game soundtrack.
474,32.27712712913022,0.9384509470256336,0.01582575961947441,0.42355185747146606,ddpm,A recording of a happy upbeat arcade game soundtrack.
475,31.383556714681703,0.8807191669356108,0.017844708636403084,0.5621971786022186,ddpm,A recording of a happy upbeat arcade game soundtrack.
476,30.108125381128445,0.8698011560420266,0.02310660481452942,0.9368028938770294,ddpm,A recording of an upbeat hip hop song.
477,30.87127615113847,0.8889313671332927,0.019913701340556145,0.46746155619621277,ddpm,A recording of an upbeat hip hop song.
478,31.014182424006684,0.8561547596324616,0.020163176581263542,1.0087262094020844,ddpm,A recording of an upbeat hip hop song.
479,31.688152559637842,0.9343898235894307,0.01859370619058609,0.6475686430931091,ddpm,A recording of an upbeat hip hop song.
480,31.235145716063503,0.8994792358308458,0.01984313130378723,0.8062723278999329,ddpm,"A man is singing while a guitar, bass and drums playing in the background an angry metal song."
481,31.95819816879739,0.8929565362008703,0.018535878509283066,0.9824925065040588,ddpm,"A man is singing while a guitar, bass and drums playing in the background an angry metal song."
482,32.0909856399182,0.9301370714746094,0.01738131418824196,0.6204833388328552,ddpm,"A man is singing while a guitar, bass and drums playing in the background an angry metal song."
483,30.274746188651214,0.8838543919235432,0.0221566092222929,0.9233367145061493,ddpm,"A man is singing while a guitar, bass and drums playing in the background an angry metal song."
484,33.838726512173515,0.9462266783744001,0.01135407853871584,0.37756603583693504,ddpm,"A high quality recording of a saxophone, bass and drums playing."
485,32.567695915371324,0.9392108345386515,0.015818940475583076,0.5232154726982117,ddpm,"A high quality recording of a saxophone, bass and drums playing."
486,32.23601196387078,0.8825369525905437,0.016719095408916473,0.6477832198143005,ddpm,"A high quality recording of a saxophone, bass and drums playing."
487,31.788009997308166,0.9303630241836621,0.017637532204389572,0.7945678532123566,ddpm,"A high quality recording of a saxophone, bass and drums playing."
488,30.732508916341178,0.9023891221560839,0.019290506839752197,0.8429847955703735,ddpm,A recording of a cool calm techno song.
489,33.64088792442412,0.9338398244344905,0.014304748736321926,0.5064519941806793,ddpm,A recording of a cool calm techno song.
490,31.663166775552938,0.9141515525436509,0.017408618703484535,0.4095862805843353,ddpm,A recording of a cool calm techno song.
491,31.198553111717597,0.8799810757805995,0.02047334983944893,0.8659650534391403,ddpm,A recording of a cool calm techno song.
492,35.61324639292277,0.9393448107051717,0.007826773449778557,0.3731594383716583,ddpm,"A high quality recording of a guitars, bass, drums and piano playing."
493,32.716522350525935,0.929992066011326,0.014853460714221,0.7191768288612366,ddpm,"A high quality recording of a guitars, bass, drums and piano playing."
494,31.320145162845353,0.8696377616562079,0.019666297361254692,0.779720664024353,ddpm,"A high quality recording of a guitars, bass, drums and piano playing."
495,31.17004020661473,0.9124406725287003,0.018824562430381775,0.5128272473812103,ddpm,"A high quality recording of a guitars, bass, drums and piano playing."
496,30.96488711485836,0.9364823187891025,0.020498592406511307,0.6211898028850555,ddpm,A high quality recording of flutes and a trumpet playing.
497,30.597392494062827,0.8762408329056519,0.021092906594276428,0.7129295468330383,ddpm,A high quality recording of flutes and a trumpet playing.
498,29.34747103724579,0.9118081132475151,0.02404145337641239,0.7005488872528076,ddpm,A high quality recording of flutes and a trumpet playing.
499,31.752296629687784,0.89826125582663,0.017454180866479874,0.5148493051528931,ddpm,A high quality recording of flutes and a trumpet playing.
500,30.964590642527003,0.9364797266423858,0.020245391875505447,0.5965880751609802,ddpm,"A high quality recording of strings, trumpets and drums playing."
501,32.93016876967026,0.9135108647205412,0.015058514662086964,0.4311770796775818,ddpm,"A high quality recording of strings, trumpets and drums playing."
502,33.05220591601295,0.9583530592135511,0.011268047615885735,0.3202029764652252,ddpm,"A high quality recording of strings, trumpets and drums playing."
503,31.82203832237077,0.9426072979188734,0.01688818261027336,0.5208433568477631,ddpm,"A high quality recording of strings, trumpets and drums playing."
504,31.297155434465978,0.9020034328895763,0.019587552174925804,0.601710356771946,ddpm,A recording of Arabic instruments playing.
505,30.648761187763597,0.9280976377829091,0.021168136969208717,0.6471409797668457,ddpm,A recording of Arabic instruments playing.
506,30.63291983381908,0.9123363217916982,0.020698338747024536,0.6277056038379669,ddpm,A recording of Arabic instruments playing.
507,31.351978570263697,0.9132292709271702,0.019521480426192284,0.5328504294157028,ddpm,A recording of Arabic instruments playing.
508,31.881850397834196,0.9094789703960302,0.0177077054977417,0.5735971033573151,ddpm,A cool old rock song of a man singing while a guitar and drums accompany him.
509,31.768174007498864,0.8743806434691654,0.018330851569771767,0.9260968565940857,ddpm,A cool old rock song of a man singing while a guitar and drums accompany him.
510,32.6417223022849,0.9390073642529724,0.014926809817552567,0.389068104326725,ddpm,A cool old rock song of a man singing while a guitar and drums accompany him.
511,32.14226373991838,0.9236446086093306,0.017903922125697136,0.9908341765403748,ddpm,A cool old rock song of a man singing while a guitar and drums accompany him.
512,32.41298991987361,0.9027985259986093,0.017729856073856354,1.3936848640441895,ddpm,A recording of a happy classical music piece.
513,32.681772389546296,0.9285288040540574,0.014357786625623703,0.2736395690590143,ddpm,A recording of a happy classical music piece.
514,32.18918239902896,0.9136386843250147,0.014370330609381199,0.46810826659202576,ddpm,A recording of a happy classical music piece.
515,30.832718521233296,0.9365158034472744,0.018741587176918983,0.45878250896930695,ddpm,A recording of a happy classical music piece.
516,33.4452477668556,0.8936145982498974,0.012798840180039406,0.5629641264677048,ddpm,A recording of a scary classical music piece.
517,31.568344263660375,0.9408973148270467,0.0172681026160717,0.45642854273319244,ddpm,A recording of a scary classical music piece.
518,31.58589564695356,0.9190301053451926,0.017374424263834953,0.5160749703645706,ddpm,A recording of a scary classical music piece.
519,32.96567714844373,0.9600196632184637,0.012441958300769329,0.34714971482753754,ddpm,A recording of a scary classical music piece.
520,31.537828915506317,0.9010152112756501,0.017809996381402016,0.5841785073280334,ddpm,A recording of a mysterious Arabic song.
521,31.187070484409887,0.9159712286158376,0.020757365971803665,0.7061164677143097,ddpm,A recording of a mysterious Arabic song.
522,30.47111749186106,0.8851330405123451,0.020120469853281975,0.7263665497303009,ddpm,A recording of a mysterious Arabic song.
523,31.515635479539373,0.917004924423746,0.01671534776687622,0.3639340437948704,ddpm,A recording of a mysterious Arabic song.
524,31.612605760639955,0.933498888028864,0.01797003485262394,0.38958604633808136,ddpm,"A high quality recording of electric keyboard, bass and drums playing."
525,32.314778905540706,0.8776175667069153,0.015959955751895905,0.4155330155044794,ddpm,"A high quality recording of electric keyboard, bass and drums playing."
526,32.83609431880072,0.9322233580056726,0.01603146456182003,0.4670702666044235,ddpm,"A high quality recording of electric keyboard, bass and drums playing."
527,32.08744319104516,0.8612970541341924,0.017352193593978882,1.0730162858963013,ddpm,"A high quality recording of electric keyboard, bass and drums playing."
528,31.688537170772175,0.8624691710116194,0.018598871305584908,1.0511654615402222,ddpm,An orchestra playing classical music. You can hear flutes and strings.
529,31.46356735307385,0.8699819112091022,0.018522024154663086,0.8880288004875183,ddpm,An orchestra playing classical music. You can hear flutes and strings.
530,31.117568304277423,0.8852024810926079,0.01968643255531788,0.7343617081642151,ddpm,An orchestra playing classical music. You can hear flutes and strings.
531,31.550175220897437,0.9154356484476486,0.017459219321608543,0.8334730267524719,ddpm,An orchestra playing classical music. You can hear flutes and strings.
532,32.51171632837883,0.9355274091377722,0.014786862768232822,0.5400619655847549,ddpm,A high quality recording of a guitar and violins playing a happy and emotional  piece.
533,32.55379907535021,0.9131922916003931,0.01616642251610756,0.6034212112426758,ddpm,A high quality recording of a guitar and violins playing a happy and emotional  piece.
534,30.489696450821775,0.9293199472440485,0.021022334694862366,0.7745857536792755,ddpm,A high quality recording of a guitar and violins playing a happy and emotional  piece.
535,32.40921209327324,0.858923556449279,0.015806157141923904,1.2164305448532104,ddpm,A high quality recording of a guitar and violins playing a happy and emotional  piece.
536,32.64199603259472,0.9134156668706218,0.016806915402412415,0.9496291279792786,ddpm,A recording of a tense classical music score.
537,34.28470042742746,0.9124342255253333,0.01066244300454855,0.55893424898386,ddpm,A recording of a tense classical music score.
538,30.76334449730824,0.9274395205236725,0.0198709387332201,0.696599617600441,ddpm,A recording of a tense classical music score.
539,33.02109458960884,0.910017653354438,0.013509122654795647,0.49059510231018066,ddpm,A recording of a tense classical music score.
540,33.0056415255551,0.9050881858234714,0.015008357353508472,0.5535317957401276,ddpm,A metal band playing metal music.
541,30.459765429620095,0.8625709758911704,0.021696144714951515,0.8989490270614624,ddpm,A metal band playing metal music.
542,32.26026019241735,0.9257412893419723,0.01606304571032524,0.31291099451482296,ddpm,A metal band playing metal music.
543,34.76159324642306,0.9535285747769314,0.008157722651958466,0.6113024353981018,ddpm,A metal band playing metal music.
544,31.17148842501441,0.872762164971358,0.02039327844977379,1.1578140258789062,ddpm,A recording of happy Chinese music.
545,32.43374966883246,0.918689283546305,0.01494673639535904,0.5098544396460056,ddpm,A recording of happy Chinese music.
546,31.057631896383775,0.900616646617305,0.019684506580233574,0.5939738154411316,ddpm,A recording of happy Chinese music.
547,31.498252036951627,0.8974744244529478,0.019420700147747993,1.0328761339187622,ddpm,A recording of happy Chinese music.
548,31.65186940092258,0.8969594994205171,0.017761575058102608,0.8973689675331116,ddpm,"Strings, flutes, and harp playing calm happy rock music."
549,33.347522606019126,0.920269855125135,0.015179906040430069,0.922690749168396,ddpm,"Strings, flutes, and harp playing calm happy rock music."
550,31.900435712003045,0.9162843577363652,0.018921086564660072,1.1804568767547607,ddpm,"Strings, flutes, and harp playing calm happy rock music."
551,32.888660795606654,0.9165296166977732,0.015262859873473644,1.007965236902237,ddpm,"Strings, flutes, and harp playing calm happy rock music."
552,35.586991393347446,0.9052571996465332,0.007810311391949654,0.4986449331045151,ddpm,A recording of an old timey rock song from the sixties.
553,33.87822006574246,0.9278393399843753,0.0107080964371562,0.8566244542598724,ddpm,A recording of an old timey rock song from the sixties.
554,30.667529150273836,0.9002993934703731,0.020928598940372467,0.6756373941898346,ddpm,A recording of an old timey rock song from the sixties.
555,30.986786383336234,0.9086662858507054,0.01918809302151203,0.5523187145590782,ddpm,A recording of an old timey rock song from the sixties.
556,31.61072164131065,0.9074035298656992,0.01918131485581398,0.5658269226551056,ddpm,"A jazz song with a saxophone, trumpet, guitar, bass and drums playing."
557,32.38462894809842,0.9083466066247338,0.016614891588687897,0.7474643439054489,ddpm,"A jazz song with a saxophone, trumpet, guitar, bass and drums playing."
558,31.790842764939544,0.9184295835423059,0.017506053671240807,0.3995983526110649,ddpm,"A jazz song with a saxophone, trumpet, guitar, bass and drums playing."
559,29.25152728598416,0.9291709556155716,0.02483048290014267,0.5183147192001343,ddpm,"A jazz song with a saxophone, trumpet, guitar, bass and drums playing."
560,31.746509339567417,0.870059188476718,0.018886102363467216,1.3285675048828125,ddpm,"A banjo is playing a country song, accompanied by guitar and drums."
561,32.138468184720715,0.9062162526191249,0.016967307776212692,0.992649495601654,ddpm,"A banjo is playing a country song, accompanied by guitar and drums."
562,32.07330945975403,0.906980256871192,0.017145328223705292,0.449496790766716,ddpm,"A banjo is playing a country song, accompanied by guitar and drums."
563,33.24535083672475,0.9289967142638085,0.013820658437907696,0.44344717264175415,ddpm,"A banjo is playing a country song, accompanied by guitar and drums."
564,32.37579510804879,0.8955339008542025,0.017114659771323204,0.682636171579361,ddpm,A recording of a jazz song.
565,30.838410809102403,0.894562982114426,0.020877161994576454,1.02197727560997,ddpm,A recording of a jazz song.
566,33.93968968440029,0.9342340689536563,0.010638318955898285,0.3559911847114563,ddpm,A recording of a jazz song.
567,33.62687233794473,0.9556728295855685,0.00917012244462967,0.2801525332033634,ddpm,A recording of a jazz song.
568,30.29825712228731,0.8708685204366458,0.02225545048713684,0.7979803383350372,ddpm,A high quality recording of a woman singing while a piano and drums play in the background.
569,30.506559003388958,0.8911142141770767,0.020847102627158165,0.6301483660936356,ddpm,A high quality recording of a woman singing while a piano and drums play in the background.
570,30.967258933436984,0.940396874580675,0.018264858052134514,0.6079313457012177,ddpm,A high quality recording of a woman singing while a piano and drums play in the background.
571,31.21421005106796,0.9266100572581267,0.019111881032586098,0.6057136356830597,ddpm,A high quality recording of a woman singing while a piano and drums play in the background.
572,32.37405131661471,0.8538647288841309,0.01717499829828739,0.7317315340042114,ddpm,"A death metal song of a man singing while an electric guitar, bass and drums are playing in the background."
573,33.09406485501072,0.9221819287014625,0.013674426823854446,0.454581331461668,ddpm,"A death metal song of a man singing while an electric guitar, bass and drums are playing in the background."
574,31.584497116362165,0.893447722059135,0.018884621560573578,0.7775374054908752,ddpm,"A death metal song of a man singing while an electric guitar, bass and drums are playing in the background."
575,33.311871529510825,0.9268437571303308,0.012812044471502304,0.6930600702762604,ddpm,"A death metal song of a man singing while an electric guitar, bass and drums are playing in the background."
576,31.217888899945436,0.9286885485300942,0.017533153295516968,0.5750987082719803,ddpm,"A jazz song with a saxophone, trumpet, piano, bass and drums playing."
577,32.86028740582182,0.9278744548840635,0.015447170473635197,0.6061355322599411,ddpm,"A jazz song with a saxophone, trumpet, piano, bass and drums playing."
578,31.205679115131325,0.915352771279898,0.018638743087649345,0.5805938690900803,ddpm,"A jazz song with a saxophone, trumpet, piano, bass and drums playing."
579,32.267667133944435,0.9168155942373643,0.01663247123360634,0.5291847139596939,ddpm,"A jazz song with a saxophone, trumpet, piano, bass and drums playing."
580,32.87898090044182,0.9228657727200926,0.014637380838394165,0.547273576259613,ddpm,"Guitars, saxophones, and piano playing calm happy jazz music."
581,32.39460381854743,0.9383625345572176,0.015851495787501335,0.5437775105237961,ddpm,"Guitars, saxophones, and piano playing calm happy jazz music."
582,32.41812455162078,0.926332386170345,0.016312245279550552,0.8259762227535248,ddpm,"Guitars, saxophones, and piano playing calm happy jazz music."
583,31.27058180821105,0.9155538971187119,0.017126353457570076,0.453811451792717,ddpm,"Guitars, saxophones, and piano playing calm happy jazz music."
584,33.49368106466259,0.9466979469878692,0.014714672230184078,0.6069700419902802,ddpm,"A high quality recording of a rock song. a woman singing while a guitar, bass and drums playing in the background, when later a man joins."
585,31.15781088112092,0.8842926638682759,0.02026478387415409,1.2086126804351807,ddpm,"A high quality recording of a rock song. a woman singing while a guitar, bass and drums playing in the background, when later a man joins."
586,32.92160974488922,0.9437162101521812,0.016207382082939148,0.6368454098701477,ddpm,"A high quality recording of a rock song. a woman singing while a guitar, bass and drums playing in the background, when later a man joins."
587,32.4383740968826,0.9162350718970304,0.01662459596991539,0.5570236146450043,ddpm,"A high quality recording of a rock song. a woman singing while a guitar, bass and drums playing in the background, when later a man joins."
588,31.68926339915421,0.9427526219827198,0.017088623717427254,0.387935534119606,ddpm,"A saxophone, piano, bass and drums playing a cool happy song."
589,32.50328195807985,0.9109759471393906,0.015362306497991085,0.4537712335586548,ddpm,"A saxophone, piano, bass and drums playing a cool happy song."
590,29.881486704098176,0.8708934794727011,0.02336413972079754,0.8599329590797424,ddpm,"A saxophone, piano, bass and drums playing a cool happy song."
591,31.184943370809965,0.9123460752997639,0.02004561759531498,0.9326872229576111,ddpm,"A saxophone, piano, bass and drums playing a cool happy song."
592,32.48370399792588,0.9247437289560136,0.017374474555253983,0.7922788560390472,ddpm,"A guitar playing a cool rock melody while an electric keyboard, bass and drums play in the background."
593,32.851249744334744,0.9129296255535672,0.015104362741112709,0.6869602203369141,ddpm,"A guitar playing a cool rock melody while an electric keyboard, bass and drums play in the background."
594,31.90684597445967,0.9074470925570732,0.01816047914326191,0.8346139192581177,ddpm,"A guitar playing a cool rock melody while an electric keyboard, bass and drums play in the background."
595,31.48275006157523,0.9051887498623374,0.015785126015543938,0.440278559923172,ddpm,"A guitar playing a cool rock melody while an electric keyboard, bass and drums play in the background."
596,31.349023786179103,0.9212287769837683,0.019216187298297882,0.6439154595136642,ddpm,An orchestra playing an epic movie soundtrack score. You can hear flutes and strings.
597,32.233373203745785,0.9330514233605202,0.01669119857251644,0.5642944723367691,ddpm,An orchestra playing an epic movie soundtrack score. You can hear flutes and strings.
598,32.233595911743244,0.9264661846995184,0.01691173017024994,0.6285527646541595,ddpm,An orchestra playing an epic movie soundtrack score. You can hear flutes and strings.
599,31.225438371664758,0.9120117981454835,0.017481643706560135,0.5384289473295212,ddpm,An orchestra playing an epic movie soundtrack score. You can hear flutes and strings.
600,30.88107577442591,0.9264448879316018,0.01962495967745781,0.6803318560123444,ddpm,Flutes playing classical music.
601,29.451873286968933,0.8906279179312933,0.024217890575528145,0.7666027843952179,ddpm,Flutes playing classical music.
602,30.24331401701827,0.8882787341624111,0.02230457030236721,0.963767409324646,ddpm,Flutes playing classical music.
603,31.270244492363904,0.9219035450757077,0.01928851567208767,0.5975860059261322,ddpm,Flutes playing classical music.
604,29.69574348172516,0.8047638218526011,0.023753127083182335,0.9603309631347656,ddpm,A recording of a cool rhythmic arcade game soundtrack.
605,31.97271973858649,0.8877935273286434,0.01715322956442833,0.8134208619594574,ddpm,A recording of a cool rhythmic arcade game soundtrack.
606,31.347933049773225,0.8940982925074537,0.01979430764913559,0.8353798091411591,ddpm,A recording of a cool rhythmic arcade game soundtrack.
607,32.402922975624065,0.9211434735192767,0.01753372885286808,0.7445094585418701,ddpm,A recording of a cool rhythmic arcade game soundtrack.
608,30.49260260932573,0.915161942848634,0.02137341909110546,0.5558700561523438,ddpm,A recording of an old upbeat cool jazz song.
609,32.56735271245483,0.8917738185116185,0.01589641533792019,0.6193044260144234,ddpm,A recording of an old upbeat cool jazz song.
610,33.12012032802245,0.903774558011913,0.014278845861554146,0.47431694716215134,ddpm,A recording of an old upbeat cool jazz song.
611,32.38663925908754,0.9277507963742505,0.017057057470083237,0.3992563784122467,ddpm,A recording of an old upbeat cool jazz song.
612,31.44479875434105,0.9205816011746119,0.01940636895596981,0.6855110228061676,ddpm,A recording of a dark and sad gospel song.
613,32.157165009742165,0.8767212423640384,0.016487792134284973,0.7573394551873207,ddpm,A recording of a dark and sad gospel song.
614,31.642495940693966,0.9087864224257548,0.017495905980467796,0.7410511672496796,ddpm,A recording of a dark and sad gospel song.
615,31.592501375718456,0.9135788464846757,0.019290640950202942,0.9608017206192017,ddpm,A recording of a dark and sad gospel song.
616,31.979115960974465,0.9127353022136137,0.017155390232801437,0.5477861762046814,ddpm,A jazz song of a saxophone playing while bass and drums accompany him.
617,32.00834796482867,0.8829718185143874,0.016428854316473007,0.6759692877531052,ddpm,A jazz song of a saxophone playing while bass and drums accompany him.
618,30.86797568355714,0.9030963183202017,0.01690274104475975,0.556440532207489,ddpm,A jazz song of a saxophone playing while bass and drums accompany him.
619,30.261081672545416,0.8871513250977668,0.022090831771492958,0.7954843044281006,ddpm,A jazz song of a saxophone playing while bass and drums accompany him.
620,32.409163257090626,0.8560940550785144,0.016955118626356125,0.8140474110841751,ddpm,A recording of an angry metal song.
621,32.14559478587998,0.8685643686598505,0.017040075734257698,0.8890636563301086,ddpm,A recording of an angry metal song.
622,32.22027164712791,0.8622490745070716,0.01711338385939598,0.742411732673645,ddpm,A recording of an angry metal song.
623,32.9854528683675,0.8703508696499904,0.013444104231894016,0.5860842764377594,ddpm,A recording of an angry metal song.
624,30.477663967270242,0.9272527054600318,0.021680282428860664,0.7329856306314468,ddpm,"A trumpet playing an epic solo while a guitar, bass and drums are playing in the background."
625,32.163708431504645,0.9121591303307125,0.01783371903002262,0.6338949948549271,ddpm,"A trumpet playing an epic solo while a guitar, bass and drums are playing in the background."
626,32.22076595609557,0.9388038627678095,0.01681954227387905,0.6857658922672272,ddpm,"A trumpet playing an epic solo while a guitar, bass and drums are playing in the background."
627,32.460650080830206,0.9134571750886032,0.016794631257653236,0.5277998894453049,ddpm,"A trumpet playing an epic solo while a guitar, bass and drums are playing in the background."
628,32.384470191403004,0.9205809620007798,0.016770662739872932,0.5807875096797943,ddpm,A high quality recording of a woman singing while a bass and drums play in the background.
629,31.874315652480142,0.9415698233412266,0.0172821544110775,0.48618584871292114,ddpm,A high quality recording of a woman singing while a bass and drums play in the background.
630,32.872751461017,0.926990634197793,0.015375855378806591,0.46153324842453003,ddpm,A high quality recording of a woman singing while a bass and drums play in the background.
631,30.89487960014121,0.9127762147499946,0.02056175470352173,0.684154137969017,ddpm,A high quality recording of a woman singing while a bass and drums play in the background.
632,32.55208442806617,0.9438974585786288,0.014758413657546043,0.37702519446611404,ddpm,"A high quality recording of a trumpet, bass and drums playing."
633,31.072304235254613,0.891576115755528,0.02049959823489189,1.107984483242035,ddpm,"A high quality recording of a trumpet, bass and drums playing."
634,32.25843851252692,0.8933292591838794,0.01767333224415779,0.8015257120132446,ddpm,"A high quality recording of a trumpet, bass and drums playing."
635,31.423370182782236,0.9117766026023396,0.01868206448853016,0.5449625253677368,ddpm,"A high quality recording of a trumpet, bass and drums playing."
636,30.040526058954867,0.848029892460007,0.02310038171708584,1.20247882604599,ddpm,A recording of a techno song.
637,32.129892200953435,0.8387631788200933,0.01582960970699787,0.6208077818155289,ddpm,A recording of a techno song.
638,30.723634689768566,0.9106008357767824,0.019279999658465385,0.46310634911060333,ddpm,A recording of a techno song.
639,30.37760499208059,0.9245727493302948,0.021549001336097717,0.7519056499004364,ddpm,A recording of a techno song.
640,30.980281068113054,0.8620345076655004,0.020479774102568626,0.9133098721504211,ddpm,A recording of an upbeat country song.
641,31.94951783640098,0.896742725784672,0.01829412765800953,0.8724879026412964,ddpm,A recording of an upbeat country song.
642,30.856417607423076,0.8801531490033389,0.0208887979388237,0.9275300800800323,ddpm,A recording of an upbeat country song.
643,32.658265748938526,0.901918486745299,0.015548761002719402,0.5210451632738113,ddpm,A recording of an upbeat country song.
644,32.12774831984533,0.9312981590997861,0.015892747789621353,0.51191021874547,ddpm,A high quality recording of a flute playing a cool rock solo with accompaniment.
645,31.23069976067891,0.906189858946214,0.019686086103320122,0.6680597215890884,ddpm,A high quality recording of a flute playing a cool rock solo with accompaniment.
646,30.34475647734608,0.9070268842010974,0.02164290100336075,0.7042603492736816,ddpm,A high quality recording of a flute playing a cool rock solo with accompaniment.
647,30.602591512795946,0.934541503142348,0.020977754145860672,0.6850731074810028,ddpm,A high quality recording of a flute playing a cool rock solo with accompaniment.
648,30.84220593076995,0.8472671150828106,0.021730467677116394,1.227023720741272,ddpm,A recording of harsh and scary Chinese music.
649,33.50715647625246,0.918767506254182,0.011569078080356121,0.5521004945039749,ddpm,A recording of harsh and scary Chinese music.
650,30.585495613221138,0.8737632388889718,0.021247651427984238,1.2236587405204773,ddpm,A recording of harsh and scary Chinese music.
651,32.37463902153638,0.8898656444540471,0.017084823921322823,0.950395405292511,ddpm,A recording of harsh and scary Chinese music.
652,31.533855848733555,0.8917083568139164,0.019032103940844536,0.9172624945640564,ddpm,"A banjo playing alongside a piano, bass and drums in an upbeat old-timey cool country song."
653,30.65505301252663,0.9002247675394779,0.019649401307106018,0.8608420491218567,ddpm,"A banjo playing alongside a piano, bass and drums in an upbeat old-timey cool country song."
654,31.555097950976034,0.930095350224892,0.0178935918956995,0.5754598379135132,ddpm,"A banjo playing alongside a piano, bass and drums in an upbeat old-timey cool country song."
655,33.07391808844062,0.9157044313300619,0.01571793295443058,0.5264643058180809,ddpm,"A banjo playing alongside a piano, bass and drums in an upbeat old-timey cool country song."
656,31.218612003705925,0.8825200566300598,0.018861960619688034,0.7887952923774719,ddpm,A recording of a movie soundtrack.
657,30.55587788600894,0.8679520559024819,0.02033785544335842,0.7575340270996094,ddpm,A recording of a movie soundtrack.
658,31.463515308345187,0.9440845307517229,0.016565563157200813,0.643615186214447,ddpm,A recording of a movie soundtrack.
659,33.82998042993361,0.9238116436886846,0.013137922622263432,0.4948584884405136,ddpm,A recording of a movie soundtrack.
660,31.844428571103712,0.8899278011056252,0.017769599333405495,0.4185796529054642,ddpm,A rap song of a man singing while bass and drums accompany him.
661,30.799429470864798,0.916162597611766,0.018502691760659218,0.5098187774419785,ddpm,A rap song of a man singing while bass and drums accompany him.
662,31.55566384923853,0.9136836865611195,0.016188550740480423,0.5691903829574585,ddpm,A rap song of a man singing while bass and drums accompany him.
663,30.848180438671726,0.9036287331541804,0.020270617678761482,0.4594501554965973,ddpm,A rap song of a man singing while bass and drums accompany him.
664,30.427704658152358,0.9327727692092318,0.02226480282843113,0.6822894811630249,ddpm,A recording of an old timey rock song from the eighties.
665,35.6775567884045,0.9371021888149588,0.00813557393848896,0.3770036846399307,ddpm,A recording of an old timey rock song from the eighties.
666,30.698251349850008,0.9272580915398727,0.019876034930348396,0.44563768059015274,ddpm,A recording of an old timey rock song from the eighties.
667,32.0724464318032,0.919687185320681,0.017130836844444275,0.5289679914712906,ddpm,A recording of an old timey rock song from the eighties.
668,32.24702508269077,0.9120519443691871,0.013522145338356495,0.4204919561743736,ddpm,"A high quality recording of a piano, flutes and drums playing."
669,31.28556790393374,0.9274842367185565,0.01941891759634018,0.46994177997112274,ddpm,"A high quality recording of a piano, flutes and drums playing."
670,33.25762178542923,0.9423867129188356,0.014791013672947884,0.47080549597740173,ddpm,"A high quality recording of a piano, flutes and drums playing."
671,30.359425313106513,0.8898541331688838,0.02144530788064003,0.6111462265253067,ddpm,"A high quality recording of a piano, flutes and drums playing."
672,32.590044945962816,0.9375577309671896,0.014486552216112614,0.381035253405571,ddpm,A recording of a cool mysterious orchestral movie soundtrack song.
673,31.033961575583472,0.8673416224078668,0.020716065540909767,0.9451198875904083,ddpm,A recording of a cool mysterious orchestral movie soundtrack song.
674,34.11671748184867,0.9266153173669953,0.012196507304906845,0.5756773501634598,ddpm,A recording of a cool mysterious orchestral movie soundtrack song.
675,31.448424492107677,0.9357076253287534,0.01512241829186678,0.36202235519886017,ddpm,A recording of a cool mysterious orchestral movie soundtrack song.
676,31.440190083982632,0.8845271884407406,0.019471285864710808,1.1698855757713318,ddpm,"A guitar, piano, bass and drums playing a cool happy song."
677,32.634064424104054,0.9169144762383964,0.015243301168084145,0.5968583226203918,ddpm,"A guitar, piano, bass and drums playing a cool happy song."
678,31.61808218243405,0.8915513554802595,0.018867172300815582,0.7448510825634003,ddpm,"A guitar, piano, bass and drums playing a cool happy song."
679,32.51682792230312,0.9303550226547713,0.012848807498812675,0.3084697024896741,ddpm,"A guitar, piano, bass and drums playing a cool happy song."
680,31.693053507870328,0.9167669018474572,0.01684124395251274,0.47895947098731995,ddpm,A recording of an epic classical score.
681,32.60513288820927,0.8955407195490365,0.015490871854126453,0.8641841411590576,ddpm,A recording of an epic classical score.
682,32.427829949212224,0.9014411678731059,0.014111155644059181,0.535850778222084,ddpm,A recording of an epic classical score.
683,33.35097678909988,0.9116208937663822,0.01281347032636404,0.5357632786035538,ddpm,A recording of an epic classical score.
684,32.76229637147681,0.9188863055259919,0.014948752708733082,0.4980791211128235,ddpm,"A high quality recording of violins playing a melody and a piano, bass and drums accompany them."
685,30.7885146464969,0.9384735642094956,0.019989177584648132,0.7214834690093994,ddpm,"A high quality recording of violins playing a melody and a piano, bass and drums accompany them."
686,31.65623198742447,0.9463786455949637,0.015411057509481907,0.4691905118525028,ddpm,"A high quality recording of violins playing a melody and a piano, bass and drums accompany them."
687,32.55418595732092,0.88672446668241,0.016007814556360245,0.9890000820159912,ddpm,"A high quality recording of violins playing a melody and a piano, bass and drums accompany them."
688,30.779620353368852,0.905005205171662,0.020151298493146896,0.558011919260025,ddpm,A recording of a pop song.
689,30.110149575198143,0.8751952516119101,0.02152997814118862,0.5662415623664856,ddpm,A recording of a pop song.
690,29.878788842697688,0.9143628592291607,0.021824095398187637,0.5669705271720886,ddpm,A recording of a pop song.
691,32.655467626304116,0.9316221624039588,0.01415239181369543,0.5700041949748993,ddpm,A recording of a pop song.
692,33.080480657267906,0.8650201959502881,0.015068430453538895,1.0681045055389404,ddpm,A recording of a grunge rock song.
693,31.57007900081023,0.9066240814886438,0.019026564434170723,0.6563076674938202,ddpm,A recording of a grunge rock song.
694,31.423884376850012,0.9205455483867749,0.018956659361720085,0.485089510679245,ddpm,A recording of a grunge rock song.
695,32.595228820972004,0.8817051680575725,0.015878280624747276,0.6566329151391983,ddpm,A recording of a grunge rock song.
696,34.17966264345511,0.916614094046408,0.01167947705835104,0.401905357837677,ddpm,A high quality recording of flutes and drums playing.
697,34.16496575743447,0.9138365514357262,0.012174153700470924,0.5413552224636078,ddpm,A high quality recording of flutes and drums playing.
698,34.23129614572876,0.934949784509462,0.009785793721675873,0.5436916053295135,ddpm,A high quality recording of flutes and drums playing.
699,30.537636754052116,0.8940753880204619,0.020116368308663368,0.5225103795528412,ddpm,A high quality recording of flutes and drums playing.
700,31.853632954037934,0.88973278900214,0.018083611503243446,0.8938429355621338,ddpm,A recording of an epic soundtrack.
701,30.962437433847715,0.8892259644451928,0.019831275567412376,0.8855187296867371,ddpm,A recording of an epic soundtrack.
702,32.60027503458851,0.9152760185127014,0.015102491714060307,0.5511930137872696,ddpm,A recording of an epic soundtrack.
703,30.914879858614842,0.8636278226556718,0.02090061455965042,1.5496259927749634,ddpm,A recording of an epic soundtrack.
704,31.517575032085453,0.923783989489502,0.01861444115638733,0.5187103524804115,ddpm,"A trumpet, piano, bass and drums playing a cool happy song."
705,31.67071019922494,0.8805820008038231,0.01914682798087597,1.0733657479286194,ddpm,"A trumpet, piano, bass and drums playing a cool happy song."
706,30.48193231647177,0.9073905179759588,0.022268733009696007,1.1644914150238037,ddpm,"A trumpet, piano, bass and drums playing a cool happy song."
707,32.24018924960523,0.9297335969861593,0.017071982845664024,0.6751727163791656,ddpm,"A trumpet, piano, bass and drums playing a cool happy song."
708,30.529505702315667,0.8825529103385702,0.02154383808374405,0.936836838722229,ddpm,A recording of a cool rock song.
709,31.60318038303647,0.8966922295933227,0.018794097006320953,0.9945816397666931,ddpm,A recording of a cool rock song.
710,33.02292411053388,0.9074318152736325,0.016022246330976486,0.6631301939487457,ddpm,A recording of a cool rock song.
711,32.385513455931545,0.9068337196379956,0.01720348745584488,0.6602568328380585,ddpm,A recording of a cool rock song.
712,32.35861933333691,0.8802777087096118,0.0170443132519722,0.8375266790390015,ddpm,A high quality recording of a rock band playing.
713,31.249905320191843,0.8520546798717106,0.019582806155085564,0.9665832668542862,ddpm,A high quality recording of a rock band playing.
714,33.21718043404279,0.8888313644937622,0.014032958075404167,0.5488822627812624,ddpm,A high quality recording of a rock band playing.
715,30.69174397078455,0.8965702355707142,0.021845746785402298,1.0980289578437805,ddpm,A high quality recording of a rock band playing.
716,31.857079097723556,0.9172931449531377,0.01732754521071911,0.6008848547935486,ddpm,A high quality recording of a jazz band playing a happy song.
717,30.794359799991202,0.9005951342266278,0.02083728462457657,0.8891673386096954,ddpm,A high quality recording of a jazz band playing a happy song.
718,30.960635869345023,0.8937637861086702,0.020053211599588394,0.6871205568313599,ddpm,A high quality recording of a jazz band playing a happy song.
719,32.980594517759435,0.9267623717317448,0.015325972810387611,0.5301350653171539,ddpm,A high quality recording of a jazz band playing a happy song.
720,33.87148355283823,0.9160562115858093,0.01171258743852377,0.37492747977375984,ddpm,"a saxophone, violin, piano, bass and drums playing."
721,31.458790128235957,0.9268855761428719,0.019043374806642532,0.3943396061658859,ddpm,"a saxophone, violin, piano, bass and drums playing."
722,34.43360093175712,0.9294912031006564,0.009545652195811272,0.34400417655706406,ddpm,"a saxophone, violin, piano, bass and drums playing."
723,32.225876922295875,0.9083623635907806,0.01783030293881893,0.7927100956439972,ddpm,"a saxophone, violin, piano, bass and drums playing."
724,32.17574343209311,0.8940368238742926,0.017225349321961403,0.5612566694617271,ddpm,"A metal song with a singer, bass and drums playing."
725,31.670636101964725,0.8943948967264505,0.018990760669112206,0.6320330798625946,ddpm,"A metal song with a singer, bass and drums playing."
726,34.219031846088896,0.906711911348769,0.01275706384330988,0.6779841780662537,ddpm,"A metal song with a singer, bass and drums playing."
727,32.45612240775476,0.8931410191495606,0.01692349463701248,0.6124576181173325,ddpm,"A metal song with a singer, bass and drums playing."
728,32.60809298261663,0.9347128001294915,0.01672028936445713,0.6721684038639069,ddpm,"A high quality recording of a trumpet, a piano, a bass guitar and drums playing."
729,31.831913421572338,0.875740141692029,0.017183654010295868,0.7607438713312149,ddpm,"A high quality recording of a trumpet, a piano, a bass guitar and drums playing."
730,30.784443398379274,0.9052290116500201,0.02143017016351223,0.808061808347702,ddpm,"A high quality recording of a trumpet, a piano, a bass guitar and drums playing."
731,32.02450783848781,0.8883204590528558,0.01656658761203289,0.6182626485824585,ddpm,"A high quality recording of a trumpet, a piano, a bass guitar and drums playing."
732,32.41800106629,0.942143893490278,0.016155162826180458,0.6138188242912292,ddpm,A high quality recording of a piano playing a melody while another piano and drums are playing in the background.
733,32.3257138099329,0.9614772071594218,0.016698013991117477,0.3357916921377182,ddpm,A high quality recording of a piano playing a melody while another piano and drums are playing in the background.
734,30.678445489868192,0.9285118955845768,0.021363671869039536,0.894045889377594,ddpm,A high quality recording of a piano playing a melody while another piano and drums are playing in the background.
735,30.77529134791763,0.9129405831790469,0.020702673122286797,0.7577240467071533,ddpm,A high quality recording of a piano playing a melody while another piano and drums are playing in the background.
736,33.08884767947287,0.9229725043568551,0.015061269514262676,0.43401238322257996,ddpm,"A woman humming a quiet jazz melody, with an accompaniment of bass and drums."
737,30.203259600845975,0.9274643492004607,0.02192365750670433,0.7738699913024902,ddpm,"A woman humming a quiet jazz melody, with an accompaniment of bass and drums."
738,31.286037770907797,0.9171011013002898,0.0191488116979599,0.4086650088429451,ddpm,"A woman humming a quiet jazz melody, with an accompaniment of bass and drums."
739,30.776732286509482,0.8390156522187507,0.02048051543533802,1.0629848837852478,ddpm,"A woman humming a quiet jazz melody, with an accompaniment of bass and drums."
740,31.117734162859673,0.9222117613252879,0.019392212852835655,0.7952930927276611,ddpm,A high quality recording of a man singing and violins playing a happy and emotional  piece.
741,31.718938123699047,0.9273215633610612,0.01906956546008587,0.8817178308963776,ddpm,A high quality recording of a man singing and violins playing a happy and emotional  piece.
742,32.15580706104891,0.9365944901752712,0.017106512561440468,0.5624980814754963,ddpm,A high quality recording of a man singing and violins playing a happy and emotional  piece.
743,32.1189121855842,0.9027331373388836,0.016394345089793205,0.6449295580387115,ddpm,A high quality recording of a man singing and violins playing a happy and emotional  piece.
744,33.45325517140441,0.9022170465727092,0.014257604256272316,0.5989249795675278,ddpm,A high quality recording of a rock band playing a somber rock song.
745,32.434121211582664,0.880217884679886,0.01621989533305168,0.7370161265134811,ddpm,A high quality recording of a rock band playing a somber rock song.
746,34.04110136763647,0.9153410921824779,0.013028880581259727,0.4655294567346573,ddpm,A high quality recording of a rock band playing a somber rock song.
747,33.36121875874463,0.8877925852467594,0.012445605359971523,0.5535898804664612,ddpm,A high quality recording of a rock band playing a somber rock song.
748,33.76559118622125,0.9326722477956654,0.013240893371403217,0.41849106550216675,ddpm,A recording of an old upbeat cool rock song.
749,32.635104172053914,0.889319832677745,0.01569679006934166,0.7674077749252319,ddpm,A recording of an old upbeat cool rock song.
750,30.710545617494244,0.9082960269954027,0.021325338631868362,0.7402588129043579,ddpm,A recording of an old upbeat cool rock song.
751,31.930149219106475,0.9308654185688552,0.017829768359661102,0.5498965084552765,ddpm,A recording of an old upbeat cool rock song.
752,34.06500991498135,0.9012669241476402,0.0134866489097476,0.6854664087295532,ddpm,A recording of a heavy metal song.
753,29.82838217444186,0.8966880566404858,0.023620309308171272,1.0607609748840332,ddpm,A recording of a heavy metal song.
754,33.12359249578925,0.8801358311955261,0.015142434276640415,0.7632627785205841,ddpm,A recording of a heavy metal song.
755,32.016470876899405,0.9002529471030766,0.01574987731873989,0.5073609501123428,ddpm,A recording of a heavy metal song.
756,30.179693226205686,0.8087276313524355,0.022319573909044266,1.47459077835083,ddpm,A recording of a Chinese song.
757,35.37923539977375,0.9276146339808706,0.007450067903846502,0.5075745582580566,ddpm,A recording of a Chinese song.
758,30.92017061799044,0.8818654479564592,0.020469723269343376,0.7318228781223297,ddpm,A recording of a Chinese song.
759,33.944197834310536,0.9167326605829913,0.012820900417864323,0.7940630167722702,ddpm,A recording of a Chinese song.
760,31.597637469877988,0.9017816628111109,0.017393888905644417,0.6820110082626343,ddpm,"A high quality recording of a trumpet, a guitar, a piano, a bass guitar and drums playing."
761,34.989729059272335,0.976560953421106,0.00960899330675602,0.3601140081882477,ddpm,"A high quality recording of a trumpet, a guitar, a piano, a bass guitar and drums playing."
762,32.45833363166846,0.9505661978229321,0.015314072370529175,0.42450694739818573,ddpm,"A high quality recording of a trumpet, a guitar, a piano, a bass guitar and drums playing."
763,31.38931999360752,0.8943080781640596,0.019185027107596397,0.7711673080921173,ddpm,"A high quality recording of a trumpet, a guitar, a piano, a bass guitar and drums playing."
764,31.396766074221553,0.899145574263455,0.019428841769695282,1.0884037613868713,ddpm,A recording of calm happy rock song.
765,35.85668647033583,0.9702954400088712,0.005883410107344389,0.31528717279434204,ddpm,A recording of calm happy rock song.
766,32.37708701098801,0.917457203489824,0.017405055463314056,0.7954685688018799,ddpm,A recording of calm happy rock song.
767,33.1576996393023,0.911636111033095,0.013484828174114227,0.63367959856987,ddpm,A recording of calm happy rock song.
768,32.58805793377597,0.9279277203535832,0.016973115503787994,0.5626571327447891,ddpm,A recording of a rave techno song.
769,31.74942928162393,0.9107551546554413,0.019216490909457207,0.5956566333770752,ddpm,A recording of a rave techno song.
770,30.255420925876532,0.908766864295426,0.021901601925492287,0.772835910320282,ddpm,A recording of a rave techno song.
771,31.12040441163323,0.8736296666918799,0.01887909695506096,0.6806725263595581,ddpm,A recording of a rave techno song.
772,32.35794252683041,0.9476263541004631,0.016735587269067764,0.6303638219833374,ddpm,A high quality recording of a woman vocalizing an epic opera solo with accompaniment.
773,31.180999155068754,0.937642970806163,0.02055947668850422,0.7567045390605927,ddpm,A high quality recording of a woman vocalizing an epic opera solo with accompaniment.
774,31.263673823593336,0.9098477924534714,0.018415413796901703,0.703423798084259,ddpm,A high quality recording of a woman vocalizing an epic opera solo with accompaniment.
775,32.009741636268934,0.9209956045175854,0.01778523623943329,0.6764588356018066,ddpm,A high quality recording of a woman vocalizing an epic opera solo with accompaniment.
776,31.087684995076252,0.9208556238228135,0.01801714301109314,0.6401352435350418,ddpm,A high quality recording of Arabic instruments playing.
777,30.831122613899122,0.9217018845132041,0.02111145481467247,0.6172841191291809,ddpm,A high quality recording of Arabic instruments playing.
778,30.422342523021,0.8889994447742944,0.02103520929813385,0.9538676142692566,ddpm,A high quality recording of Arabic instruments playing.
779,30.630097260150603,0.9403613156693748,0.01996983028948307,0.42444442957639694,ddpm,A high quality recording of Arabic instruments playing.
780,32.33149595372907,0.9103589538896008,0.01705547422170639,0.6963655650615692,ddpm,A calm song with violins and drums playing.
781,33.64684841218798,0.9285496952961739,0.012470198795199394,0.6732004582881927,ddpm,A calm song with violins and drums playing.
782,30.627047792383486,0.9346399508436019,0.020161936059594154,0.6854121088981628,ddpm,A calm song with violins and drums playing.
783,32.05556476134607,0.9577649668460702,0.0167193915694952,0.5744617432355881,ddpm,A calm song with violins and drums playing.
784,33.667815167218095,0.935373346422599,0.014415194280445576,0.9745673835277557,ddpm,Flutes and guitars playing a happy calm song.
785,30.685640109908533,0.8864985701627868,0.020381679758429527,1.1258969902992249,ddpm,Flutes and guitars playing a happy calm song.
786,32.82481732555484,0.887576019584232,0.014671443961560726,0.4943488836288452,ddpm,Flutes and guitars playing a happy calm song.
787,32.036128105443375,0.8734637122600464,0.01653033122420311,0.6354687958955765,ddpm,Flutes and guitars playing a happy calm song.
788,30.375655764168844,0.9319656528655154,0.019866149872541428,0.6918013989925385,ddpm,"A violin and a saxophone playing a cool jazz melody, with an accompaniment of a piano, bass and drums."
789,31.326524241401764,0.9240031739153011,0.01817270554602146,0.613509863615036,ddpm,"A violin and a saxophone playing a cool jazz melody, with an accompaniment of a piano, bass and drums."
790,31.368057180861854,0.9130113728753699,0.018608545884490013,0.6651050448417664,ddpm,"A violin and a saxophone playing a cool jazz melody, with an accompaniment of a piano, bass and drums."
791,31.098240939955794,0.9026036454876877,0.01997632160782814,0.6708624958992004,ddpm,"A violin and a saxophone playing a cool jazz melody, with an accompaniment of a piano, bass and drums."
792,31.92368727040602,0.8978406046841405,0.017523422837257385,0.5609851703047752,ddpm,A recording of upbeat pop music.
793,31.981314984338887,0.9129969499821272,0.01590171456336975,0.5483127236366272,ddpm,A recording of upbeat pop music.
794,30.390432496402738,0.9068007154917604,0.02088608406484127,0.5749275535345078,ddpm,A recording of upbeat pop music.
795,32.65134359378251,0.8969602776424718,0.013762741349637508,0.4681171849370003,ddpm,A recording of upbeat pop music.
796,32.610691334666534,0.8905110494100207,0.014868192374706268,0.5353153645992279,ddpm,"A saxophone playing while a guitar, bass and drums playing in the background."
797,31.07380549018351,0.9192659774852303,0.020524799823760986,0.9845521450042725,ddpm,"A saxophone playing while a guitar, bass and drums playing in the background."
798,32.69903920473296,0.9014238376671965,0.014130676165223122,0.47193165123462677,ddpm,"A saxophone playing while a guitar, bass and drums playing in the background."
799,31.9409232566461,0.9222048545352116,0.016447989270091057,0.4870256781578064,ddpm,"A saxophone playing while a guitar, bass and drums playing in the background."
800,32.76240638279358,0.9150310030464923,0.015551948919892311,0.6163650378584862,ddpm,A recording of a happy country song.
801,31.863008580248575,0.9144901946246408,0.014784744009375572,0.615405410528183,ddpm,A recording of a happy country song.
802,31.578455119738887,0.9086004291856192,0.019279779866337776,0.6818809807300568,ddpm,A recording of a happy country song.
803,33.428121729728964,0.9645342731822861,0.011355596594512463,0.4347960352897644,ddpm,A recording of a happy country song.
804,31.408317087389133,0.918168329708943,0.01947958767414093,0.580613911151886,ddpm,"A woman is singing a country song with a trumpet, bass and drums playing in the background."
805,30.76419020841805,0.8997683193056283,0.02047560177743435,0.5739840567111969,ddpm,"A woman is singing a country song with a trumpet, bass and drums playing in the background."
806,31.675990659828457,0.9148534134318244,0.016697043552994728,0.4834090322256088,ddpm,"A woman is singing a country song with a trumpet, bass and drums playing in the background."
807,32.61770243823452,0.9361926891830182,0.016529753804206848,0.7562793493270874,ddpm,"A woman is singing a country song with a trumpet, bass and drums playing in the background."
808,31.66620940686441,0.9124350277240593,0.01846349984407425,0.9123896956443787,ddpm,A recording of an old upbeat cool Arabic song.
809,31.680929217579063,0.9074936576653675,0.019370848312973976,0.7645341455936432,ddpm,A recording of an old upbeat cool Arabic song.
810,31.174963519660366,0.9181927986578602,0.01763790473341942,0.5597286522388458,ddpm,A recording of an old upbeat cool Arabic song.
811,30.36942738261732,0.9101137600208143,0.02021498791873455,0.6311105191707611,ddpm,A recording of an old upbeat cool Arabic song.
812,31.123285309842927,0.8831752450242342,0.020645109936594963,0.8574712574481964,ddpm,"A guitar playing a romantic country melody while a piano, bass and drums play in the background."
813,31.787434068227846,0.9115943772037933,0.018507253378629684,0.6039198040962219,ddpm,"A guitar playing a romantic country melody while a piano, bass and drums play in the background."
814,30.602930648755702,0.8861349309455223,0.020826373249292374,0.47812262549996376,ddpm,"A guitar playing a romantic country melody while a piano, bass and drums play in the background."
815,32.53553818622037,0.9208812760443833,0.016782140359282494,0.633491188287735,ddpm,"A guitar playing a romantic country melody while a piano, bass and drums play in the background."
816,33.6455961976581,0.9030800912368496,0.014458047226071358,0.780330240726471,ddpm,A high quality recording of a retro arcade soundtrack playing.
817,31.97299302916186,0.9098584783496053,0.016830898821353912,0.5002750977873802,ddpm,A high quality recording of a retro arcade soundtrack playing.
818,34.56294854744981,0.9384994577158781,0.011941924691200256,0.5176026821136475,ddpm,A high quality recording of a retro arcade soundtrack playing.
819,31.904665537155115,0.8607184082778337,0.018343916162848473,1.014195591211319,ddpm,A high quality recording of a retro arcade soundtrack playing.
820,32.054448611866505,0.8977955470643028,0.017797894775867462,0.6244232058525085,ddpm,Strings playing a scary death metal melody with trumpets and drums accompaniment in the background.
821,31.31022026549921,0.9389075351073071,0.017680218443274498,0.5167132318019867,ddpm,Strings playing a scary death metal melody with trumpets and drums accompaniment in the background.
822,32.766340965283206,0.9095954696266805,0.015357875265181065,0.4392281547188759,ddpm,Strings playing a scary death metal melody with trumpets and drums accompaniment in the background.
823,34.10284464055268,0.917226906570833,0.012725458480417728,0.6725302040576935,ddpm,Strings playing a scary death metal melody with trumpets and drums accompaniment in the background.
824,32.48671158198715,0.9073870460644656,0.016993176192045212,0.7026236653327942,ddpm,"A punk song of a man singing while a guitar, bass and drums accompany him."
825,30.924363143525543,0.9143399652973492,0.02066020481288433,0.6368346810340881,ddpm,"A punk song of a man singing while a guitar, bass and drums accompany him."
826,32.17622141731499,0.9062385059824706,0.016962671652436256,0.4877091348171234,ddpm,"A punk song of a man singing while a guitar, bass and drums accompany him."
827,30.613505179967714,0.8939832444377941,0.021600868552923203,0.8755694627761841,ddpm,"A punk song of a man singing while a guitar, bass and drums accompany him."
828,32.046780799780294,0.9051695620382582,0.018159620463848114,0.7717338800430298,ddpm,A recording of a calm reggae song.
829,31.84356765025479,0.9159155497335516,0.01891382969915867,0.7120797038078308,ddpm,A recording of a calm reggae song.
830,32.3962544303254,0.9123691563170614,0.01730731502175331,0.7163279056549072,ddpm,A recording of a calm reggae song.
831,35.18278019347129,0.9664914014236848,0.005869947373867035,0.4498467445373535,ddpm,A recording of a calm reggae song.
832,30.476027276514532,0.8984113215588083,0.02054598554968834,1.1212005019187927,ddpm,A recording of an upbeat cool jazz song.
833,31.489903715067573,0.8865698160396108,0.019421255216002464,0.9328685998916626,ddpm,A recording of an upbeat cool jazz song.
834,32.41896257495587,0.9127994452291537,0.017101293429732323,0.5453335344791412,ddpm,A recording of an upbeat cool jazz song.
835,33.95264110620041,0.9505242017738288,0.011327745392918587,0.5915467143058777,ddpm,A recording of an upbeat cool jazz song.
836,32.86481128066486,0.9413071098837958,0.01460953988134861,0.33216836489737034,ddpm,A recording of a happy upbeat classical music piece.
837,31.49654641127579,0.9182580683570793,0.01583634316921234,0.4243653863668442,ddpm,A recording of a happy upbeat classical music piece.
838,30.57270436985887,0.9151380622780441,0.021105552092194557,0.6239493116736412,ddpm,A recording of a happy upbeat classical music piece.
839,30.923291250979506,0.9310969641878543,0.020280128344893456,0.7672929167747498,ddpm,A recording of a happy upbeat classical music piece.
840,33.64982365149309,0.9107835909907256,0.012594151310622692,0.48533251136541367,ddpm,A high quality recording of strings playing.
841,31.40434003409912,0.8723009924217614,0.018274441361427307,0.6474312394857407,ddpm,A high quality recording of strings playing.
842,31.12693274050688,0.8995591497918572,0.02070947177708149,1.1902025938034058,ddpm,A high quality recording of strings playing.
843,31.535643172512465,0.9112852185216428,0.018051279708743095,0.5671436190605164,ddpm,A high quality recording of strings playing.
844,30.767277684717,0.9032359897320904,0.020803598687052727,1.184475302696228,ddpm,"A high quality recording of a woman singing, and a piano, bass and drums playing."
845,32.084369662957606,0.9128720383062504,0.017309678718447685,0.5143385156989098,ddpm,"A high quality recording of a woman singing, and a piano, bass and drums playing."
846,31.609291888751283,0.9140989566300375,0.01868072897195816,0.5443616956472397,ddpm,"A high quality recording of a woman singing, and a piano, bass and drums playing."
847,31.785320198310192,0.9224765206497209,0.018623530864715576,0.4766722470521927,ddpm,"A high quality recording of a woman singing, and a piano, bass and drums playing."
848,31.966108166695072,0.9148601177101883,0.01816946268081665,0.7700925171375275,ddpm,"A woman is singing while another woman, guitars, drums and bass are playing in the background."
849,32.79189446918802,0.9199716156056489,0.015905624255537987,0.7789115905761719,ddpm,"A woman is singing while another woman, guitars, drums and bass are playing in the background."
850,32.12582644584377,0.8975068981205233,0.01782255806028843,0.9934113621711731,ddpm,"A woman is singing while another woman, guitars, drums and bass are playing in the background."
851,31.662090700117815,0.9149480325468252,0.018755022436380386,0.5898247957229614,ddpm,"A woman is singing while another woman, guitars, drums and bass are playing in the background."
852,30.869017888858604,0.9059238160271285,0.020839469507336617,0.6116671860218048,ddpm,A reggae song of a woman singing while bass and drums accompany her.
853,32.81747113563548,0.8971944610806922,0.012831981293857098,0.42965854704380035,ddpm,A reggae song of a woman singing while bass and drums accompany her.
854,30.915950102411234,0.9040005640894448,0.020681004971265793,0.586397796869278,ddpm,A reggae song of a woman singing while bass and drums accompany her.
855,31.307270276163703,0.8935658191561988,0.0196686964482069,0.5916720777750015,ddpm,A reggae song of a woman singing while bass and drums accompany her.
856,31.384472775173894,0.9298023002298674,0.017565852031111717,0.9505012929439545,ddpm,A high quality recording of flutes and a saxophone playing.
857,30.137814776881548,0.9124545536428033,0.021727969869971275,0.47736549377441406,ddpm,A high quality recording of flutes and a saxophone playing.
858,31.348013690608518,0.8940586693466789,0.019157543778419495,0.7170943915843964,ddpm,A high quality recording of flutes and a saxophone playing.
859,31.49684544730096,0.9161637659376838,0.018186237663030624,0.712244302034378,ddpm,A high quality recording of flutes and a saxophone playing.
860,33.959997750329364,0.9318664638530524,0.013622150756418705,0.6218683421611786,ddpm,A high quality recording of a woman singing while an orchestra play in the background.
861,31.472560285057035,0.9018849839610175,0.017716266214847565,0.6215841323137283,ddpm,A high quality recording of a woman singing while an orchestra play in the background.
862,32.84139795819822,0.8945879103323783,0.015872230753302574,1.0830039978027344,ddpm,A high quality recording of a woman singing while an orchestra play in the background.
863,32.41841019342954,0.9533419352303012,0.016137732192873955,0.5659943073987961,ddpm,A high quality recording of a woman singing while an orchestra play in the background.
864,32.10346308109249,0.9036246265878434,0.01719845086336136,0.5363713428378105,ddpm,"A woman vocalizing a slow cool jazz melody while an electric keyboard, bass and drums play in the background, later a saxophone preforms a solo as well."
865,31.3371475763114,0.9264564872103038,0.019797615706920624,0.9673270583152771,ddpm,"A woman vocalizing a slow cool jazz melody while an electric keyboard, bass and drums play in the background, later a saxophone preforms a solo as well."
866,29.831517099573453,0.8746134869667815,0.022480351850390434,0.6535110771656036,ddpm,"A woman vocalizing a slow cool jazz melody while an electric keyboard, bass and drums play in the background, later a saxophone preforms a solo as well."
867,30.632983596978235,0.8995696005478742,0.021706176921725273,0.8385641872882843,ddpm,"A woman vocalizing a slow cool jazz melody while an electric keyboard, bass and drums play in the background, later a saxophone preforms a solo as well."
868,31.29844676714474,0.8845477061997099,0.01884673535823822,0.7600452303886414,ddpm,"A high quality recording of a woman singing while a guitar, bass and drums accompany her."
869,32.70637056513743,0.9172748119395541,0.01570749469101429,0.734525740146637,ddpm,"A high quality recording of a woman singing while a guitar, bass and drums accompany her."
870,31.640672767372912,0.9164292320492899,0.01907883957028389,0.8959111869335175,ddpm,"A high quality recording of a woman singing while a guitar, bass and drums accompany her."
871,30.907835674448187,0.9174775985162044,0.020428137853741646,0.6487419158220291,ddpm,"A high quality recording of a woman singing while a guitar, bass and drums accompany her."
872,32.80793761877937,0.9190556243459659,0.01631569117307663,0.7865636944770813,ddpm,Guitars playing alongside a trumpet a happy upbeat melody.
873,32.3294292741099,0.917080640831836,0.01813005469739437,0.9009457230567932,ddpm,Guitars playing alongside a trumpet a happy upbeat melody.
874,30.49244555943302,0.9183509620081157,0.022457357496023178,0.8399170935153961,ddpm,Guitars playing alongside a trumpet a happy upbeat melody.
875,32.113037133353764,0.9116178360456684,0.015553818084299564,0.4653790108859539,ddpm,Guitars playing alongside a trumpet a happy upbeat melody.
876,32.24992656996281,0.900562776253515,0.015800628811120987,0.5920537412166595,ddpm,"A violin playing a slow cool jazz melody while an electric keyboard, bass and drums play in the background, later a saxophone preforms a solo as well."
877,32.870617108052826,0.9295530018207054,0.012638099491596222,0.582696408033371,ddpm,"A violin playing a slow cool jazz melody while an electric keyboard, bass and drums play in the background, later a saxophone preforms a solo as well."
878,31.579055224524136,0.9333686504005002,0.01908900961279869,0.7143288552761078,ddpm,"A violin playing a slow cool jazz melody while an electric keyboard, bass and drums play in the background, later a saxophone preforms a solo as well."
879,32.62845328904249,0.9259396060370393,0.013876380398869514,0.6593689024448395,ddpm,"A violin playing a slow cool jazz melody while an electric keyboard, bass and drums play in the background, later a saxophone preforms a solo as well."
880,31.585794239933968,0.9488497560120521,0.01508630532771349,0.5442809760570526,ddpm,A recording of a calm rock song.
881,31.025212190422963,0.9294060563288721,0.01969820261001587,0.5517874732613564,ddpm,A recording of a calm rock song.
882,31.730894611394277,0.8992602877381959,0.018053853884339333,0.9191596508026123,ddpm,A recording of a calm rock song.
883,33.210949022777555,0.9056542820022675,0.013898869045078754,0.5020840615034103,ddpm,A recording of a calm rock song.
884,32.50975535574659,0.9096562051848984,0.01616295985877514,0.6165569424629211,ddpm,A recording of a happy calm country song.
885,30.626012815208597,0.9036964885525766,0.020529847592115402,0.7375161051750183,ddpm,A recording of a happy calm country song.
886,30.78792593173411,0.9124617391833502,0.02116219326853752,0.8441270887851715,ddpm,A recording of a happy calm country song.
887,31.557460386288497,0.9222175979104039,0.016783982515335083,0.575742095708847,ddpm,A recording of a happy calm country song.
888,31.177144183982644,0.9079264033057107,0.019885113462805748,0.8392299711704254,ddpm,A high quality recording of a woman singing while bass and drums accompany her.
889,30.909986001627182,0.9132232574852847,0.020473143085837364,0.9178292751312256,ddpm,A high quality recording of a woman singing while bass and drums accompany her.
890,32.380489800776296,0.9221037235962438,0.014282289892435074,0.3727068640291691,ddpm,A high quality recording of a woman singing while bass and drums accompany her.
891,32.62631568657191,0.930287465757962,0.0163315087556839,0.5333081185817719,ddpm,A high quality recording of a woman singing while bass and drums accompany her.
892,33.17389567522715,0.897746053832002,0.015573108568787575,0.7087099254131317,ddpm,An electric guitar playing epic riffs while bass and drums are playing in the background.
893,33.4514332208647,0.9297121867731154,0.014111383818089962,0.5953995138406754,ddpm,An electric guitar playing epic riffs while bass and drums are playing in the background.
894,31.905259789956965,0.9002869096737929,0.01744798570871353,0.48750021681189537,ddpm,An electric guitar playing epic riffs while bass and drums are playing in the background.
895,32.331044653857745,0.8907619942825922,0.01675034873187542,0.6848350167274475,ddpm,An electric guitar playing epic riffs while bass and drums are playing in the background.
896,32.07647310876215,0.9072301170468043,0.017344731837511063,0.7309414148330688,ddpm,"strings, flutes, and harps playing an upbeat piece."
897,33.33342774509725,0.9285246831876343,0.013855782337486744,0.4600976034998894,ddpm,"strings, flutes, and harps playing an upbeat piece."
898,32.60107421790458,0.938454779457889,0.015274455770850182,0.49209532141685486,ddpm,"strings, flutes, and harps playing an upbeat piece."
899,31.302613700867184,0.8555031097542122,0.01981576345860958,1.3983959555625916,ddpm,"strings, flutes, and harps playing an upbeat piece."
900,30.964817159503752,0.8987901271931702,0.02052612602710724,0.7821225970983505,ddpm,A recording of  calm jazz song.
901,33.93812192488814,0.9278062538253674,0.011782968416810036,0.4299953430891037,ddpm,A recording of  calm jazz song.
902,30.781931404438723,0.8720626717122355,0.021071070805191994,0.7360856682062149,ddpm,A recording of  calm jazz song.
903,32.13470234586609,0.9476206791584754,0.014322939328849316,0.4515101760625839,ddpm,A recording of  calm jazz song.
904,31.901370890195984,0.8922877648406777,0.01793127879500389,0.5749783962965012,ddpm,An upbeat song with electric guitars and drums playing.
905,31.701436401678038,0.9268417002810408,0.017569946125149727,0.5866354405879974,ddpm,An upbeat song with electric guitars and drums playing.
906,31.087583239991368,0.9204974485572548,0.02071845903992653,0.7164005637168884,ddpm,An upbeat song with electric guitars and drums playing.
907,31.04037921401052,0.896317097230375,0.02034810185432434,0.6051197946071625,ddpm,An upbeat song with electric guitars and drums playing.
908,31.889880286813288,0.8890262568829117,0.018335657194256783,0.7925516068935394,ddpm,"A cool 80s rock song of a man singing while a guitar, bass and drums accompany him."
909,31.931575524945295,0.9022107634928999,0.01809019036591053,0.7899505198001862,ddpm,"A cool 80s rock song of a man singing while a guitar, bass and drums accompany him."
910,30.57376658493435,0.8833176167549159,0.021678050979971886,0.8708773851394653,ddpm,"A cool 80s rock song of a man singing while a guitar, bass and drums accompany him."
911,31.96899075061239,0.8885955204352868,0.018480408936738968,1.1386631727218628,ddpm,"A cool 80s rock song of a man singing while a guitar, bass and drums accompany him."
912,31.767498602335287,0.8902460673451166,0.017900817096233368,0.7675719857215881,ddpm,"A country song of a woman singing while a guitar, bass and drums accompany her."
913,32.519523699159684,0.9111883517621971,0.011651703156530857,0.572421669960022,ddpm,"A country song of a woman singing while a guitar, bass and drums accompany her."
914,32.100330728987146,0.924139620442982,0.01584717258810997,0.40925177186727524,ddpm,"A country song of a woman singing while a guitar, bass and drums accompany her."
915,30.39860674649453,0.9043854875323203,0.02276153676211834,1.1634819507598877,ddpm,"A country song of a woman singing while a guitar, bass and drums accompany her."
916,31.8276656483876,0.9214566627716485,0.017685595899820328,0.8286997079849243,ddpm,A recording of an old timey rock song from the seventies.
917,32.01269761916041,0.9321319490554965,0.013795852661132812,0.40750474482774734,ddpm,A recording of an old timey rock song from the seventies.
918,32.398448926502056,0.8891148693971898,0.015360777266323566,0.913286566734314,ddpm,A recording of an old timey rock song from the seventies.
919,32.020100043292395,0.9119473409007708,0.015010184608399868,0.6044112145900726,ddpm,A recording of an old timey rock song from the seventies.
920,31.50581326484021,0.8915259823545212,0.01966186799108982,0.9229595065116882,ddpm,"A saxophone, guitar, bass and drums playing a cool happy song."
921,33.5380468996076,0.9326249479552919,0.011890136636793613,0.5369100272655487,ddpm,"A saxophone, guitar, bass and drums playing a cool happy song."
922,34.07054897130232,0.9676963025571372,0.010863767005503178,0.44169002771377563,ddpm,"A saxophone, guitar, bass and drums playing a cool happy song."
923,32.05122785258243,0.9293957649608627,0.015154181979596615,0.38901376724243164,ddpm,"A saxophone, guitar, bass and drums playing a cool happy song."
924,31.591542929984897,0.8996321399878369,0.01899551786482334,0.7291676998138428,ddpm,A recording of a scary classical music score.
925,30.993089277209364,0.9154186020344315,0.018399881199002266,0.6192105412483215,ddpm,A recording of a scary classical music score.
926,32.678440528207545,0.9102254424239646,0.015059445053339005,0.6559804677963257,ddpm,A recording of a scary classical music score.
927,30.68151894859287,0.9196794471554194,0.020152995362877846,0.7265548706054688,ddpm,A recording of a scary classical music score.
928,31.129430333815066,0.9165377814429221,0.019801078364253044,0.5030779242515564,ddpm,"A man is singing in high pitched voice while a guitar, bass and drums are accompanying him in an angry metal song."
929,30.90023987223916,0.8816936277302366,0.020563658326864243,0.8450983464717865,ddpm,"A man is singing in high pitched voice while a guitar, bass and drums are accompanying him in an angry metal song."
930,32.98071422243534,0.9266594473190581,0.015410262160003185,0.6677671670913696,ddpm,"A man is singing in high pitched voice while a guitar, bass and drums are accompanying him in an angry metal song."
931,30.460042487215325,0.9001677990051381,0.022828739136457443,1.0833353400230408,ddpm,"A man is singing in high pitched voice while a guitar, bass and drums are accompanying him in an angry metal song."
932,30.154077175795756,0.9289547404586452,0.0224965400993824,0.717332512140274,ddpm,A recording of Hindu instruments playing.
933,32.08352096803911,0.9178377874047107,0.01605212315917015,0.8158226013183594,ddpm,A recording of Hindu instruments playing.
934,32.7487064560002,0.9246783549848896,0.012609656900167465,0.7481642067432404,ddpm,A recording of Hindu instruments playing.
935,31.466608643365728,0.924703618246572,0.018919965252280235,0.5597676187753677,ddpm,A recording of Hindu instruments playing.
936,33.12497318869123,0.9244067947825492,0.014291564002633095,0.5169383585453033,ddpm,A recording of an old metal song.
937,33.389014409173726,0.8984939431909131,0.014186385087668896,0.676074355840683,ddpm,A recording of an old metal song.
938,32.502616606991374,0.9026740202468823,0.016231685876846313,0.5985847115516663,ddpm,A recording of an old metal song.
939,31.022316600752838,0.9247338940951217,0.017609482631087303,1.029061108827591,ddpm,A recording of an old metal song.
940,33.06216394501812,0.9013642357821441,0.01480619516223669,0.5582597330212593,ddpm,A recording of an old country song.
941,32.9302561977676,0.9317633350507094,0.015990054234862328,0.761784553527832,ddpm,A recording of an old country song.
942,33.928924697843115,0.9181614834981162,0.013744059018790722,0.7444959580898285,ddpm,A recording of an old country song.
943,31.443168101034384,0.8630718970543806,0.019739769399166107,1.8370224237442017,ddpm,A recording of an old country song.
944,32.779704424635774,0.8913277103820452,0.016647126525640488,0.8186412453651428,ddpm,A high quality recording of a rock band accompaniment.
945,32.079508849719446,0.9148430830568431,0.01631218008697033,0.6360813081264496,ddpm,A high quality recording of a rock band accompaniment.
946,31.519423066431543,0.8987244460989469,0.019715504720807076,1.4212149381637573,ddpm,A high quality recording of a rock band accompaniment.
947,32.042537556320354,0.9213892570148564,0.017947055399417877,0.5289127230644226,ddpm,A high quality recording of a rock band accompaniment.
948,30.553928865199488,0.9082349931888039,0.022087812423706055,1.3526904582977295,ddpm,A high quality recording of violins and a trumpet playing.
949,31.01591960510921,0.8903368917779438,0.019989365711808205,1.0952950716018677,ddpm,A high quality recording of violins and a trumpet playing.
950,30.508359074600925,0.8713787728046466,0.02068409137427807,0.8888419270515442,ddpm,A high quality recording of violins and a trumpet playing.
951,32.10275345261749,0.8752991230121995,0.017292654141783714,1.0862491130828857,ddpm,A high quality recording of violins and a trumpet playing.
952,31.531915865921533,0.9158880252004434,0.0161198191344738,0.8189332783222198,ddpm,A woman vocalizing playing alongside a trumpet a happy upbeat melody.
953,30.909507010897677,0.9181821349686136,0.020857881754636765,0.7558613419532776,ddpm,A woman vocalizing playing alongside a trumpet a happy upbeat melody.
954,31.06147803874041,0.9143204405591385,0.020588666200637817,0.7041880786418915,ddpm,A woman vocalizing playing alongside a trumpet a happy upbeat melody.
955,29.81932193007101,0.8855194497623067,0.02434849739074707,1.0176900327205658,ddpm,A woman vocalizing playing alongside a trumpet a happy upbeat melody.
956,31.556252011674548,0.8960791042371177,0.019229678437113762,0.659893274307251,ddpm,"A rock song with a guitar, piano, bass and drums playing."
957,31.032298762736833,0.8793640210142666,0.02051597088575363,0.9877569079399109,ddpm,"A rock song with a guitar, piano, bass and drums playing."
958,32.77938605218654,0.9366981267987496,0.015758998692035675,0.5026074051856995,ddpm,"A rock song with a guitar, piano, bass and drums playing."
959,32.85767269953806,0.9278133653988666,0.016676658764481544,0.6450968533754349,ddpm,"A rock song with a guitar, piano, bass and drums playing."
960,31.19079355484076,0.8846660230876182,0.019374007359147072,0.5817751809954643,ddpm,"A recording of a sneaky, quiet and dramatic metal song, that turns loud in the middle then turns quite again."
961,31.641626610288522,0.9476499815529729,0.015742868185043335,0.4634697586297989,ddpm,"A recording of a sneaky, quiet and dramatic metal song, that turns loud in the middle then turns quite again."
962,32.80681433013149,0.8745152650751836,0.015641890466213226,0.8835391402244568,ddpm,"A recording of a sneaky, quiet and dramatic metal song, that turns loud in the middle then turns quite again."
963,31.59249362988441,0.8924869142978831,0.01561205368489027,0.7076404988765717,ddpm,"A recording of a sneaky, quiet and dramatic metal song, that turns loud in the middle then turns quite again."
964,31.576931278667587,0.9357698070101299,0.01834948919713497,0.5984453111886978,ddpm,A rock band playing alongside a trumpet a happy upbeat melody.
965,30.640743689402044,0.9488386886906033,0.018705878406763077,0.4166767746210098,ddpm,A rock band playing alongside a trumpet a happy upbeat melody.
966,30.779637814758697,0.9113731854429507,0.021555645391345024,0.7712711095809937,ddpm,A rock band playing alongside a trumpet a happy upbeat melody.
967,31.624295737063196,0.908242326108324,0.019039565697312355,0.6764404624700546,ddpm,A rock band playing alongside a trumpet a happy upbeat melody.
968,32.03150854788307,0.9244655147760337,0.017165858298540115,0.5081602185964584,ddpm,A high quality recording of an epic piano hard rock solo with a rock band accompaniment.
969,33.14862540110346,0.9118441741654704,0.015578153543174267,0.7188849747180939,ddpm,A high quality recording of an epic piano hard rock solo with a rock band accompaniment.
970,32.03658653311872,0.9114558728501199,0.01768030971288681,0.9016373455524445,ddpm,A high quality recording of an epic piano hard rock solo with a rock band accompaniment.
971,31.68555774281673,0.931131909048923,0.018244808539748192,0.7123662978410721,ddpm,A high quality recording of an epic piano hard rock solo with a rock band accompaniment.
972,30.978392575143925,0.9320918342054376,0.019859816879034042,0.6102573871612549,ddpm,A recording of a cool calm arcade game soundtrack.
973,32.02961971142481,0.9454732951721129,0.014650663360953331,0.40747711807489395,ddpm,A recording of a cool calm arcade game soundtrack.
974,31.793827678826126,0.9172793390897134,0.017583828419446945,0.7532238960266113,ddpm,A recording of a cool calm arcade game soundtrack.
975,31.810389093419815,0.9489242409615598,0.0160573311150074,0.5878465622663498,ddpm,A recording of a cool calm arcade game soundtrack.
976,32.596056359633934,0.9057320332302198,0.01600128784775734,0.6394065320491791,ddpm,"a saxophone, trumpet, guitar, bass and drums playing."
977,30.519778326255164,0.8797523606260017,0.020863892510533333,0.6048604995012283,ddpm,"a saxophone, trumpet, guitar, bass and drums playing."
978,30.50690233749837,0.8391512627431875,0.021135203540325165,0.8544619083404541,ddpm,"a saxophone, trumpet, guitar, bass and drums playing."
979,30.494985832508604,0.8380605994154089,0.021951941773295403,1.1980305910110474,ddpm,"a saxophone, trumpet, guitar, bass and drums playing."
980,31.90394073779704,0.9184193693923798,0.015707118436694145,0.6598852872848511,ddpm,A recording of a cool mysterious rock song.
981,30.163098999087964,0.8669248722901859,0.022599127143621445,0.8716832399368286,ddpm,A recording of a cool mysterious rock song.
982,30.19945278374078,0.8778717089050955,0.02230900339782238,0.7245792746543884,ddpm,A recording of a cool mysterious rock song.
983,31.895429480118946,0.905204506637117,0.018088694661855698,0.6405559182167053,ddpm,A recording of a cool mysterious rock song.
984,32.23784818059665,0.8894970161895511,0.015169822610914707,0.557502418756485,ddpm,A recording of calm happy jazz music.
985,31.31728723306347,0.9189072174658046,0.019858159124851227,0.8614853620529175,ddpm,A recording of calm happy jazz music.
986,31.436892366948527,0.9256490464475741,0.019589761272072792,0.7340366244316101,ddpm,A recording of calm happy jazz music.
987,30.54961478261831,0.8934865923798762,0.02112432010471821,0.6245157569646835,ddpm,A recording of calm happy jazz music.
988,31.79581816276532,0.9090070644786361,0.01508029829710722,0.4698003828525543,ddpm,An orchestra playing classical music. You can hear flutes and a piano.
989,33.30770530325427,0.9341740177203569,0.01500475313514471,0.8669430613517761,ddpm,An orchestra playing classical music. You can hear flutes and a piano.
990,32.432525874883915,0.931696784096602,0.017047513276338577,0.6749735772609711,ddpm,An orchestra playing classical music. You can hear flutes and a piano.
991,31.731707792097836,0.9389425085921094,0.018031498417258263,0.4629911705851555,ddpm,An orchestra playing classical music. You can hear flutes and a piano.
992,31.66667820704411,0.8573870084015935,0.017812587320804596,0.7511781305074692,ddpm,A high quality recording of flutes playing a wedding song.
993,30.121114395325463,0.8879718927901191,0.021990759298205376,0.5157449841499329,ddpm,A high quality recording of flutes playing a wedding song.
994,31.436309613589696,0.899585838248823,0.019013572484254837,0.9132444858551025,ddpm,A high quality recording of flutes playing a wedding song.
995,30.479943165281593,0.882203249297376,0.021586112678050995,0.6237275004386902,ddpm,A high quality recording of flutes playing a wedding song.
996,33.81129839817098,0.9472867035107686,0.014794827438890934,0.694042295217514,ddpm,A high quality recording of a piano and violins playing a happy and emotional  piece.
997,32.51496617248498,0.9303057929126214,0.015949301421642303,0.6751352250576019,ddpm,A high quality recording of a piano and violins playing a happy and emotional  piece.
998,32.45135713194994,0.9373446051303115,0.014815913513302803,0.4297454506158829,ddpm,A high quality recording of a piano and violins playing a happy and emotional  piece.
999,32.76387092884845,0.9588970123115476,0.01529905665665865,0.3715984970331192,ddpm,A high quality recording of a piano and violins playing a happy and emotional  piece.
1000,32.479654853808064,0.9157746612610597,0.015320904552936554,0.4777480661869049,ddpm,"A saxophone playing a quiet jazz melody, with an accompaniment of bass and drums."
1001,31.258280329793422,0.9150860851836812,0.018669696524739265,0.5596791654825211,ddpm,"A saxophone playing a quiet jazz melody, with an accompaniment of bass and drums."
1002,32.63251812345643,0.9105213992714655,0.016464129090309143,0.8411754369735718,ddpm,"A saxophone playing a quiet jazz melody, with an accompaniment of bass and drums."
1003,33.80440752652543,0.9371698918630853,0.01085545215755701,0.2537217363715172,ddpm,"A saxophone playing a quiet jazz melody, with an accompaniment of bass and drums."
1004,33.25732032478739,0.9395767497026906,0.013435795903205872,0.5401363670825958,ddpm,"Chinese flutes, Chinese wind instruments and Chinese strings playing a dramatic Chinese music piece."
1005,31.436966214823954,0.9030564685005019,0.018326429650187492,0.6910397708415985,ddpm,"Chinese flutes, Chinese wind instruments and Chinese strings playing a dramatic Chinese music piece."
1006,32.047996839523954,0.9254167840667127,0.016109205782413483,0.5471872687339783,ddpm,"Chinese flutes, Chinese wind instruments and Chinese strings playing a dramatic Chinese music piece."
1007,30.942495210076466,0.922555131725599,0.020453015342354774,1.1090388298034668,ddpm,"Chinese flutes, Chinese wind instruments and Chinese strings playing a dramatic Chinese music piece."
1008,32.59508147393268,0.9321195001026938,0.01516401581466198,0.49214722216129303,ddpm,"A high quality recording of guitars, flutes and drums playing."
1009,31.339398461286507,0.9021609634341741,0.01968064345419407,0.9557585716247559,ddpm,"A high quality recording of guitars, flutes and drums playing."
1010,33.348100386543805,0.9333680764865808,0.012848270125687122,0.3175109960138798,ddpm,"A high quality recording of guitars, flutes and drums playing."
1011,31.626322268670673,0.9072151366451484,0.018810948356986046,0.6513960659503937,ddpm,"A high quality recording of guitars, flutes and drums playing."
1012,33.021021263392754,0.9574232830865309,0.013044205494225025,0.2816925570368767,ddpm,A string section playing a happy calm song.
1013,31.499094907388937,0.9215927267318333,0.018090862780809402,0.590856060385704,ddpm,A string section playing a happy calm song.
1014,33.539028100338896,0.9183882579194833,0.011813239194452763,0.46276286244392395,ddpm,A string section playing a happy calm song.
1015,31.032663566684143,0.9558587065366458,0.01883728802204132,0.5183805823326111,ddpm,A string section playing a happy calm song.
1016,32.4678379924032,0.9129117264754952,0.016756266355514526,0.7282742261886597,ddpm,A high quality recording of a man singing while and orchestra accompany him.
1017,32.19283551563609,0.9277396313937775,0.017061209306120872,0.7549344003200531,ddpm,A high quality recording of a man singing while and orchestra accompany him.
1018,31.763994721385966,0.8862779645501292,0.018231842666864395,0.8897804915904999,ddpm,A high quality recording of a man singing while and orchestra accompany him.
1019,33.34167047881772,0.9451770521779136,0.014676026999950409,0.5913136750459671,ddpm,A high quality recording of a man singing while and orchestra accompany him.
1020,32.54907033604249,0.9112098056525754,0.016459552571177483,0.5994294732809067,ddpm,"A guitar playing a quiet harsh techno melody while an electric keyboard, bass and drums play in the background."
1021,32.420947530796006,0.929803363357938,0.012933706864714622,0.5709436535835266,ddpm,"A guitar playing a quiet harsh techno melody while an electric keyboard, bass and drums play in the background."
1022,31.22050897653675,0.9133791574614751,0.020581724122166634,0.9737498164176941,ddpm,"A guitar playing a quiet harsh techno melody while an electric keyboard, bass and drums play in the background."
1023,31.655566899671967,0.9158785094627266,0.018520276993513107,0.5898017138242722,ddpm,"A guitar playing a quiet harsh techno melody while an electric keyboard, bass and drums play in the background."
