index,psnr,ssim,mae,lpaps,arm,prompt
0,20.089763004159117,0.30097005304610663,0.07428248971700668,5.029331922531128,gaussian,A high quality recording of an epic violin solo with an orchestra accompaniment.
1,20.26742507593163,0.30096808078096365,0.07452056556940079,4.563662528991699,gaussian,A high quality recording of an epic violin solo with an orchestra accompaniment.
2,20.737352544375746,0.35335718939989075,0.06841995567083359,4.223891973495483,gaussian,A high quality recording of an epic violin solo with an orchestra accompaniment.
3,15.996869790485214,0.2503528960608597,0.11494505405426025,4.528388261795044,gaussian,A high quality recording of an epic violin solo with an orchestra accompaniment.
4,18.294969909896786,0.24579993079157925,0.09197869896888733,4.456682205200195,gaussian,A recording of a happy upbeat song in an orchestral style.
5,18.49889943208454,0.24206783732104525,0.09206961840391159,4.706141948699951,gaussian,A recording of a happy upbeat song in an orchestral style.
6,18.981187708035083,0.21333003229864822,0.08029043674468994,4.7580225467681885,gaussian,A recording of a happy upbeat song in an orchestral style.
7,19.117839282051587,0.2049330759508104,0.08406827598810196,4.519055128097534,gaussian,A recording of a happy upbeat song in an orchestral style.
8,19.840914544425715,0.2334638219537998,0.07764247804880142,4.787914037704468,gaussian,Strings playing a scary classical music melody with flutes and drums accompaniment in the background.
9,19.94751119572915,0.2377771803060932,0.07519135624170303,5.1929357051849365,gaussian,Strings playing a scary classical music melody with flutes and drums accompaniment in the background.
10,15.757591342246322,0.15968109690904259,0.12218622863292694,5.11483097076416,gaussian,Strings playing a scary classical music melody with flutes and drums accompaniment in the background.
11,17.451917986280055,0.23676294185614302,0.10507158935070038,5.165831565856934,gaussian,Strings playing a scary classical music melody with flutes and drums accompaniment in the background.
12,16.676304037079937,0.20762108209136823,0.11209729313850403,4.917298793792725,gaussian,A recording of an upbeat Arabic song.
13,17.709706551292758,0.23039291720505178,0.10066050291061401,4.822041749954224,gaussian,A recording of an upbeat Arabic song.
14,18.995409301572547,0.2581558714352255,0.08488576114177704,4.7049689292907715,gaussian,A recording of an upbeat Arabic song.
15,18.105433151960217,0.172299908049749,0.09446047991514206,4.9921605587005615,gaussian,A recording of an upbeat Arabic song.
16,19.662546552660828,0.2464554186513686,0.08070725947618484,4.393503427505493,gaussian,"A banjo playing a funky country melody, with an accompaniment of a violin, bass and drums."
17,15.720719427046673,0.13063364281544027,0.13012975454330444,4.637684106826782,gaussian,"A banjo playing a funky country melody, with an accompaniment of a violin, bass and drums."
18,19.105249932638955,0.23129842737516954,0.0828753188252449,4.682628154754639,gaussian,"A banjo playing a funky country melody, with an accompaniment of a violin, bass and drums."
19,20.768107424334936,0.28243371691423536,0.06974233686923981,4.452674865722656,gaussian,"A banjo playing a funky country melody, with an accompaniment of a violin, bass and drums."
20,15.388993647024634,0.23184780536951954,0.11228125542402267,5.799337387084961,gaussian,A recording of a quiet metal song.
21,13.20201365945167,0.15267842177975366,0.17139571905136108,5.113557577133179,gaussian,A recording of a quiet metal song.
22,10.831602318040428,0.10247243469134433,0.2155342549085617,6.2976233959198,gaussian,A recording of a quiet metal song.
23,16.634768983657906,0.1663891707067121,0.11442887783050537,5.778839111328125,gaussian,A recording of a quiet metal song.
24,16.49827609451471,0.20397381145306212,0.12134473025798798,4.248396873474121,gaussian,A string section playing classical music.
25,21.555613567025958,0.2784559968746035,0.06430000066757202,4.3250651359558105,gaussian,A string section playing classical music.
26,16.81535993186123,0.1752899413731774,0.11251047998666763,4.305100679397583,gaussian,A string section playing classical music.
27,14.196590058346292,0.19991307910211975,0.15945757925510406,4.878584861755371,gaussian,A string section playing classical music.
28,17.42496793293329,0.24475328554692455,0.10377048701047897,4.602009296417236,gaussian,"A recording of a sneaky, quiet and scary techno song, that turns loud in the middle then turns quite again."
29,16.3381071208633,0.13055760835230762,0.117698073387146,4.802333831787109,gaussian,"A recording of a sneaky, quiet and scary techno song, that turns loud in the middle then turns quite again."
30,17.92809086521864,0.1947377057549585,0.09852242469787598,5.02002215385437,gaussian,"A recording of a sneaky, quiet and scary techno song, that turns loud in the middle then turns quite again."
31,19.51559842875843,0.26084218266262843,0.08047213405370712,4.716796398162842,gaussian,"A recording of a sneaky, quiet and scary techno song, that turns loud in the middle then turns quite again."
32,17.0306298829833,0.21367883746493455,0.11385441571474075,5.073150157928467,gaussian,A recording of a happy upbeat rock song.
33,17.853800200497705,0.14979273245228045,0.09736360609531403,5.211396217346191,gaussian,A recording of a happy upbeat rock song.
34,19.787716523661018,0.3299084046498134,0.07936450093984604,4.800649881362915,gaussian,A recording of a happy upbeat rock song.
35,20.551906297231973,0.2622731030309658,0.07152160257101059,4.472463607788086,gaussian,A recording of a happy upbeat rock song.
36,17.261235458562197,0.188873688523839,0.10181873291730881,5.49560022354126,gaussian,"A woman is singing a country song with a guitar, bass and drums playing in the background."
37,15.884471833228911,0.22265418133798925,0.12881124019622803,4.896962404251099,gaussian,"A woman is singing a country song with a guitar, bass and drums playing in the background."
38,19.93276823283258,0.3137740227931357,0.07623036205768585,4.439464569091797,gaussian,"A woman is singing a country song with a guitar, bass and drums playing in the background."
39,18.276041751042285,0.2025552793184823,0.09374047815799713,5.141380548477173,gaussian,"A woman is singing a country song with a guitar, bass and drums playing in the background."
40,13.063528968293074,0.04004174985058023,0.17198771238327026,5.7318596839904785,gaussian,A high quality recording of a violin playing a melody while another violin and drums are playing in the background.
41,16.86215315983152,0.19326418836492393,0.10441513359546661,5.744396686553955,gaussian,A high quality recording of a violin playing a melody while another violin and drums are playing in the background.
42,14.22829588277068,0.19065880443245103,0.15287868678569794,5.037410497665405,gaussian,A high quality recording of a violin playing a melody while another violin and drums are playing in the background.
43,18.68422909896837,0.2011716918978506,0.0909663587808609,4.672312498092651,gaussian,A high quality recording of a violin playing a melody while another violin and drums are playing in the background.
44,14.451879697015082,0.18817391794186736,0.15338949859142303,4.60065233707428,gaussian,"A woman is singing while a guitar, bass and drums playing in the background."
45,16.23099628219965,0.2257210944375715,0.1186596229672432,5.388726234436035,gaussian,"A woman is singing while a guitar, bass and drums playing in the background."
46,15.91158834044121,0.2035844321507297,0.12832792103290558,4.839695930480957,gaussian,"A woman is singing while a guitar, bass and drums playing in the background."
47,19.41981916980118,0.2482871438305931,0.07900463789701462,5.219229698181152,gaussian,"A woman is singing while a guitar, bass and drums playing in the background."
48,18.695931313862694,0.2641706633685238,0.0905255526304245,4.871854543685913,gaussian,"A country song with a guitar, piano, bass and drums playing."
49,19.9118231140518,0.2532984510044684,0.07787543535232544,4.658324241638184,gaussian,"A country song with a guitar, piano, bass and drums playing."
50,20.007416273591478,0.25318120790809556,0.07555293291807175,4.767056226730347,gaussian,"A country song with a guitar, piano, bass and drums playing."
51,21.536040225209693,0.2924586000018153,0.06358550488948822,4.278295516967773,gaussian,"A country song with a guitar, piano, bass and drums playing."
52,19.113629102751805,0.2480543881472045,0.08407018333673477,4.953956604003906,gaussian,A recording of a happy upbeat blues song.
53,21.128606546422304,0.2704831444202939,0.06693830341100693,4.667542457580566,gaussian,A recording of a happy upbeat blues song.
54,19.978910429155974,0.2932513887196748,0.07647345215082169,4.923406600952148,gaussian,A recording of a happy upbeat blues song.
55,18.46596719741887,0.24244072797764474,0.09239396452903748,4.754464864730835,gaussian,A recording of a happy upbeat blues song.
56,16.330917934373673,0.18520149792078427,0.11512581259012222,4.883199691772461,gaussian,"A harp playing alongside a piano, bass and drums in an upbeat old-timey cool classical song."
57,16.456043264652482,0.1715637532022742,0.11310116946697235,4.621026039123535,gaussian,"A harp playing alongside a piano, bass and drums in an upbeat old-timey cool classical song."
58,18.242887916793805,0.21479827513327102,0.09071484953165054,4.532962083816528,gaussian,"A harp playing alongside a piano, bass and drums in an upbeat old-timey cool classical song."
59,16.56551415348962,0.2330000625673452,0.11055982857942581,5.274140119552612,gaussian,"A harp playing alongside a piano, bass and drums in an upbeat old-timey cool classical song."
60,16.190592775905916,0.25781314644651077,0.12989622354507446,5.124008655548096,gaussian,A recording of angry metal music.
61,21.372910706240226,0.39012933817873924,0.06284329295158386,3.7950433492660522,gaussian,A recording of angry metal music.
62,14.197395773554929,0.22680537534625925,0.14056596159934998,5.551822900772095,gaussian,A recording of angry metal music.
63,17.950763668878423,0.22136572513633634,0.09791775792837143,5.214093208312988,gaussian,A recording of angry metal music.
64,18.2915309440813,0.25662976674316706,0.08910515159368515,5.473836421966553,gaussian,A country song of a woman singing while bass and drums accompany her.
65,18.27808085880944,0.22482985140577652,0.09099119901657104,4.83610725402832,gaussian,A country song of a woman singing while bass and drums accompany her.
66,21.834223238443027,0.37132930931578206,0.06242271140217781,4.6013219356536865,gaussian,A country song of a woman singing while bass and drums accompany her.
67,19.68882107454895,0.30616048757211317,0.0789283886551857,4.9114954471588135,gaussian,A country song of a woman singing while bass and drums accompany her.
68,15.093116688888507,0.1427421923699412,0.14044849574565887,4.544479131698608,gaussian,"A violin playing while a guitar, bass and drums playing in the background a calm country song."
69,20.303936204542012,0.23291294014298303,0.0735185444355011,4.614912748336792,gaussian,"A violin playing while a guitar, bass and drums playing in the background a calm country song."
70,12.802309110472747,0.12125865975769809,0.18220116198062897,5.334826231002808,gaussian,"A violin playing while a guitar, bass and drums playing in the background a calm country song."
71,17.66133891916975,0.24876593004680503,0.10131312906742096,4.770190715789795,gaussian,"A violin playing while a guitar, bass and drums playing in the background a calm country song."
72,20.850518259497616,0.37706116690122493,0.06707452237606049,4.404619932174683,gaussian,A recording of an upbeat angry punk song.
73,15.343034963282534,0.2293921479700393,0.12761688232421875,4.74055814743042,gaussian,A recording of an upbeat angry punk song.
74,17.836425633141545,0.2443985515788391,0.09545085579156876,4.619300127029419,gaussian,A recording of an upbeat angry punk song.
75,12.977894740562455,0.16637075663981468,0.18666444718837738,5.9184770584106445,gaussian,A recording of an upbeat angry punk song.
76,16.16701502515369,0.19082445116232383,0.11584141850471497,5.219393730163574,gaussian,"A kid is singing while a piano, bass and drums are accompanying him in a happy upbeat rock song."
77,22.085436629994074,0.2999375767747823,0.06005117669701576,4.635676145553589,gaussian,"A kid is singing while a piano, bass and drums are accompanying him in a happy upbeat rock song."
78,15.214523746811272,0.1354382959698765,0.12933412194252014,4.726090431213379,gaussian,"A kid is singing while a piano, bass and drums are accompanying him in a happy upbeat rock song."
79,14.901326456115946,0.1567313582232436,0.14019645750522614,5.174582242965698,gaussian,"A kid is singing while a piano, bass and drums are accompanying him in a happy upbeat rock song."
80,18.214321306442567,0.2659526773911743,0.08582179993391037,4.988250255584717,gaussian,A strings section playing techno music.
81,18.703963181892178,0.219222905241708,0.08834700286388397,5.2470808029174805,gaussian,A strings section playing techno music.
82,13.88432980251227,0.10842631832952229,0.15387186408042908,5.183095455169678,gaussian,A strings section playing techno music.
83,19.54575035363439,0.2336738115362148,0.0801427960395813,4.809667110443115,gaussian,A strings section playing techno music.
84,19.163066210638103,0.23272776525101935,0.08456156402826309,5.067070722579956,gaussian,"A metal song of a man singing while a guitar, bass and drums accompany him."
85,11.285532001477968,0.12771078881357406,0.22396905720233917,5.524738550186157,gaussian,"A metal song of a man singing while a guitar, bass and drums accompany him."
86,19.18531067939981,0.24100213050107577,0.08258325606584549,4.9837939739227295,gaussian,"A metal song of a man singing while a guitar, bass and drums accompany him."
87,18.697192756308233,0.2996376221422664,0.09130280464887619,5.041883230209351,gaussian,"A metal song of a man singing while a guitar, bass and drums accompany him."
88,16.689529786060294,0.24897427641976433,0.11865533888339996,4.718988656997681,gaussian,A recording of an old rock song from the nineties.
89,15.458421033808719,0.20216475411103235,0.13340291380882263,5.267505168914795,gaussian,A recording of an old rock song from the nineties.
90,13.697057313455574,0.09706324158490673,0.16255860030651093,5.262504577636719,gaussian,A recording of an old rock song from the nineties.
91,18.667343741841776,0.23974598848048362,0.08463767170906067,5.242811918258667,gaussian,A recording of an old rock song from the nineties.
92,16.712809399351706,0.13679749577681122,0.11484336107969284,4.604051113128662,gaussian,A recording of a slow and cool jazz song.
93,19.330143476515637,0.222810371612394,0.08018795400857925,4.395650863647461,gaussian,A recording of a slow and cool jazz song.
94,18.143885796211844,0.2671211986516036,0.09336505830287933,4.720496654510498,gaussian,A recording of a slow and cool jazz song.
95,19.812407440910047,0.27939414884865954,0.07678470015525818,4.473181247711182,gaussian,A recording of a slow and cool jazz song.
96,12.230169667879293,0.10104848464980733,0.1887906789779663,5.422060489654541,gaussian,"A high quality recording of strings, drums and flutes playing."
97,18.827698782113956,0.2319704549923489,0.07780738174915314,4.938586950302124,gaussian,"A high quality recording of strings, drums and flutes playing."
98,15.890038890950695,0.13641715878688732,0.1223449781537056,5.149163007736206,gaussian,"A high quality recording of strings, drums and flutes playing."
99,17.1429671485285,0.18425177028268722,0.1099579930305481,5.324450969696045,gaussian,"A high quality recording of strings, drums and flutes playing."
100,17.341977085357414,0.18347213904720405,0.1035858690738678,4.869678735733032,gaussian,A recording of a slow cool hip hop song.
101,16.554221074921802,0.20086981048039698,0.11260101944208145,4.809937000274658,gaussian,A recording of a slow cool hip hop song.
102,14.754658965064813,0.10589790848631868,0.13688166439533234,5.105214357376099,gaussian,A recording of a slow cool hip hop song.
103,14.286533101399009,0.17283348230697532,0.14201542735099792,5.055889368057251,gaussian,A recording of a slow cool hip hop song.
104,20.305951452818285,0.4003846873733911,0.07262028753757477,3.8746509552001953,gaussian,"Chinese strings, flutes, and harps playing an upbeat piece."
105,17.576304788186043,0.19677804134547336,0.09882710874080658,4.351033687591553,gaussian,"Chinese strings, flutes, and harps playing an upbeat piece."
106,18.513415654443474,0.25186395365015346,0.0915614441037178,4.634663820266724,gaussian,"Chinese strings, flutes, and harps playing an upbeat piece."
107,20.775704420718153,0.2869644180460804,0.06884682923555374,4.128751277923584,gaussian,"Chinese strings, flutes, and harps playing an upbeat piece."
108,16.00672665914199,0.20226752358625077,0.12435122579336166,4.733963966369629,gaussian,A recording of a calm and cool jazz song.
109,20.981305751547858,0.3121594531605978,0.06624172627925873,4.789085865020752,gaussian,A recording of a calm and cool jazz song.
110,20.832912312383137,0.31876708506670337,0.06879236549139023,4.82978892326355,gaussian,A recording of a calm and cool jazz song.
111,17.694608655136715,0.2430286339170477,0.10349096357822418,4.627171516418457,gaussian,A recording of a calm and cool jazz song.
112,16.865825394811274,0.20726978258481712,0.11535662412643433,4.946246385574341,gaussian,A recording of a funky jazz song.
113,18.430684892499457,0.19141423902417445,0.0937361940741539,4.857085227966309,gaussian,A recording of a funky jazz song.
114,17.2883631537585,0.19148356986710693,0.1042630597949028,5.022316217422485,gaussian,A recording of a funky jazz song.
115,15.838379933676741,0.2289624407023522,0.13042204082012177,5.028286933898926,gaussian,A recording of a funky jazz song.
116,20.066288735244658,0.2538411675158443,0.07430851459503174,4.7669126987457275,gaussian,A recording of a classical music piece.
117,17.86802237244378,0.21967248457207,0.09358803927898407,4.85100531578064,gaussian,A recording of a classical music piece.
118,21.60599571270978,0.3232348073680654,0.06302984058856964,5.051789999008179,gaussian,A recording of a classical music piece.
119,16.64846554685775,0.20590619190945694,0.10808699578046799,4.89166784286499,gaussian,A recording of a classical music piece.
120,14.692738006868746,0.22025556335763902,0.1419646292924881,5.120405435562134,gaussian,A high quality recording of an electric guitar playing a cool metal solo with accompaniment.
121,17.007788730751212,0.15475389652904967,0.11089703440666199,5.099596738815308,gaussian,A high quality recording of an electric guitar playing a cool metal solo with accompaniment.
122,11.405839852897305,0.0829987762776047,0.23031149804592133,6.183726787567139,gaussian,A high quality recording of an electric guitar playing a cool metal solo with accompaniment.
123,16.992970767775294,0.2231908007382929,0.11070126295089722,4.571300029754639,gaussian,A high quality recording of an electric guitar playing a cool metal solo with accompaniment.
124,17.509204002823058,0.22249641591399055,0.10166243463754654,4.881777286529541,gaussian,A recording of a happy calm Chinese song.
125,17.560059629349528,0.2198226396570797,0.09665954113006592,4.9320149421691895,gaussian,A recording of a happy calm Chinese song.
126,19.732312550936758,0.22428691473575402,0.07841061055660248,4.892995834350586,gaussian,A recording of a happy calm Chinese song.
127,18.27323353399679,0.17832807961705363,0.09183013439178467,5.006721496582031,gaussian,A recording of a happy calm Chinese song.
128,13.30319800022804,0.09455708062789296,0.16944174468517303,5.611682891845703,gaussian,A recording of a funky arcade game soundtrack.
129,13.394262150336234,0.100492808727338,0.1640397310256958,5.550146579742432,gaussian,A recording of a funky arcade game soundtrack.
130,13.159439586155194,0.09706339892813087,0.1747797280550003,5.408910036087036,gaussian,A recording of a funky arcade game soundtrack.
131,13.62715224090126,0.19314947247362793,0.16376322507858276,5.031431674957275,gaussian,A recording of a funky arcade game soundtrack.
132,16.36972663680751,0.19013008042253493,0.12170576304197311,5.23535418510437,gaussian,A recording of a calm arcade game soundtrack.
133,18.04270228848968,0.1864844761351648,0.09432648867368698,4.932784557342529,gaussian,A recording of a calm arcade game soundtrack.
134,16.498705520305823,0.11941039001311093,0.11362142860889435,5.1514410972595215,gaussian,A recording of a calm arcade game soundtrack.
135,13.097198738052576,0.11414857730294212,0.17027893662452698,5.331687688827515,gaussian,A recording of a calm arcade game soundtrack.
136,20.11014804955976,0.330212491980802,0.07337114214897156,4.622077703475952,gaussian,"A jazz song with 2 trumpets, piano, bass and drums playing."
137,19.110035897846053,0.28455861460868714,0.08445524424314499,4.440004587173462,gaussian,"A jazz song with 2 trumpets, piano, bass and drums playing."
138,16.915751505281467,0.22458863273933544,0.11530588567256927,4.919592380523682,gaussian,"A jazz song with 2 trumpets, piano, bass and drums playing."
139,17.51901712485193,0.17912384082630003,0.10603132843971252,5.5012383460998535,gaussian,"A jazz song with 2 trumpets, piano, bass and drums playing."
140,18.082476086802398,0.264097615652714,0.09551846981048584,4.5510149002075195,gaussian,"A recording of a sneaky, quiet and dramatic Chinese music piece, that turns loud in the middle then turns quite again."
141,17.173419696777046,0.15106965221837343,0.10467467457056046,5.543372631072998,gaussian,"A recording of a sneaky, quiet and dramatic Chinese music piece, that turns loud in the middle then turns quite again."
142,13.783640903574385,0.1957734560007104,0.16234958171844482,5.251983404159546,gaussian,"A recording of a sneaky, quiet and dramatic Chinese music piece, that turns loud in the middle then turns quite again."
143,16.71471983678208,0.1496046571976099,0.11094719171524048,5.015005588531494,gaussian,"A recording of a sneaky, quiet and dramatic Chinese music piece, that turns loud in the middle then turns quite again."
144,16.907263580615197,0.22447932174657834,0.10773365944623947,4.983228921890259,gaussian,"A woman is singing while a guitar, bass and drums playing in the background a calm country song."
145,19.075505848628143,0.25427783492410067,0.08450110256671906,5.097496271133423,gaussian,"A woman is singing while a guitar, bass and drums playing in the background a calm country song."
146,17.90294707701626,0.1961272948364421,0.09663854539394379,4.955088376998901,gaussian,"A woman is singing while a guitar, bass and drums playing in the background a calm country song."
147,17.056780990011738,0.24922936628711018,0.10685960203409195,5.0758442878723145,gaussian,"A woman is singing while a guitar, bass and drums playing in the background a calm country song."
148,22.56912489076671,0.33825446292525485,0.05677476525306702,4.602211236953735,gaussian,"A cool 70s rock song of a man singing while a guitar, bass and drums accompany him."
149,18.861187246577515,0.2739547387662785,0.088203564286232,4.907726526260376,gaussian,"A cool 70s rock song of a man singing while a guitar, bass and drums accompany him."
150,17.194863995688006,0.20957474710927282,0.10728373378515244,5.218337297439575,gaussian,"A cool 70s rock song of a man singing while a guitar, bass and drums accompany him."
151,19.87755181635376,0.26593298993537595,0.0778961181640625,4.556029319763184,gaussian,"A cool 70s rock song of a man singing while a guitar, bass and drums accompany him."
152,18.384574180730755,0.22373077096803248,0.0934438705444336,5.5642290115356445,gaussian,"A high quality recording of a saxophone playing, and a guitar, bass and drums playing."
153,19.51938804977814,0.2616404356154225,0.0819467082619667,4.528412103652954,gaussian,"A high quality recording of a saxophone playing, and a guitar, bass and drums playing."
154,16.10093240029692,0.20753697913955713,0.12066027522087097,5.040272235870361,gaussian,"A high quality recording of a saxophone playing, and a guitar, bass and drums playing."
155,19.381810176431525,0.23045228494219658,0.08044197410345078,5.281787157058716,gaussian,"A high quality recording of a saxophone playing, and a guitar, bass and drums playing."
156,19.271408071916568,0.2367588246569774,0.08254969120025635,5.19599723815918,gaussian,A recording of a cool jazz song.
157,17.80055523072072,0.19581263001132798,0.09885858744382858,4.625306606292725,gaussian,A recording of a cool jazz song.
158,18.964003184105096,0.24708003323802416,0.08479690551757812,4.77444314956665,gaussian,A recording of a cool jazz song.
159,19.504387156308283,0.28082745731757924,0.07581385970115662,4.663675546646118,gaussian,A recording of a cool jazz song.
160,19.575633745852716,0.2662861384332005,0.08053746074438095,4.750005722045898,gaussian,A recording of an old rock song.
161,16.860128500100412,0.18022730668116396,0.10893875360488892,5.233541011810303,gaussian,A recording of an old rock song.
162,18.048497241862705,0.3015261870508099,0.08384735882282257,5.215904712677002,gaussian,A recording of an old rock song.
163,15.803926668580097,0.208417870756217,0.12897199392318726,5.222986459732056,gaussian,A recording of an old rock song.
164,16.663393440945903,0.28766315770838485,0.1179782822728157,5.05526065826416,gaussian,A recording of a death metal song.
165,18.69406751546394,0.21939887532101687,0.08926761150360107,5.251617908477783,gaussian,A recording of a death metal song.
166,18.563671270827374,0.32114752209401703,0.0923403650522232,4.327003479003906,gaussian,A recording of a death metal song.
167,14.307239723122386,0.23460500412034377,0.16517126560211182,4.868700265884399,gaussian,A recording of a death metal song.
168,21.397120920793064,0.3199650842168103,0.06610971689224243,4.181776285171509,gaussian,A high quality recording of a rock band playing a happy song.
169,14.282265805910729,0.174138059728015,0.14477652311325073,5.176960229873657,gaussian,A high quality recording of a rock band playing a happy song.
170,21.463278715536095,0.2845273132531171,0.0648605152964592,4.899261236190796,gaussian,A high quality recording of a rock band playing a happy song.
171,16.084072796448716,0.19265600216998263,0.12554220855236053,5.0457987785339355,gaussian,A high quality recording of a rock band playing a happy song.
172,20.806641833217636,0.28239318170270816,0.06864743679761887,4.589081525802612,gaussian,A recording of an old upbeat cool arcade game soundtrack.
173,17.187596264804405,0.14004806204009013,0.10442657768726349,5.025476455688477,gaussian,A recording of an old upbeat cool arcade game soundtrack.
174,15.446003434632374,0.21986376794397433,0.12600134313106537,5.3177244663238525,gaussian,A recording of an old upbeat cool arcade game soundtrack.
175,15.88138185542128,0.17149899844110114,0.12624306976795197,4.771538972854614,gaussian,A recording of an old upbeat cool arcade game soundtrack.
176,13.873289143596669,0.161821897793117,0.1546257585287094,4.930917978286743,gaussian,A recording of a happy upbeat song in a retro arcade game soundtrack style.
177,17.1350023662377,0.2891182513567632,0.09469547122716904,4.9680962562561035,gaussian,A recording of a happy upbeat song in a retro arcade game soundtrack style.
178,14.489928443751516,0.18662084288168995,0.13800425827503204,4.674486398696899,gaussian,A recording of a happy upbeat song in a retro arcade game soundtrack style.
179,19.802524505908213,0.23185089596995506,0.07629673928022385,4.495347023010254,gaussian,A recording of a happy upbeat song in a retro arcade game soundtrack style.
180,18.489509740150766,0.19345536702773503,0.09109557420015335,4.773246765136719,gaussian,"A high quality recording of a trumpet, saxophone, electric keyboard, bass and drums playing."
181,14.397728890688562,0.21724015127269564,0.1470451056957245,5.166661977767944,gaussian,"A high quality recording of a trumpet, saxophone, electric keyboard, bass and drums playing."
182,16.568994051516444,0.18449606849198058,0.11288817226886749,4.912731409072876,gaussian,"A high quality recording of a trumpet, saxophone, electric keyboard, bass and drums playing."
183,16.575371581429586,0.17661267230881023,0.1154947504401207,4.926743268966675,gaussian,"A high quality recording of a trumpet, saxophone, electric keyboard, bass and drums playing."
184,11.910861979498698,0.17475785668075,0.1813640594482422,6.26759672164917,gaussian,"A trumpet and a guitar playing a cool jazz melody, with an accompaniment of a piano, bass and drums."
185,18.60240847565022,0.24406741842467136,0.09038428962230682,4.862262725830078,gaussian,"A trumpet and a guitar playing a cool jazz melody, with an accompaniment of a piano, bass and drums."
186,19.685416074477228,0.23278734195051368,0.07755079865455627,4.567567348480225,gaussian,"A trumpet and a guitar playing a cool jazz melody, with an accompaniment of a piano, bass and drums."
187,18.285251412858404,0.22062461314699175,0.09286243468523026,4.88210391998291,gaussian,"A trumpet and a guitar playing a cool jazz melody, with an accompaniment of a piano, bass and drums."
188,13.221286572909893,0.10741556499724016,0.17098990082740784,5.219665765762329,gaussian,A recording of a Arabic song.
189,13.000293707192938,0.05837327013368881,0.1778680831193924,5.5937018394470215,gaussian,A recording of a Arabic song.
190,18.214913166814917,0.2343949105218718,0.09328217804431915,4.615974426269531,gaussian,A recording of a Arabic song.
191,16.026350372651997,0.14739487004777319,0.12035712599754333,4.865001678466797,gaussian,A recording of a Arabic song.
192,17.416154337301343,0.20655731806491123,0.1026187315583229,4.704308986663818,gaussian,A high quality recording of an epic guitar country solo with a country band accompaniment.
193,17.20769585190537,0.21026399121072178,0.10491982847452164,4.6229681968688965,gaussian,A high quality recording of an epic guitar country solo with a country band accompaniment.
194,18.824587362646557,0.29745062772881503,0.0884675607085228,4.490686416625977,gaussian,A high quality recording of an epic guitar country solo with a country band accompaniment.
195,18.415938621985443,0.20331796953402578,0.09103448688983917,4.480662822723389,gaussian,A high quality recording of an epic guitar country solo with a country band accompaniment.
196,20.148171600696113,0.28206051339140353,0.0729033350944519,4.98211145401001,gaussian,"An electric guitar playing epic riffs while a piano, bass and drums are playing in the background."
197,12.861831299133561,0.12940592783529323,0.18979384005069733,5.622559070587158,gaussian,"An electric guitar playing epic riffs while a piano, bass and drums are playing in the background."
198,16.583486855552767,0.16879480272009448,0.11569076031446457,4.858166694641113,gaussian,"An electric guitar playing epic riffs while a piano, bass and drums are playing in the background."
199,15.443918237538597,0.11560376952310328,0.12929004430770874,5.691522836685181,gaussian,"An electric guitar playing epic riffs while a piano, bass and drums are playing in the background."
200,18.338509811944334,0.21044163570895522,0.09431075304746628,5.418194532394409,gaussian,A recording of an upbeat angry movie soundtrack.
201,14.106421151046355,0.18538987937747903,0.15676937997341156,5.194295883178711,gaussian,A recording of an upbeat angry movie soundtrack.
202,15.440819418896483,0.12061285506931217,0.12663862109184265,5.2284979820251465,gaussian,A recording of an upbeat angry movie soundtrack.
203,19.225453311258065,0.25543342625301874,0.0835462436079979,5.03473162651062,gaussian,A recording of an upbeat angry movie soundtrack.
204,16.440080741708066,0.2299933193540274,0.12229166179895401,4.917760610580444,gaussian,A recording of a sneaky arcade game soundtrack.
205,13.978148785283995,0.1313350375560402,0.14696457982063293,5.5952582359313965,gaussian,A recording of a sneaky arcade game soundtrack.
206,14.917961972736698,0.21355224255422886,0.1324646770954132,5.445980787277222,gaussian,A recording of a sneaky arcade game soundtrack.
207,16.17180178052317,0.1909946711238761,0.1296013444662094,5.443384408950806,gaussian,A recording of a sneaky arcade game soundtrack.
208,19.449672981223888,0.2502261093518216,0.08303209394216537,4.9178831577301025,gaussian,A recording of a romantic country song.
209,17.063774766963363,0.28282001764900344,0.11289652436971664,4.486735582351685,gaussian,A recording of a romantic country song.
210,17.803773375117594,0.2380027194215946,0.09767477959394455,4.486347675323486,gaussian,A recording of a romantic country song.
211,21.246706835654695,0.3196855006398934,0.06646209955215454,4.608242750167847,gaussian,A recording of a romantic country song.
212,17.87473858094526,0.30550684529954125,0.0933685302734375,4.682934522628784,gaussian,A high quality recording of a metal band playing a happy song.
213,13.072301722357144,0.12756755468456926,0.17569275200366974,6.019326210021973,gaussian,A high quality recording of a metal band playing a happy song.
214,15.436683652992793,0.225537863993382,0.12982897460460663,5.068455219268799,gaussian,A high quality recording of a metal band playing a happy song.
215,12.485238866725787,0.11255663568198213,0.1869155466556549,5.053938150405884,gaussian,A high quality recording of a metal band playing a happy song.
216,19.661430970639667,0.2921673032639576,0.07814183086156845,5.204384803771973,gaussian,A high quality recording of a trumpet playing a melody while another trumpet and drums are playing in the background.
217,14.318851351932773,0.0617185150199884,0.15387985110282898,5.451817512512207,gaussian,A high quality recording of a trumpet playing a melody while another trumpet and drums are playing in the background.
218,14.602533284952916,0.20534438294303198,0.1393216848373413,4.988918781280518,gaussian,A high quality recording of a trumpet playing a melody while another trumpet and drums are playing in the background.
219,14.529594540502284,0.22475355454463505,0.13118785619735718,4.991544723510742,gaussian,A high quality recording of a trumpet playing a melody while another trumpet and drums are playing in the background.
220,14.705828416151629,0.12963954399848976,0.14203539490699768,5.614828586578369,gaussian,A recording of a slow cool metal song.
221,9.880910493744574,0.12748596635587578,0.25222694873809814,5.64091420173645,gaussian,A recording of a slow cool metal song.
222,16.1780302077481,0.2553381124300726,0.10770940035581589,5.125473737716675,gaussian,A recording of a slow cool metal song.
223,17.230218408166756,0.2040449850479007,0.10477166622877121,5.018535137176514,gaussian,A recording of a slow cool metal song.
224,19.405945025730478,0.26649355322169666,0.08137732744216919,4.723445892333984,gaussian,"A jazz song with a guitar, trumpet, piano, bass and drums playing."
225,16.9674238305792,0.15922557131983664,0.11062906682491302,5.023962497711182,gaussian,"A jazz song with a guitar, trumpet, piano, bass and drums playing."
226,16.42209984280213,0.16209934500348788,0.11386528611183167,4.576991319656372,gaussian,"A jazz song with a guitar, trumpet, piano, bass and drums playing."
227,16.05119165566463,0.19808347208056887,0.12175341695547104,4.538016319274902,gaussian,"A jazz song with a guitar, trumpet, piano, bass and drums playing."
228,15.287833368751482,0.2766482535341375,0.1236792579293251,4.821880102157593,gaussian,"A metal song with an electric guitar, bass and drums playing."
229,15.064384569488169,0.26163258273448725,0.14784958958625793,5.08543848991394,gaussian,"A metal song with an electric guitar, bass and drums playing."
230,18.151003953908965,0.31303014503985066,0.08393124490976334,5.099785804748535,gaussian,"A metal song with an electric guitar, bass and drums playing."
231,21.291515431017505,0.36123780139073625,0.06778497993946075,4.344184160232544,gaussian,"A metal song with an electric guitar, bass and drums playing."
232,19.886698359523905,0.2658954989211542,0.07724408805370331,4.531953811645508,gaussian,A cello playing a melody and then slowly a violin joins and more strings and they play a happy emotional song.
233,20.20179001854412,0.33230416141241115,0.0727650448679924,4.006524205207825,gaussian,A cello playing a melody and then slowly a violin joins and more strings and they play a happy emotional song.
234,13.65616062418944,0.26627732359303913,0.13408145308494568,5.448343992233276,gaussian,A cello playing a melody and then slowly a violin joins and more strings and they play a happy emotional song.
235,19.38621859466628,0.2562958618035957,0.08147863298654556,4.712443113327026,gaussian,A cello playing a melody and then slowly a violin joins and more strings and they play a happy emotional song.
236,17.62375128493253,0.26121847407714577,0.10360558331012726,4.545406341552734,gaussian,"A recording of a sneaky, quiet and dramatic arcade game soundtrack, that turns loud in the middle then turns quite again."
237,18.95454976710932,0.24226721676009086,0.08735508471727371,4.590571165084839,gaussian,"A recording of a sneaky, quiet and dramatic arcade game soundtrack, that turns loud in the middle then turns quite again."
238,17.580727111847946,0.20836920137334744,0.097806915640831,4.869482755661011,gaussian,"A recording of a sneaky, quiet and dramatic arcade game soundtrack, that turns loud in the middle then turns quite again."
239,15.933725939575405,0.16726768486652566,0.12441985309123993,4.818204164505005,gaussian,"A recording of a sneaky, quiet and dramatic arcade game soundtrack, that turns loud in the middle then turns quite again."
240,16.101931566043504,0.15557423488766506,0.12636889517307281,5.516751527786255,gaussian,A high quality recording of a cello and violins playing a happy and emotional piece.
241,15.836521872802475,0.16478566872627204,0.12104084342718124,5.6716530323028564,gaussian,A high quality recording of a cello and violins playing a happy and emotional piece.
242,22.5156313126815,0.3659640718771497,0.056396208703517914,4.143331527709961,gaussian,A high quality recording of a cello and violins playing a happy and emotional piece.
243,16.05679981266881,0.22400355076096265,0.11807268857955933,4.545006990432739,gaussian,A high quality recording of a cello and violins playing a happy and emotional piece.
244,18.290543502992705,0.20923225247986746,0.09461183100938797,4.413868427276611,gaussian,"A cool 60s jazz song of a saxophone playing while a guitar, bass and drums accompany him."
245,20.610347267230825,0.3089534057316863,0.07242874801158905,4.578679800033569,gaussian,"A cool 60s jazz song of a saxophone playing while a guitar, bass and drums accompany him."
246,18.938553610859408,0.24918737705200028,0.08877410739660263,4.621110200881958,gaussian,"A cool 60s jazz song of a saxophone playing while a guitar, bass and drums accompany him."
247,14.811212177330093,0.13373778835164113,0.13910230994224548,4.9425880908966064,gaussian,"A cool 60s jazz song of a saxophone playing while a guitar, bass and drums accompany him."
248,15.826866071523163,0.2637797736353505,0.127405047416687,5.449264287948608,gaussian,"A techno song of a synthesizer playing while an electric guitar, bass and drums are playing in the background."
249,15.591366502630128,0.18729849364751736,0.12645530700683594,5.237207889556885,gaussian,"A techno song of a synthesizer playing while an electric guitar, bass and drums are playing in the background."
250,16.68723912255002,0.17835966697789052,0.11365123838186264,4.8899383544921875,gaussian,"A techno song of a synthesizer playing while an electric guitar, bass and drums are playing in the background."
251,10.023487477983164,0.08405947494006014,0.260935515165329,5.618812799453735,gaussian,"A techno song of a synthesizer playing while an electric guitar, bass and drums are playing in the background."
252,18.38965113762552,0.18662328796286987,0.08821108937263489,4.649080038070679,gaussian,A man singing a melody and then slowly a woman joins and strings and they play a happy emotional song.
253,22.572984149176722,0.3304365553151066,0.05695971101522446,4.340185642242432,gaussian,A man singing a melody and then slowly a woman joins and strings and they play a happy emotional song.
254,17.56299267170394,0.2216199294758219,0.1060800552368164,4.9789276123046875,gaussian,A man singing a melody and then slowly a woman joins and strings and they play a happy emotional song.
255,16.033544663930822,0.20823914145480976,0.1181594729423523,4.918946981430054,gaussian,A man singing a melody and then slowly a woman joins and strings and they play a happy emotional song.
256,17.6014195581727,0.19656544598016415,0.10259443521499634,4.738225698471069,gaussian,"A clarinet playing a quiet jazz melody, with an accompaniment of bass and drums."
257,18.788203721367164,0.2635325607245309,0.08634218573570251,4.453522682189941,gaussian,"A clarinet playing a quiet jazz melody, with an accompaniment of bass and drums."
258,20.880152244219765,0.25404454295095125,0.06862926483154297,4.545524597167969,gaussian,"A clarinet playing a quiet jazz melody, with an accompaniment of bass and drums."
259,12.628901258569378,0.16628529075473455,0.18420107662677765,5.380302429199219,gaussian,"A clarinet playing a quiet jazz melody, with an accompaniment of bass and drums."
260,21.01552409500328,0.29727081169131486,0.06744854152202606,4.86740517616272,gaussian,A recording of a happy movie score.
261,16.688500087132596,0.19849215562571523,0.11658408492803574,4.907626152038574,gaussian,A recording of a happy movie score.
262,16.435925302519113,0.2343148116202539,0.1165342852473259,5.492775201797485,gaussian,A recording of a happy movie score.
263,17.21511081743177,0.25097634330668256,0.10827819257974625,5.207226037979126,gaussian,A recording of a happy movie score.
264,13.834851866585144,0.08082884928810936,0.16076450049877167,5.145894765853882,gaussian,"A high quality recording of strings, flutes and drums playing."
265,18.955920364894865,0.22010604903022482,0.08761440217494965,4.950095176696777,gaussian,"A high quality recording of strings, flutes and drums playing."
266,15.016767468517582,0.1608961000113584,0.1370079070329666,5.325987339019775,gaussian,"A high quality recording of strings, flutes and drums playing."
267,15.908834157789677,0.16190567754385146,0.12120237201452255,5.369595289230347,gaussian,"A high quality recording of strings, flutes and drums playing."
268,18.317052196392122,0.25366077199324766,0.09739138931035995,4.670198917388916,gaussian,A high quality recording of an epic saxophone jazz solo with a jazz band accompaniment.
269,20.26974121911591,0.2556887012526357,0.07351899147033691,4.667739629745483,gaussian,A high quality recording of an epic saxophone jazz solo with a jazz band accompaniment.
270,18.422426547229115,0.2147026309824665,0.09167760610580444,4.764262914657593,gaussian,A high quality recording of an epic saxophone jazz solo with a jazz band accompaniment.
271,16.928707543856707,0.24274447575445388,0.11200625449419022,4.632172584533691,gaussian,A high quality recording of an epic saxophone jazz solo with a jazz band accompaniment.
272,12.128491804645812,0.04952609675592077,0.18985405564308167,5.093511581420898,gaussian,A high quality recording of wind instruments playing.
273,14.75655575773267,0.10425461223225016,0.1425081342458725,5.788217782974243,gaussian,A high quality recording of wind instruments playing.
274,15.809995602780829,0.24177577036428816,0.1322910040616989,5.077910900115967,gaussian,A high quality recording of wind instruments playing.
275,17.907208111328107,0.28360257901791147,0.09412384778261185,4.873870611190796,gaussian,A high quality recording of wind instruments playing.
276,16.376449656224885,0.12932962077578938,0.1157882809638977,5.543394565582275,gaussian,A recording of a dramatic metal song.
277,16.676966824548014,0.2963677963555558,0.11977819353342056,4.579824924468994,gaussian,A recording of a dramatic metal song.
278,21.90077108632334,0.3114312550651778,0.058780066668987274,4.90911602973938,gaussian,A recording of a dramatic metal song.
279,14.498475965118235,0.215539732582718,0.15473158657550812,5.088502883911133,gaussian,A recording of a dramatic metal song.
280,20.02715012743479,0.28896296315260434,0.07548205554485321,4.689375162124634,gaussian,"A high quality recording of a saxophone playing and drums, guitar and bass playing a song, and later a trumpet is playing."
281,18.309680410325726,0.22744789918759123,0.09440559893846512,4.6380720138549805,gaussian,"A high quality recording of a saxophone playing and drums, guitar and bass playing a song, and later a trumpet is playing."
282,21.336829461850684,0.293422774706721,0.06422939896583557,4.391588449478149,gaussian,"A high quality recording of a saxophone playing and drums, guitar and bass playing a song, and later a trumpet is playing."
283,15.48798058890698,0.16644866670611433,0.1344706118106842,4.717280387878418,gaussian,"A high quality recording of a saxophone playing and drums, guitar and bass playing a song, and later a trumpet is playing."
284,12.08781493744617,0.1271552617631269,0.20012861490249634,5.176850318908691,gaussian,Flutes and strings playing a happy calm classical score.
285,19.703183833632195,0.27535709317069507,0.07598493248224258,4.685471296310425,gaussian,Flutes and strings playing a happy calm classical score.
286,16.62443566222121,0.22873245880445103,0.10612258315086365,5.114964246749878,gaussian,Flutes and strings playing a happy calm classical score.
287,20.511278611641636,0.27753131577473045,0.0690399631857872,5.2825469970703125,gaussian,Flutes and strings playing a happy calm classical score.
288,20.556112546186725,0.29732281525039284,0.07119325548410416,4.343735456466675,gaussian,"Strings, flutes, and harp playing an upbeat happy piece."
289,16.787074691457025,0.16526150068626577,0.11636139452457428,5.0715107917785645,gaussian,"Strings, flutes, and harp playing an upbeat happy piece."
290,20.01411912001981,0.27495233194736307,0.07406987249851227,4.272322177886963,gaussian,"Strings, flutes, and harp playing an upbeat happy piece."
291,18.59779123388219,0.1981947543534542,0.08598265796899796,4.856421947479248,gaussian,"Strings, flutes, and harp playing an upbeat happy piece."
292,14.231340762614284,0.1454407780079889,0.14826957881450653,4.823139429092407,gaussian,"Flutes, wind instruments and strings playing a dramatic classical music piece."
293,20.89868111426739,0.33068957017180073,0.06551539152860641,4.039014458656311,gaussian,"Flutes, wind instruments and strings playing a dramatic classical music piece."
294,16.64569644083752,0.2334931371204496,0.11781145632266998,4.990084409713745,gaussian,"Flutes, wind instruments and strings playing a dramatic classical music piece."
295,12.932129082852423,0.11170009757029212,0.18284499645233154,4.911787033081055,gaussian,"Flutes, wind instruments and strings playing a dramatic classical music piece."
296,15.093794745391058,0.17798740889041673,0.1359463781118393,5.592754125595093,gaussian,"A high quality recording of a saxophone playing and drums, guitar and bass playing a song, and later a woman is singing."
297,20.324657104745082,0.2842467099035249,0.07311791926622391,4.864177942276001,gaussian,"A high quality recording of a saxophone playing and drums, guitar and bass playing a song, and later a woman is singing."
298,18.468269407837624,0.25797451642319574,0.0835672914981842,4.963054656982422,gaussian,"A high quality recording of a saxophone playing and drums, guitar and bass playing a song, and later a woman is singing."
299,19.142384215299778,0.22813238936351513,0.08335258811712265,4.804043292999268,gaussian,"A high quality recording of a saxophone playing and drums, guitar and bass playing a song, and later a woman is singing."
300,14.809955327343465,0.13588561787910675,0.14546358585357666,5.207476854324341,gaussian,A recording of a cool movie soundtrack.
301,20.402576063016493,0.25464998379690285,0.07229971140623093,4.661895751953125,gaussian,A recording of a cool movie soundtrack.
302,14.511947243750189,0.19169537562868347,0.1536099761724472,5.209914207458496,gaussian,A recording of a cool movie soundtrack.
303,19.1746253150168,0.23461228998081649,0.08345028758049011,4.975409269332886,gaussian,A recording of a cool movie soundtrack.
304,19.850959711673728,0.2448262153586518,0.07483571022748947,4.771875619888306,gaussian,A recording of a happy orchestral score.
305,17.19236387640382,0.16389995499105026,0.1072038784623146,4.588181257247925,gaussian,A recording of a happy orchestral score.
306,19.192841141312787,0.24647182500250578,0.08440613746643066,4.316269636154175,gaussian,A recording of a happy orchestral score.
307,18.599672997983983,0.2621867645849176,0.08958189189434052,4.807608127593994,gaussian,A recording of a happy orchestral score.
308,18.991002128016497,0.25516310735180325,0.08536536246538162,4.813730716705322,gaussian,"A jazz song with a saxophone, violin, bass and drums playing."
309,19.031141095171087,0.2503208615278911,0.08316370844841003,4.667722463607788,gaussian,"A jazz song with a saxophone, violin, bass and drums playing."
310,15.35369739609713,0.17540380029990318,0.13024401664733887,4.7107415199279785,gaussian,"A jazz song with a saxophone, violin, bass and drums playing."
311,19.200321465320222,0.24300087375612467,0.08390557765960693,4.7797932624816895,gaussian,"A jazz song with a saxophone, violin, bass and drums playing."
312,19.452919250518157,0.22061515159426645,0.08049512654542923,4.800522327423096,gaussian,A high quality recording of a synthesizer playing with a guitar and drums playing in the background.
313,17.184200330486988,0.16408154102017825,0.10370725393295288,5.398371458053589,gaussian,A high quality recording of a synthesizer playing with a guitar and drums playing in the background.
314,20.89984040541054,0.31615961475191323,0.06711167842149734,4.771544694900513,gaussian,A high quality recording of a synthesizer playing with a guitar and drums playing in the background.
315,17.128388561685913,0.14988063903349294,0.10792923718690872,5.0616302490234375,gaussian,A high quality recording of a synthesizer playing with a guitar and drums playing in the background.
316,14.425929043891141,0.09873734443801951,0.1485111564397812,5.753292560577393,gaussian,A recording of hip hop music.
317,15.682724686666846,0.22141395212387532,0.133196160197258,5.254286527633667,gaussian,A recording of hip hop music.
318,18.05360717241841,0.21389935644706,0.09700445085763931,4.7002272605896,gaussian,A recording of hip hop music.
319,12.443472624121899,0.11046873640638855,0.18549294769763947,5.751704454421997,gaussian,A recording of hip hop music.
320,18.191667142820812,0.22678402426569022,0.09526116400957108,4.90765380859375,gaussian,"Guitars, trumpets, and piano playing a happy song."
321,17.351178186022796,0.17890143399747233,0.10230598598718643,4.733188152313232,gaussian,"Guitars, trumpets, and piano playing a happy song."
322,12.637989136463537,0.1445399072944844,0.18771059811115265,5.458275556564331,gaussian,"Guitars, trumpets, and piano playing a happy song."
323,18.8993033603847,0.21996227853582856,0.08622344583272934,5.0931549072265625,gaussian,"Guitars, trumpets, and piano playing a happy song."
324,16.460790668404137,0.21053253714573156,0.11380242556333542,4.897422552108765,gaussian,"A jazz song with a trumpet, piano, bass and drums playing."
325,18.630963490378562,0.2236927929538824,0.09048298001289368,4.762445688247681,gaussian,"A jazz song with a trumpet, piano, bass and drums playing."
326,20.4953649410691,0.27428890474452733,0.07130854576826096,4.655083656311035,gaussian,"A jazz song with a trumpet, piano, bass and drums playing."
327,19.323407492400445,0.26799375607926007,0.08076008409261703,4.592844486236572,gaussian,"A jazz song with a trumpet, piano, bass and drums playing."
328,16.5261019040516,0.25267028019046694,0.11534629762172699,4.640661239624023,gaussian,"A cool 90s hip hop song of a man singing while a guitar, bass and drums accompany him."
329,18.201828794644626,0.2301132368446746,0.09392517805099487,5.145179271697998,gaussian,"A cool 90s hip hop song of a man singing while a guitar, bass and drums accompany him."
330,18.8205404725634,0.2530918613950413,0.08642607182264328,4.876624584197998,gaussian,"A cool 90s hip hop song of a man singing while a guitar, bass and drums accompany him."
331,17.964265444720475,0.24746306012878938,0.09767314791679382,5.026014566421509,gaussian,"A cool 90s hip hop song of a man singing while a guitar, bass and drums accompany him."
332,13.198307219361094,0.16794186469578803,0.163609579205513,4.993950605392456,gaussian,A recording of an old timey Chinese song from the forties.
333,19.495787744722417,0.23823868284774435,0.08189033716917038,4.7260661125183105,gaussian,A recording of an old timey Chinese song from the forties.
334,11.717407753473905,0.21709935805070743,0.19063793122768402,5.2569966316223145,gaussian,A recording of an old timey Chinese song from the forties.
335,17.64081923005428,0.18513193286037674,0.09920410811901093,4.870119094848633,gaussian,A recording of an old timey Chinese song from the forties.
336,19.57726567526844,0.287855742639514,0.07788757979869843,4.752980947494507,gaussian,A high quality recording of a woman singing with an orchestra rock band accompaniment.
337,19.89764521805242,0.2479989227249683,0.07528473436832428,4.431448698043823,gaussian,A high quality recording of a woman singing with an orchestra rock band accompaniment.
338,17.392439285558584,0.22385421938775585,0.10642319172620773,5.122504711151123,gaussian,A high quality recording of a woman singing with an orchestra rock band accompaniment.
339,19.231667836797783,0.263150088909992,0.08482800424098969,4.636008262634277,gaussian,A high quality recording of a woman singing with an orchestra rock band accompaniment.
340,18.184524691245034,0.21374525901184319,0.09101305902004242,5.32066535949707,gaussian,A recording of happy techno music.
341,20.220293790930807,0.2711803726860156,0.07503620535135269,5.156666278839111,gaussian,A recording of happy techno music.
342,16.154861593240557,0.1301689058248485,0.12120077759027481,5.069787979125977,gaussian,A recording of happy techno music.
343,18.892853354964657,0.25375067448942,0.08714689314365387,4.312453985214233,gaussian,A recording of happy techno music.
344,15.94053913302134,0.1747476976286778,0.12484479695558548,4.734379768371582,gaussian,"Strings playing a mysterious song, alongside drums and flutes."
345,15.802456668108299,0.17661546873671405,0.129010871052742,4.881116151809692,gaussian,"Strings playing a mysterious song, alongside drums and flutes."
346,14.384417697835428,0.07399564028727591,0.14928017556667328,5.289897441864014,gaussian,"Strings playing a mysterious song, alongside drums and flutes."
347,17.33347756592098,0.18946896078718134,0.10605230927467346,4.870373010635376,gaussian,"Strings playing a mysterious song, alongside drums and flutes."
348,17.09367722038011,0.17322228903713183,0.10991371423006058,4.380195617675781,gaussian,A high quality recording of a choir and violins playing a happy and emotional  piece.
349,18.472256093156158,0.16233661147051967,0.08886371552944183,4.91332483291626,gaussian,A high quality recording of a choir and violins playing a happy and emotional  piece.
350,19.052830220657547,0.21126647048771613,0.08577322959899902,4.45735764503479,gaussian,A high quality recording of a choir and violins playing a happy and emotional  piece.
351,18.136780596234143,0.24188965290541006,0.09775600582361221,4.642067909240723,gaussian,A high quality recording of a choir and violins playing a happy and emotional  piece.
352,12.753724320659837,0.15954390743887228,0.17334403097629547,4.903689384460449,gaussian,"A classical piece with a string section, piano, bass and drums playing."
353,18.472102987536577,0.2207272409357293,0.08785749971866608,5.3088579177856445,gaussian,"A classical piece with a string section, piano, bass and drums playing."
354,20.676575945897607,0.24909376743389616,0.06984848529100418,4.5765509605407715,gaussian,"A classical piece with a string section, piano, bass and drums playing."
355,18.6951826549626,0.2517312739551147,0.08729823678731918,4.4290611743927,gaussian,"A classical piece with a string section, piano, bass and drums playing."
356,18.854768636371375,0.2843782327385042,0.08325453102588654,4.589265823364258,gaussian,A recording of an old classical song.
357,19.14086308592018,0.23273306664849006,0.08578860014677048,4.481071949005127,gaussian,A recording of an old classical song.
358,13.404139361345495,0.12093340722395443,0.18015271425247192,5.315763711929321,gaussian,A recording of an old classical song.
359,11.898065381598464,0.06302892292587504,0.20854543149471283,5.248636960983276,gaussian,A recording of an old classical song.
360,18.446796729919043,0.21603319894595163,0.09072110056877136,5.040754318237305,gaussian,"A high quality recording of a man singing, and a piano, bass and drums playing."
361,18.720850390141372,0.2557707235753798,0.0870516449213028,5.095573425292969,gaussian,"A high quality recording of a man singing, and a piano, bass and drums playing."
362,15.856483685086047,0.2078660219626183,0.12728023529052734,5.20748496055603,gaussian,"A high quality recording of a man singing, and a piano, bass and drums playing."
363,18.936345734936587,0.23991312006051643,0.08615384250879288,4.8418614864349365,gaussian,"A high quality recording of a man singing, and a piano, bass and drums playing."
364,19.962980603729058,0.25200362323058423,0.07574698328971863,4.575662851333618,gaussian,A recording of a dramatic Chinese music piece.
365,13.866027678403878,0.20524425522309256,0.1705750823020935,5.730661869049072,gaussian,A recording of a dramatic Chinese music piece.
366,18.643187780958563,0.24195719398900994,0.09023106843233109,4.622695207595825,gaussian,A recording of a dramatic Chinese music piece.
367,14.868983355714603,0.2014241126925212,0.12503674626350403,5.6769115924835205,gaussian,A recording of a dramatic Chinese music piece.
368,16.62603208243658,0.21433923205560615,0.1095820814371109,5.064455509185791,gaussian,A saxophone playing a melody and then slowly a violin joins and more strings and they play a happy emotional song.
369,16.0582216928123,0.13681459773397514,0.12251352518796921,4.920355558395386,gaussian,A saxophone playing a melody and then slowly a violin joins and more strings and they play a happy emotional song.
370,14.319720494980377,0.203238021844708,0.1678103357553482,4.730931758880615,gaussian,A saxophone playing a melody and then slowly a violin joins and more strings and they play a happy emotional song.
371,19.795066016680952,0.2670831007737983,0.0798087865114212,4.695863723754883,gaussian,A saxophone playing a melody and then slowly a violin joins and more strings and they play a happy emotional song.
372,18.13711214988456,0.2708346646341034,0.09261975437402725,5.341350555419922,gaussian,"A woman is singing a country song with a violin, bass and drums playing in the background."
373,16.339727555088345,0.18571834146036711,0.11572860181331635,5.138296604156494,gaussian,"A woman is singing a country song with a violin, bass and drums playing in the background."
374,20.391622243991737,0.28773144814647106,0.07221507281064987,4.786774158477783,gaussian,"A woman is singing a country song with a violin, bass and drums playing in the background."
375,21.777138978506045,0.30412433854811416,0.061705783009529114,4.652491092681885,gaussian,"A woman is singing a country song with a violin, bass and drums playing in the background."
376,18.695501141022845,0.24367841697611553,0.08878408372402191,5.017594575881958,gaussian,A recording of a classical song.
377,14.227356783656074,0.16383505561067233,0.14441967010498047,5.31896448135376,gaussian,A recording of a classical song.
378,16.038690357287077,0.2521728299660295,0.11690893024206161,4.901047468185425,gaussian,A recording of a classical song.
379,15.29517933735666,0.2101606992583475,0.13755637407302856,5.289432048797607,gaussian,A recording of a classical song.
380,18.802565031350948,0.21872484460523026,0.08664612472057343,4.761053562164307,gaussian,Flutes playing alongside a woman vocalizing a happy upbeat melody.
381,16.910289072529306,0.24886505983043372,0.11022115498781204,4.952683925628662,gaussian,Flutes playing alongside a woman vocalizing a happy upbeat melody.
382,16.145379257787468,0.2169499515222656,0.12662732601165771,5.202672004699707,gaussian,Flutes playing alongside a woman vocalizing a happy upbeat melody.
383,15.974857978655074,0.1359213791661031,0.1185997799038887,5.034963369369507,gaussian,Flutes playing alongside a woman vocalizing a happy upbeat melody.
384,17.491783838324412,0.2284235327650838,0.10352607071399689,4.665588617324829,gaussian,"Trumpets playing alongside a piano, bass and drums in an upbeat old-timey cool jazz song."
385,18.629731492008798,0.2488113295311247,0.089515820145607,4.761087417602539,gaussian,"Trumpets playing alongside a piano, bass and drums in an upbeat old-timey cool jazz song."
386,20.060585389633488,0.28524945807793267,0.07429136335849762,4.522485256195068,gaussian,"Trumpets playing alongside a piano, bass and drums in an upbeat old-timey cool jazz song."
387,13.80775809364384,0.21546616010936745,0.16109910607337952,4.935636043548584,gaussian,"Trumpets playing alongside a piano, bass and drums in an upbeat old-timey cool jazz song."
388,16.068881283742716,0.16112594539479402,0.11979301273822784,5.312558889389038,gaussian,"A high quality recording of a man singing while a piano, bass and drums accompany him."
389,18.148534059412974,0.23889745457501912,0.09313234686851501,4.5048229694366455,gaussian,"A high quality recording of a man singing while a piano, bass and drums accompany him."
390,17.684684605717436,0.28683146659870734,0.10441847145557404,4.985234498977661,gaussian,"A high quality recording of a man singing while a piano, bass and drums accompany him."
391,19.10444330290013,0.28516670698617236,0.08651650696992874,4.868092775344849,gaussian,"A high quality recording of a man singing while a piano, bass and drums accompany him."
392,15.492787928129811,0.12717157823204686,0.1258571892976761,5.096282005310059,gaussian,"A techno song of a synthesizer playing while a guitar, bass and drums are playing in the background."
393,18.313023940794533,0.12888477568689288,0.0916125699877739,4.973440170288086,gaussian,"A techno song of a synthesizer playing while a guitar, bass and drums are playing in the background."
394,13.057201068512514,0.18064099901510866,0.191864013671875,4.934916734695435,gaussian,"A techno song of a synthesizer playing while a guitar, bass and drums are playing in the background."
395,16.07494287792334,0.20332356873907895,0.11947488784790039,4.613119125366211,gaussian,"A techno song of a synthesizer playing while a guitar, bass and drums are playing in the background."
396,14.81727518950417,0.15545107460744334,0.1402679681777954,5.4849371910095215,gaussian,"strings, bass and drums playing."
397,18.83807052079178,0.2518658997445472,0.07974043488502502,4.8513503074646,gaussian,"strings, bass and drums playing."
398,12.627755094523332,0.081674246371834,0.17815859615802765,6.057759761810303,gaussian,"strings, bass and drums playing."
399,15.559975782711264,0.2569866496673059,0.13100899755954742,5.127827882766724,gaussian,"strings, bass and drums playing."
400,17.457235072956337,0.23305262195362628,0.09749853610992432,5.035136699676514,gaussian,"A rock song of a guitar, bass and drums are playing in the background."
401,18.08472874897705,0.2919467963657505,0.0947430431842804,4.9937744140625,gaussian,"A rock song of a guitar, bass and drums are playing in the background."
402,19.13101200603521,0.23985435495927107,0.08423268795013428,4.876411199569702,gaussian,"A rock song of a guitar, bass and drums are playing in the background."
403,12.995205022815547,0.11541705514355231,0.1851961463689804,5.60083270072937,gaussian,"A rock song of a guitar, bass and drums are playing in the background."
404,17.91280807570572,0.2922001501047957,0.09876403957605362,5.030219793319702,gaussian,A high quality recording of a rock band playing a slow metal song.
405,15.243246497492034,0.23721511961661199,0.14161904156208038,4.9603259563446045,gaussian,A high quality recording of a rock band playing a slow metal song.
406,17.749549863488234,0.23611780442466437,0.0981316864490509,4.790158033370972,gaussian,A high quality recording of a rock band playing a slow metal song.
407,11.978095088718977,0.141620543731144,0.19891060888767242,5.404271602630615,gaussian,A high quality recording of a rock band playing a slow metal song.
408,20.637634887926787,0.32146417550837575,0.06816960871219635,4.585137605667114,gaussian,"Arabic strings, flutes, and harp playing calm happy Arabic music."
409,18.22178976546927,0.20324940892215138,0.0947849228978157,4.426634788513184,gaussian,"Arabic strings, flutes, and harp playing calm happy Arabic music."
410,17.43886299828946,0.22547303761913468,0.10499724000692368,5.469679832458496,gaussian,"Arabic strings, flutes, and harp playing calm happy Arabic music."
411,17.71836398524829,0.24935190838131185,0.10129993408918381,4.801426649093628,gaussian,"Arabic strings, flutes, and harp playing calm happy Arabic music."
412,18.779296842406456,0.21042076077431998,0.08684513717889786,4.750812768936157,gaussian,A recording of a scary techno song.
413,22.709893426303505,0.35170385872147697,0.055739227682352066,4.560545921325684,gaussian,A recording of a scary techno song.
414,16.226591303021614,0.23589967265878864,0.12111938744783401,4.740539073944092,gaussian,A recording of a scary techno song.
415,17.57979494655951,0.17598941024538728,0.098657988011837,4.834203243255615,gaussian,A recording of a scary techno song.
416,15.871557924126893,0.13846050117814482,0.12564951181411743,5.209268569946289,gaussian,A rock band playing rock music. You can hear guitars and a piano.
417,20.363664193979524,0.28740540717637075,0.07426384091377258,5.168322563171387,gaussian,A rock band playing rock music. You can hear guitars and a piano.
418,16.21406459142699,0.25428120765349865,0.1270703226327896,5.131238222122192,gaussian,A rock band playing rock music. You can hear guitars and a piano.
419,19.462725030679273,0.2699920511166999,0.08182818442583084,5.120025396347046,gaussian,A rock band playing rock music. You can hear guitars and a piano.
420,12.23695921333494,0.12785966869388876,0.1775389015674591,5.708475351333618,gaussian,A recording of a dramatic epic Arabic piece.
421,9.103051930374644,0.1326866833941926,0.27939391136169434,5.828112602233887,gaussian,A recording of a dramatic epic Arabic piece.
422,14.443558384814228,0.17618709185368203,0.1589461714029312,5.158470392227173,gaussian,A recording of a dramatic epic Arabic piece.
423,17.982295011544288,0.2637837708256624,0.09561130404472351,4.6497697830200195,gaussian,A recording of a dramatic epic Arabic piece.
424,11.569628778214083,0.06915895732554896,0.22690770030021667,5.173137187957764,gaussian,A high quality recording of a violin playing while an orchestra play in the background.
425,15.840053880504072,0.1603848024605318,0.11548986285924911,4.726081371307373,gaussian,A high quality recording of a violin playing while an orchestra play in the background.
426,17.600162742901045,0.2892404366835406,0.09354826807975769,5.210050344467163,gaussian,A high quality recording of a violin playing while an orchestra play in the background.
427,18.00567015217258,0.28093782502923237,0.0873045027256012,4.655826568603516,gaussian,A high quality recording of a violin playing while an orchestra play in the background.
428,15.167455038624528,0.24285649814395033,0.1459842175245285,5.231109619140625,gaussian,A high quality recording of drums and strings playing.
429,14.206766262040391,0.19934608040721732,0.1607247143983841,4.770019054412842,gaussian,A high quality recording of drums and strings playing.
430,14.020239972591872,0.16808056207978592,0.15344925224781036,5.2219319343566895,gaussian,A high quality recording of drums and strings playing.
431,19.417295462047754,0.25257509930899313,0.07995495945215225,4.90561056137085,gaussian,A high quality recording of drums and strings playing.
432,12.083699232225637,0.16169768065223775,0.20216235518455505,5.391712188720703,gaussian,"A trumpet playing a cool jazz melody, with an accompaniment of a piano, bass and drums."
433,17.589782779033712,0.27040325274031685,0.1004553809762001,4.712221384048462,gaussian,"A trumpet playing a cool jazz melody, with an accompaniment of a piano, bass and drums."
434,16.36502203328969,0.25096602148142605,0.11178161203861237,4.982255935668945,gaussian,"A trumpet playing a cool jazz melody, with an accompaniment of a piano, bass and drums."
435,16.585300624008152,0.18300589153744148,0.1100134402513504,4.669527292251587,gaussian,"A trumpet playing a cool jazz melody, with an accompaniment of a piano, bass and drums."
436,16.546464943697533,0.16593263247111878,0.11356199532747269,4.740663528442383,gaussian,A high quality recording of a woman singing with an orchestra accompaniment.
437,18.25919623852793,0.18200966078104763,0.09455951303243637,4.760313510894775,gaussian,A high quality recording of a woman singing with an orchestra accompaniment.
438,16.36973494045026,0.18560968459457514,0.11677338182926178,4.705830097198486,gaussian,A high quality recording of a woman singing with an orchestra accompaniment.
439,13.051316673989998,0.13148932779044845,0.16498565673828125,5.292110919952393,gaussian,A high quality recording of a woman singing with an orchestra accompaniment.
440,20.600666065870765,0.27447100579884653,0.07142390310764313,4.466797828674316,gaussian,"A jazz song with a trumpet, bass and drums playing."
441,16.02218932323158,0.16108479055560126,0.12223879992961884,4.912670373916626,gaussian,"A jazz song with a trumpet, bass and drums playing."
442,18.56060850494127,0.22566275027522836,0.09239763766527176,4.628249645233154,gaussian,"A jazz song with a trumpet, bass and drums playing."
443,12.870486636370844,0.08833554660482178,0.18021565675735474,5.068855285644531,gaussian,"A jazz song with a trumpet, bass and drums playing."
444,19.686505285830474,0.2897272048316243,0.0791383907198906,4.442943096160889,gaussian,A rhythmic song with a synthesizer and drums playing.
445,20.398170543879427,0.2437525430043217,0.07158786058425903,4.783632755279541,gaussian,A rhythmic song with a synthesizer and drums playing.
446,17.921397355836955,0.20110653834408443,0.09696678817272186,4.560041427612305,gaussian,A rhythmic song with a synthesizer and drums playing.
447,17.488319789416217,0.1874951354155591,0.10392379015684128,5.322786092758179,gaussian,A rhythmic song with a synthesizer and drums playing.
448,19.694784944795327,0.28305728771138683,0.07838398218154907,4.807260990142822,gaussian,"a saxophone, flute, piano, bass and drums playing."
449,18.135335937302358,0.23130027777106418,0.0938633382320404,5.100287914276123,gaussian,"a saxophone, flute, piano, bass and drums playing."
450,19.405612709156994,0.2827721807615727,0.0830165445804596,4.65484881401062,gaussian,"a saxophone, flute, piano, bass and drums playing."
451,20.91808128910152,0.28251842053831927,0.06851641088724136,4.336915731430054,gaussian,"a saxophone, flute, piano, bass and drums playing."
452,20.130474368833102,0.24768319640838218,0.07251019030809402,4.035712957382202,gaussian,A recording of a sad and mysterious classical music piece.
453,11.802385855441337,0.1581020979697255,0.17999066412448883,5.61335825920105,gaussian,A recording of a sad and mysterious classical music piece.
454,18.493198575765632,0.24518072975732003,0.09467671811580658,4.45853853225708,gaussian,A recording of a sad and mysterious classical music piece.
455,19.617029338854103,0.2893304064805817,0.07699470967054367,4.920292854309082,gaussian,A recording of a sad and mysterious classical music piece.
456,17.123196086692044,0.15702352247152673,0.10860957205295563,4.840392589569092,gaussian,A synthesizer playing a scary arcade game melody with another synthesizer accompaniment in the background.
457,15.864932953475394,0.13343445490962305,0.1166980043053627,4.998389005661011,gaussian,A synthesizer playing a scary arcade game melody with another synthesizer accompaniment in the background.
458,12.975482987833221,0.1326531394954037,0.17149409651756287,5.870595693588257,gaussian,A synthesizer playing a scary arcade game melody with another synthesizer accompaniment in the background.
459,15.287756854578596,0.18512423067789974,0.12727387249469757,4.838402509689331,gaussian,A synthesizer playing a scary arcade game melody with another synthesizer accompaniment in the background.
460,16.5165613193622,0.18756608714965298,0.11494655162096024,4.884463787078857,gaussian,"Strings, flutes, and harp playing an angry metal song."
461,11.056748028411281,0.12468075356492453,0.21213200688362122,6.295325517654419,gaussian,"Strings, flutes, and harp playing an angry metal song."
462,21.11389439805915,0.33507934502833586,0.06859014928340912,4.7333033084869385,gaussian,"Strings, flutes, and harp playing an angry metal song."
463,16.80495575166925,0.189220739646905,0.10950709134340286,5.112241983413696,gaussian,"Strings, flutes, and harp playing an angry metal song."
464,16.437075719094317,0.17720979859055225,0.11196417361497879,4.84860634803772,gaussian,A recording of a string quartet playing.
465,16.439741453872255,0.1780313523030737,0.11907165497541428,4.850493907928467,gaussian,A recording of a string quartet playing.
466,15.243492983997138,0.1244918732861073,0.1306479573249817,5.2324888706207275,gaussian,A recording of a string quartet playing.
467,13.471338868808825,0.10497323579198668,0.16526544094085693,4.933122158050537,gaussian,A recording of a string quartet playing.
468,14.963107600314542,0.16332517061567958,0.14237964153289795,5.103172302246094,gaussian,A recording of a slow reggae song.
469,15.509320466611465,0.16210667625073644,0.12561167776584625,4.925914525985718,gaussian,A recording of a slow reggae song.
470,16.89889154066443,0.23210445538567298,0.10899969935417175,4.620370149612427,gaussian,A recording of a slow reggae song.
471,17.479680534548933,0.19108780525711272,0.10061921924352646,4.761285781860352,gaussian,A recording of a slow reggae song.
472,19.337479874417877,0.20049181274890965,0.08191267400979996,4.790948390960693,gaussian,A recording of a happy upbeat arcade game soundtrack.
473,10.009625798922437,0.07484396878570919,0.2557375133037567,6.544093370437622,gaussian,A recording of a happy upbeat arcade game soundtrack.
474,13.424593257696912,0.11563464149778525,0.17376279830932617,4.92861270904541,gaussian,A recording of a happy upbeat arcade game soundtrack.
475,15.278224713351637,0.20434389783045567,0.13185080885887146,5.33497428894043,gaussian,A recording of a happy upbeat arcade game soundtrack.
476,17.647694538307505,0.24117216307760422,0.10151926428079605,5.158615350723267,gaussian,A recording of an upbeat hip hop song.
477,14.428442134957999,0.2145138812983238,0.12540127336978912,5.408998966217041,gaussian,A recording of an upbeat hip hop song.
478,13.361010682662222,0.05148283205830683,0.16978485882282257,5.358414173126221,gaussian,A recording of an upbeat hip hop song.
479,15.81762122634181,0.16151426998869675,0.12263373285531998,5.4876604080200195,gaussian,A recording of an upbeat hip hop song.
480,13.837064903454724,0.11444388062977068,0.14604806900024414,5.255771636962891,gaussian,"A man is singing while a guitar, bass and drums playing in the background an angry metal song."
481,15.91108202526803,0.19907543135348232,0.12087693065404892,5.439557790756226,gaussian,"A man is singing while a guitar, bass and drums playing in the background an angry metal song."
482,18.30289264579826,0.2748570593169982,0.09565552324056625,4.86357307434082,gaussian,"A man is singing while a guitar, bass and drums playing in the background an angry metal song."
483,18.069446567490296,0.24066106837074497,0.09092428535223007,5.126505374908447,gaussian,"A man is singing while a guitar, bass and drums playing in the background an angry metal song."
484,22.35369652316734,0.37305230752185115,0.05805138498544693,4.676714658737183,gaussian,"A high quality recording of a saxophone, bass and drums playing."
485,17.745017570044787,0.23022637568296467,0.09907355904579163,4.8566858768463135,gaussian,"A high quality recording of a saxophone, bass and drums playing."
486,16.41176306224816,0.16182690705686503,0.11487807333469391,4.86264443397522,gaussian,"A high quality recording of a saxophone, bass and drums playing."
487,15.922501817859157,0.22327147723952742,0.11519498378038406,4.859933376312256,gaussian,"A high quality recording of a saxophone, bass and drums playing."
488,13.519417850154106,0.0897362117386994,0.16191482543945312,5.404492139816284,gaussian,A recording of a cool calm techno song.
489,11.545771077389329,0.1056260172211992,0.21158456802368164,5.355702877044678,gaussian,A recording of a cool calm techno song.
490,14.123392348060841,0.1358988168293562,0.15747280418872833,5.177417755126953,gaussian,A recording of a cool calm techno song.
491,21.490115824820712,0.2851995657806417,0.06269808113574982,4.592761754989624,gaussian,A recording of a cool calm techno song.
492,15.373526572222627,0.06928785159591866,0.12671124935150146,5.437018871307373,gaussian,"A high quality recording of a guitars, bass, drums and piano playing."
493,15.423969096679075,0.16623148698475013,0.1325024664402008,4.724103212356567,gaussian,"A high quality recording of a guitars, bass, drums and piano playing."
494,17.46957965474665,0.2467205727732922,0.10629905760288239,4.828238010406494,gaussian,"A high quality recording of a guitars, bass, drums and piano playing."
495,17.16866312333866,0.18359975899640316,0.1042916551232338,5.038334608078003,gaussian,"A high quality recording of a guitars, bass, drums and piano playing."
496,13.948067966888395,0.1734560556994885,0.15554067492485046,5.0448832511901855,gaussian,A high quality recording of flutes and a trumpet playing.
497,15.959719821481308,0.19564476443601808,0.11580713093280792,4.339969158172607,gaussian,A high quality recording of flutes and a trumpet playing.
498,19.185127175118485,0.27006455691702863,0.08158867061138153,5.032871723175049,gaussian,A high quality recording of flutes and a trumpet playing.
499,17.469241285889886,0.1987725033088848,0.10519979149103165,4.9113733768463135,gaussian,A high quality recording of flutes and a trumpet playing.
500,18.667434664887473,0.2538952102777584,0.08942926675081253,4.8810648918151855,gaussian,"A high quality recording of strings, trumpets and drums playing."
501,20.353296166470166,0.27394750564319414,0.07267849147319794,4.9256017208099365,gaussian,"A high quality recording of strings, trumpets and drums playing."
502,21.57870826196644,0.32144200313377697,0.06245715543627739,4.498619079589844,gaussian,"A high quality recording of strings, trumpets and drums playing."
503,15.173706217450476,0.17795570393749707,0.12616805732250214,5.283282995223999,gaussian,"A high quality recording of strings, trumpets and drums playing."
504,12.840597206970878,0.055658171312039095,0.17670679092407227,5.952308654785156,gaussian,A recording of Arabic instruments playing.
505,17.131760519002658,0.2080184365356323,0.10406672209501266,4.877538681030273,gaussian,A recording of Arabic instruments playing.
506,10.144804264009114,0.06475351345966653,0.2491186261177063,6.1070396900177,gaussian,A recording of Arabic instruments playing.
507,16.644813021567785,0.12892775686620975,0.11205577105283737,4.702435493469238,gaussian,A recording of Arabic instruments playing.
508,14.03933229863794,0.16490601306947664,0.15266826748847961,4.676345586776733,gaussian,A cool old rock song of a man singing while a guitar and drums accompany him.
509,18.692110981204205,0.2164378848904087,0.08892219513654709,4.916102647781372,gaussian,A cool old rock song of a man singing while a guitar and drums accompany him.
510,18.694363429345625,0.24570902395235789,0.09112133830785751,5.054644346237183,gaussian,A cool old rock song of a man singing while a guitar and drums accompany him.
511,20.918567521569486,0.28926323132421006,0.0690130814909935,4.749371767044067,gaussian,A cool old rock song of a man singing while a guitar and drums accompany him.
512,17.375311292579237,0.2878159787291361,0.10534946620464325,4.734321594238281,gaussian,A recording of a happy classical music piece.
513,17.24127602998464,0.1626872981131753,0.105134017765522,4.8270344734191895,gaussian,A recording of a happy classical music piece.
514,18.25385798230429,0.20723482599744156,0.09062846004962921,4.074463605880737,gaussian,A recording of a happy classical music piece.
515,16.170688118724865,0.09971342135360751,0.12349370121955872,4.680840253829956,gaussian,A recording of a happy classical music piece.
516,16.744523689698482,0.25699815628527306,0.11212611943483353,5.134150505065918,gaussian,A recording of a scary classical music piece.
517,16.304925912431298,0.1774246887342023,0.12472231686115265,5.1090826988220215,gaussian,A recording of a scary classical music piece.
518,16.617463718814026,0.2619352861876655,0.11560077220201492,5.009958982467651,gaussian,A recording of a scary classical music piece.
519,17.84405935101209,0.16298272122227125,0.09696558862924576,4.9925696849823,gaussian,A recording of a scary classical music piece.
520,18.270527528713888,0.19813751393956175,0.09382554143667221,4.958532094955444,gaussian,A recording of a mysterious Arabic song.
521,20.03801816370605,0.24373238292046176,0.07614389806985855,4.776312828063965,gaussian,A recording of a mysterious Arabic song.
522,18.403577908551657,0.2108010548873704,0.09170133620500565,5.026024580001831,gaussian,A recording of a mysterious Arabic song.
523,16.99029646102573,0.15852493030998926,0.11195669323205948,4.910417318344116,gaussian,A recording of a mysterious Arabic song.
524,14.021369181877056,0.15791223233377477,0.1562841534614563,4.779715061187744,gaussian,"A high quality recording of electric keyboard, bass and drums playing."
525,17.300727699374256,0.2081943357342647,0.10452723503112793,4.842174768447876,gaussian,"A high quality recording of electric keyboard, bass and drums playing."
526,17.744904863831568,0.263595637937655,0.09339579194784164,5.377019643783569,gaussian,"A high quality recording of electric keyboard, bass and drums playing."
527,12.500566923094375,0.15810319004970608,0.20021085441112518,5.407591104507446,gaussian,"A high quality recording of electric keyboard, bass and drums playing."
528,18.408819975991648,0.2230833160535913,0.08955278992652893,4.573161363601685,gaussian,An orchestra playing classical music. You can hear flutes and strings.
529,21.060313485232086,0.280306832720243,0.06756656616926193,4.626868486404419,gaussian,An orchestra playing classical music. You can hear flutes and strings.
530,19.441162290322914,0.2733871404279963,0.08178063482046127,4.048493146896362,gaussian,An orchestra playing classical music. You can hear flutes and strings.
531,20.14192497391403,0.2559116007750786,0.07571616023778915,4.429103136062622,gaussian,An orchestra playing classical music. You can hear flutes and strings.
532,14.476409139680344,0.21881558656451575,0.15155260264873505,5.3163604736328125,gaussian,A high quality recording of a guitar and violins playing a happy and emotional  piece.
533,19.557539932834874,0.3550515052697762,0.07430446147918701,4.559412240982056,gaussian,A high quality recording of a guitar and violins playing a happy and emotional  piece.
534,16.638469613325796,0.1983978006631079,0.1140703335404396,4.613532304763794,gaussian,A high quality recording of a guitar and violins playing a happy and emotional  piece.
535,18.415088145395508,0.18523168603611936,0.09113692492246628,4.67816686630249,gaussian,A high quality recording of a guitar and violins playing a happy and emotional  piece.
536,18.574023203089737,0.2560480844028956,0.08805312216281891,4.479406833648682,gaussian,A recording of a tense classical music score.
537,17.0019291902141,0.17271259165153932,0.1059003621339798,4.928446054458618,gaussian,A recording of a tense classical music score.
538,21.15031775943482,0.25910516654359,0.06653819978237152,4.734756231307983,gaussian,A recording of a tense classical music score.
539,19.45410208446817,0.26453307719910957,0.0798998773097992,4.908874273300171,gaussian,A recording of a tense classical music score.
540,16.48248140408856,0.15217571818619396,0.11512812227010727,5.3530004024505615,gaussian,A metal band playing metal music.
541,15.924062924246652,0.21952937386801252,0.12246185541152954,5.326073169708252,gaussian,A metal band playing metal music.
542,17.412788055176424,0.2381730124739781,0.10462793707847595,4.819658279418945,gaussian,A metal band playing metal music.
543,13.599972088404858,0.18061395750491868,0.16700130701065063,5.123846054077148,gaussian,A metal band playing metal music.
544,16.5435308788533,0.2092328771281664,0.12060828506946564,4.970731973648071,gaussian,A recording of happy Chinese music.
545,12.512439138821247,0.07749270281727427,0.17903263866901398,5.7239344120025635,gaussian,A recording of happy Chinese music.
546,18.159475424662578,0.23368973073840876,0.08921167254447937,4.60363507270813,gaussian,A recording of happy Chinese music.
547,17.29376154628395,0.16822266263564103,0.10594740509986877,5.184422969818115,gaussian,A recording of happy Chinese music.
548,20.036191730771638,0.25566972753128264,0.07603892683982849,5.135822772979736,gaussian,"Strings, flutes, and harp playing calm happy rock music."
549,17.615785773621635,0.19519447846962726,0.10183364152908325,4.935529947280884,gaussian,"Strings, flutes, and harp playing calm happy rock music."
550,18.562636564350072,0.22048189750258984,0.09096681326627731,4.804208517074585,gaussian,"Strings, flutes, and harp playing calm happy rock music."
551,18.76990999403084,0.24053584177334844,0.08705335110425949,4.871131896972656,gaussian,"Strings, flutes, and harp playing calm happy rock music."
552,18.936190530565355,0.23928690930269117,0.08711295574903488,4.894147157669067,gaussian,A recording of an old timey rock song from the sixties.
553,19.14503535740669,0.21823519983783024,0.08416347950696945,5.041673421859741,gaussian,A recording of an old timey rock song from the sixties.
554,19.866276307932196,0.25516812528193245,0.07727085798978806,5.128475189208984,gaussian,A recording of an old timey rock song from the sixties.
555,19.96132278180021,0.2544698014500934,0.0752616599202156,4.788259267807007,gaussian,A recording of an old timey rock song from the sixties.
556,19.116951373733027,0.2398665758548421,0.08463053405284882,4.754335641860962,gaussian,"A jazz song with a saxophone, trumpet, guitar, bass and drums playing."
557,19.69476319196552,0.29290787701222654,0.07882513105869293,4.76400351524353,gaussian,"A jazz song with a saxophone, trumpet, guitar, bass and drums playing."
558,20.940260852573456,0.2960337333883294,0.06787729263305664,4.565536022186279,gaussian,"A jazz song with a saxophone, trumpet, guitar, bass and drums playing."
559,19.527240412483437,0.29234686131945475,0.08187811076641083,4.64806866645813,gaussian,"A jazz song with a saxophone, trumpet, guitar, bass and drums playing."
560,19.22762625490628,0.23629034146916222,0.08278537541627884,4.727749824523926,gaussian,"A banjo is playing a country song, accompanied by guitar and drums."
561,16.77840307472405,0.21453335140931828,0.11414046585559845,5.276739835739136,gaussian,"A banjo is playing a country song, accompanied by guitar and drums."
562,21.054351238413776,0.29989430844321924,0.06942718476057053,4.566278457641602,gaussian,"A banjo is playing a country song, accompanied by guitar and drums."
563,17.313780631766235,0.2169944007619037,0.10176479816436768,4.619406461715698,gaussian,"A banjo is playing a country song, accompanied by guitar and drums."
564,16.0723160580725,0.14078839591877534,0.12172091752290726,4.913891077041626,gaussian,A recording of a jazz song.
565,18.3351713151049,0.21933148235750557,0.09122344106435776,4.73052716255188,gaussian,A recording of a jazz song.
566,11.561669464848062,0.08009293962151709,0.216858372092247,5.6363677978515625,gaussian,A recording of a jazz song.
567,15.388407442718199,0.17626540535606772,0.1414085179567337,4.8449835777282715,gaussian,A recording of a jazz song.
568,17.81412460000776,0.25000283073181234,0.09123498201370239,4.90652060508728,gaussian,A high quality recording of a woman singing while a piano and drums play in the background.
569,19.232442820160365,0.29616557626850126,0.07598476856946945,5.160155534744263,gaussian,A high quality recording of a woman singing while a piano and drums play in the background.
570,17.26532751949135,0.17877578144643735,0.10354609787464142,5.009976387023926,gaussian,A high quality recording of a woman singing while a piano and drums play in the background.
571,17.232358568430644,0.2167557655168143,0.1039925217628479,5.154856204986572,gaussian,A high quality recording of a woman singing while a piano and drums play in the background.
572,17.333330630921402,0.23271779504099477,0.0994325503706932,4.9261064529418945,gaussian,"A death metal song of a man singing while an electric guitar, bass and drums are playing in the background."
573,19.658570474867542,0.4601707603138076,0.07275543361902237,4.346938133239746,gaussian,"A death metal song of a man singing while an electric guitar, bass and drums are playing in the background."
574,15.109090001717576,0.19636155901250893,0.13471366465091705,4.861751556396484,gaussian,"A death metal song of a man singing while an electric guitar, bass and drums are playing in the background."
575,19.676032903998,0.34616831771349854,0.08183856308460236,4.429874420166016,gaussian,"A death metal song of a man singing while an electric guitar, bass and drums are playing in the background."
576,17.9991461515318,0.249759908736454,0.0962858721613884,4.633049011230469,gaussian,"A jazz song with a saxophone, trumpet, piano, bass and drums playing."
577,19.473836433076986,0.27906954455270844,0.08032437413930893,4.4315104484558105,gaussian,"A jazz song with a saxophone, trumpet, piano, bass and drums playing."
578,18.895564467881822,0.22306348781937324,0.08452809602022171,4.428732633590698,gaussian,"A jazz song with a saxophone, trumpet, piano, bass and drums playing."
579,19.21444737501607,0.23981531725569422,0.08404125273227692,4.401064157485962,gaussian,"A jazz song with a saxophone, trumpet, piano, bass and drums playing."
580,20.028768466173954,0.27117433749958125,0.07287320494651794,4.673076629638672,gaussian,"Guitars, saxophones, and piano playing calm happy jazz music."
581,18.259833267127437,0.22157328504114346,0.09270566701889038,4.760557413101196,gaussian,"Guitars, saxophones, and piano playing calm happy jazz music."
582,16.439931715749957,0.25768870449541315,0.11399634182453156,4.77294135093689,gaussian,"Guitars, saxophones, and piano playing calm happy jazz music."
583,17.530507925492614,0.20656461066327286,0.10051841288805008,4.779139995574951,gaussian,"Guitars, saxophones, and piano playing calm happy jazz music."
584,17.754881962057546,0.19316985214124116,0.09603322297334671,5.391427993774414,gaussian,"A high quality recording of a rock song. a woman singing while a guitar, bass and drums playing in the background, when later a man joins."
585,20.726754115932703,0.26879468038777704,0.06944908946752548,4.878466844558716,gaussian,"A high quality recording of a rock song. a woman singing while a guitar, bass and drums playing in the background, when later a man joins."
586,23.216440900587077,0.4529255890935619,0.051522742956876755,4.142400860786438,gaussian,"A high quality recording of a rock song. a woman singing while a guitar, bass and drums playing in the background, when later a man joins."
587,10.540477698021352,0.14732759699493725,0.2523869574069977,5.328882932662964,gaussian,"A high quality recording of a rock song. a woman singing while a guitar, bass and drums playing in the background, when later a man joins."
588,15.904706698063958,0.19802192043990263,0.11862730979919434,4.412214517593384,gaussian,"A saxophone, piano, bass and drums playing a cool happy song."
589,19.34456858199014,0.24262420286339903,0.08147220313549042,5.0623815059661865,gaussian,"A saxophone, piano, bass and drums playing a cool happy song."
590,19.827072990143627,0.23869403447078955,0.07821487635374069,4.645663261413574,gaussian,"A saxophone, piano, bass and drums playing a cool happy song."
591,19.03515896303062,0.2642205895489606,0.08427910506725311,4.4496238231658936,gaussian,"A saxophone, piano, bass and drums playing a cool happy song."
592,18.409738617630474,0.18471826293336469,0.09030202031135559,4.4462056159973145,gaussian,"A guitar playing a cool rock melody while an electric keyboard, bass and drums play in the background."
593,12.863436875413921,0.19214396178523507,0.16856062412261963,6.0402867794036865,gaussian,"A guitar playing a cool rock melody while an electric keyboard, bass and drums play in the background."
594,15.924399403327916,0.3295955128787823,0.10315396636724472,5.529455184936523,gaussian,"A guitar playing a cool rock melody while an electric keyboard, bass and drums play in the background."
595,15.664512288054276,0.15205493386232727,0.1282612383365631,4.920733213424683,gaussian,"A guitar playing a cool rock melody while an electric keyboard, bass and drums play in the background."
596,17.620047042074642,0.24536711899119099,0.10659796744585037,4.876394987106323,gaussian,An orchestra playing an epic movie soundtrack score. You can hear flutes and strings.
597,18.8802632406541,0.32671845384709136,0.08614514768123627,4.329971790313721,gaussian,An orchestra playing an epic movie soundtrack score. You can hear flutes and strings.
598,15.20758437440614,0.19470252813653705,0.13972580432891846,5.112162828445435,gaussian,An orchestra playing an epic movie soundtrack score. You can hear flutes and strings.
599,19.350339855791336,0.28594709872403945,0.08543474227190018,4.5444560050964355,gaussian,An orchestra playing an epic movie soundtrack score. You can hear flutes and strings.
600,17.433211187859477,0.16275316457269637,0.09901963919401169,4.970706224441528,gaussian,Flutes playing classical music.
601,13.750762070578217,0.15191949389113732,0.14552916586399078,5.705534934997559,gaussian,Flutes playing classical music.
602,14.393169173520148,0.11027859382647251,0.1485612541437149,5.096317529678345,gaussian,Flutes playing classical music.
603,16.286628787823346,0.18480026725155277,0.12355691194534302,4.749030113220215,gaussian,Flutes playing classical music.
604,14.770090832987739,0.13659732919687992,0.14228485524654388,5.027415752410889,gaussian,A recording of a cool rhythmic arcade game soundtrack.
605,18.17683623859741,0.21146410896687315,0.0968092754483223,4.862926483154297,gaussian,A recording of a cool rhythmic arcade game soundtrack.
606,15.837012698113215,0.13191343677994005,0.12334106862545013,5.518470525741577,gaussian,A recording of a cool rhythmic arcade game soundtrack.
607,18.148742068942756,0.23707572661266804,0.08814509212970734,5.408208131790161,gaussian,A recording of a cool rhythmic arcade game soundtrack.
608,18.11332264428743,0.19793779376397286,0.09624198079109192,4.8953917026519775,gaussian,A recording of an old upbeat cool jazz song.
609,16.485248197489067,0.15903813725864654,0.11639279872179031,4.853867292404175,gaussian,A recording of an old upbeat cool jazz song.
610,18.568186199544062,0.25295062139893976,0.09214134514331818,4.695937156677246,gaussian,A recording of an old upbeat cool jazz song.
611,17.09031271645477,0.2589726031886314,0.10418529063463211,4.789747714996338,gaussian,A recording of an old upbeat cool jazz song.
612,16.92618340954912,0.2709669852057107,0.11455526947975159,5.253604888916016,gaussian,A recording of a dark and sad gospel song.
613,19.103348604736848,0.2469035469549743,0.08127103745937347,4.692963123321533,gaussian,A recording of a dark and sad gospel song.
614,18.286447950898214,0.23123278230908023,0.08949708938598633,4.682610511779785,gaussian,A recording of a dark and sad gospel song.
615,17.12377103519231,0.20707041112731128,0.10359003394842148,5.286302089691162,gaussian,A recording of a dark and sad gospel song.
616,16.765265269014854,0.2353429201155431,0.11630282551050186,4.886948823928833,gaussian,A jazz song of a saxophone playing while bass and drums accompany him.
617,21.439607361892648,0.32316529120015874,0.0636497512459755,4.7270588874816895,gaussian,A jazz song of a saxophone playing while bass and drums accompany him.
618,20.035526433431126,0.28592959207522795,0.07485964149236679,4.589940786361694,gaussian,A jazz song of a saxophone playing while bass and drums accompany him.
619,18.651769163908007,0.2628215077549986,0.09193338453769684,5.157731533050537,gaussian,A jazz song of a saxophone playing while bass and drums accompany him.
620,12.21605162348472,0.16274707753683929,0.19185085594654083,5.64830207824707,gaussian,A recording of an angry metal song.
621,16.14339711204669,0.13289169034735387,0.11932257562875748,5.28226637840271,gaussian,A recording of an angry metal song.
622,12.878286909782531,0.22610522024976906,0.17406980693340302,5.707093715667725,gaussian,A recording of an angry metal song.
623,21.748201309369023,0.39577488352997836,0.05689449608325958,4.544374465942383,gaussian,A recording of an angry metal song.
624,16.764127666002377,0.2371218574595761,0.1163729578256607,5.0265212059021,gaussian,"A trumpet playing an epic solo while a guitar, bass and drums are playing in the background."
625,13.79058523221154,0.16961859260400527,0.16075727343559265,5.512818813323975,gaussian,"A trumpet playing an epic solo while a guitar, bass and drums are playing in the background."
626,16.44472901516551,0.1659130581420121,0.11736878752708435,4.976369619369507,gaussian,"A trumpet playing an epic solo while a guitar, bass and drums are playing in the background."
627,17.553313272078096,0.23552399925958534,0.10555887222290039,4.85048508644104,gaussian,"A trumpet playing an epic solo while a guitar, bass and drums are playing in the background."
628,14.417323982445524,0.21201449333954892,0.14849132299423218,5.309508800506592,gaussian,A high quality recording of a woman singing while a bass and drums play in the background.
629,17.43621488371655,0.1822881803155723,0.10050564259290695,5.171411037445068,gaussian,A high quality recording of a woman singing while a bass and drums play in the background.
630,12.412152165852513,0.1291063617201005,0.19380736351013184,5.6042749881744385,gaussian,A high quality recording of a woman singing while a bass and drums play in the background.
631,17.835799671927905,0.24978409349855815,0.09939312934875488,5.056921720504761,gaussian,A high quality recording of a woman singing while a bass and drums play in the background.
632,16.176136236826515,0.13163047955420357,0.11726988852024078,5.075929641723633,gaussian,"A high quality recording of a trumpet, bass and drums playing."
633,15.237611843581394,0.20782114455265832,0.12644828855991364,5.639505863189697,gaussian,"A high quality recording of a trumpet, bass and drums playing."
634,16.253393130910528,0.21596180719466362,0.11094870418310165,5.369186639785767,gaussian,"A high quality recording of a trumpet, bass and drums playing."
635,17.42454341670458,0.2226117404958264,0.10370784252882004,4.9681782722473145,gaussian,"A high quality recording of a trumpet, bass and drums playing."
636,14.692217832742715,0.2012973505041802,0.13936862349510193,5.528504371643066,gaussian,A recording of a techno song.
637,14.52818091316525,0.12872507560103685,0.1499480903148651,5.366246700286865,gaussian,A recording of a techno song.
638,12.570564635821373,0.05003166465826217,0.18513432145118713,5.048144817352295,gaussian,A recording of a techno song.
639,14.762090521523792,0.14530318664023933,0.13610631227493286,5.8461244106292725,gaussian,A recording of a techno song.
640,20.043171155238714,0.2535777840953384,0.07456708699464798,4.784135103225708,gaussian,A recording of an upbeat country song.
641,19.154925502810517,0.2740521544986616,0.08397283405065536,4.558181047439575,gaussian,A recording of an upbeat country song.
642,21.418663382250802,0.3154642015256766,0.06464218348264694,4.386619806289673,gaussian,A recording of an upbeat country song.
643,18.263236799059364,0.19042374338336948,0.09202460944652557,4.667774677276611,gaussian,A recording of an upbeat country song.
644,15.056918291234776,0.18630352870955874,0.13169722259044647,5.491147041320801,gaussian,A high quality recording of a flute playing a cool rock solo with accompaniment.
645,17.809481593970126,0.19011726482037508,0.09882749617099762,5.2771875858306885,gaussian,A high quality recording of a flute playing a cool rock solo with accompaniment.
646,13.264963960715747,0.14008263925820322,0.16806848347187042,5.659581184387207,gaussian,A high quality recording of a flute playing a cool rock solo with accompaniment.
647,15.439962030559327,0.15430681856005748,0.1287764608860016,5.459872245788574,gaussian,A high quality recording of a flute playing a cool rock solo with accompaniment.
648,15.149959380339224,0.15980775348449708,0.13720351457595825,5.27876091003418,gaussian,A recording of harsh and scary Chinese music.
649,17.47833880254135,0.22711596349177432,0.10181792825460434,4.948176860809326,gaussian,A recording of harsh and scary Chinese music.
650,16.976100624519606,0.27650899172680593,0.10118626803159714,4.751326322555542,gaussian,A recording of harsh and scary Chinese music.
651,15.637210328796602,0.14982910813454553,0.1251331865787506,4.9504125118255615,gaussian,A recording of harsh and scary Chinese music.
652,19.884015722240644,0.25165930109983575,0.07598765939474106,4.666520357131958,gaussian,"A banjo playing alongside a piano, bass and drums in an upbeat old-timey cool country song."
653,20.231981877655407,0.23945748149903293,0.07350356131792068,4.2062087059021,gaussian,"A banjo playing alongside a piano, bass and drums in an upbeat old-timey cool country song."
654,20.027072064277004,0.3210645175035947,0.07578299194574356,4.296018123626709,gaussian,"A banjo playing alongside a piano, bass and drums in an upbeat old-timey cool country song."
655,19.799699249691773,0.27174310598034385,0.0788678228855133,4.519087076187134,gaussian,"A banjo playing alongside a piano, bass and drums in an upbeat old-timey cool country song."
656,17.935623426791057,0.1868067884361935,0.0927291139960289,5.161408424377441,gaussian,A recording of a movie soundtrack.
657,17.612576766397204,0.21414820733193166,0.09696048498153687,5.396951675415039,gaussian,A recording of a movie soundtrack.
658,13.023487044174434,0.19180629976589336,0.19192422926425934,5.100165367126465,gaussian,A recording of a movie soundtrack.
659,14.956897730411796,0.1896620677700057,0.1476711630821228,5.406244993209839,gaussian,A recording of a movie soundtrack.
660,15.978689952181593,0.2120936622917757,0.11836258322000504,4.939319133758545,gaussian,A rap song of a man singing while bass and drums accompany him.
661,17.180976250339324,0.19823698381659602,0.10380450636148453,4.369183301925659,gaussian,A rap song of a man singing while bass and drums accompany him.
662,17.211947085304903,0.2430660648472708,0.10142597556114197,4.387299656867981,gaussian,A rap song of a man singing while bass and drums accompany him.
663,14.84660601575402,0.1825532561209475,0.13890983164310455,4.619318962097168,gaussian,A rap song of a man singing while bass and drums accompany him.
664,21.61714839962056,0.31399906481815437,0.06327833980321884,4.535520076751709,gaussian,A recording of an old timey rock song from the eighties.
665,17.588999241888143,0.14773858764038367,0.09861496835947037,4.916288375854492,gaussian,A recording of an old timey rock song from the eighties.
666,17.982686623627902,0.2737935221233799,0.09787102788686752,4.819287061691284,gaussian,A recording of an old timey rock song from the eighties.
667,19.408398445600056,0.27730984051650015,0.08131624758243561,4.903554916381836,gaussian,A recording of an old timey rock song from the eighties.
668,18.848960757955403,0.22622281444098627,0.08738821744918823,4.419204950332642,gaussian,"A high quality recording of a piano, flutes and drums playing."
669,15.102516416325306,0.18621066439575298,0.14027346670627594,4.62113881111145,gaussian,"A high quality recording of a piano, flutes and drums playing."
670,20.165419412575666,0.2964426906209822,0.07317925244569778,4.8462114334106445,gaussian,"A high quality recording of a piano, flutes and drums playing."
671,18.885643761497363,0.1987673670706695,0.08781829476356506,4.763679504394531,gaussian,"A high quality recording of a piano, flutes and drums playing."
672,15.152576502672057,0.1917281470929643,0.14165867865085602,5.367905616760254,gaussian,A recording of a cool mysterious orchestral movie soundtrack song.
673,18.741502771910255,0.2772111833511179,0.08559203892946243,3.9989187717437744,gaussian,A recording of a cool mysterious orchestral movie soundtrack song.
674,20.055790668368868,0.2849113433526749,0.07588860392570496,4.566647291183472,gaussian,A recording of a cool mysterious orchestral movie soundtrack song.
675,11.03746101648696,0.11193651390913498,0.23864471912384033,5.594102144241333,gaussian,A recording of a cool mysterious orchestral movie soundtrack song.
676,17.205358293618456,0.2201608487268786,0.0957835242152214,4.950080394744873,gaussian,"A guitar, piano, bass and drums playing a cool happy song."
677,17.05334436183918,0.18057111054355973,0.10681632161140442,5.054558038711548,gaussian,"A guitar, piano, bass and drums playing a cool happy song."
678,19.781729508338437,0.23726097485781888,0.07806092500686646,4.746344804763794,gaussian,"A guitar, piano, bass and drums playing a cool happy song."
679,13.230642127708652,0.179555606410583,0.1744351089000702,4.95919394493103,gaussian,"A guitar, piano, bass and drums playing a cool happy song."
680,17.136606956809796,0.17548866408992617,0.11270115524530411,4.704362154006958,gaussian,A recording of an epic classical score.
681,12.425952543291848,0.13166537921905633,0.18108971416950226,5.708815813064575,gaussian,A recording of an epic classical score.
682,14.720723239445467,0.19268889879898626,0.15161678194999695,4.575599670410156,gaussian,A recording of an epic classical score.
683,15.14737948392672,0.19395655476157467,0.12801288068294525,4.6290388107299805,gaussian,A recording of an epic classical score.
684,18.69207575147837,0.18859331914140737,0.08927089720964432,4.531291723251343,gaussian,"A high quality recording of violins playing a melody and a piano, bass and drums accompany them."
685,20.929942549999726,0.30634905100929755,0.06801257282495499,4.514448881149292,gaussian,"A high quality recording of violins playing a melody and a piano, bass and drums accompany them."
686,17.182027784213574,0.0938499471322952,0.1056472659111023,4.908536434173584,gaussian,"A high quality recording of violins playing a melody and a piano, bass and drums accompany them."
687,15.143391445548675,0.16539251886870182,0.14000408351421356,4.870590448379517,gaussian,"A high quality recording of violins playing a melody and a piano, bass and drums accompany them."
688,18.726732358753445,0.29446005850597734,0.08810866624116898,4.9060728549957275,gaussian,A recording of a pop song.
689,18.854389761301675,0.37285745108484186,0.08989721536636353,4.954830169677734,gaussian,A recording of a pop song.
690,17.09549826362899,0.19976727911789688,0.10782274603843689,5.3571882247924805,gaussian,A recording of a pop song.
691,16.160318361999842,0.12672404465123735,0.1198337972164154,5.082071304321289,gaussian,A recording of a pop song.
692,13.91951317649545,0.159074940100858,0.16422702372074127,5.245192527770996,gaussian,A recording of a grunge rock song.
693,15.425745035954517,0.2585047155938375,0.14205610752105713,4.94785737991333,gaussian,A recording of a grunge rock song.
694,16.365861333888642,0.21390478182576533,0.1167563945055008,4.54896354675293,gaussian,A recording of a grunge rock song.
695,18.743929009579244,0.2189956052773574,0.0862887054681778,4.706319570541382,gaussian,A recording of a grunge rock song.
696,16.43011672274384,0.1516975986127666,0.11451273411512375,5.332355976104736,gaussian,A high quality recording of flutes and drums playing.
697,20.160217883506274,0.24909812447694596,0.07256143540143967,5.0266571044921875,gaussian,A high quality recording of flutes and drums playing.
698,17.40369104364237,0.2540966859055943,0.10205180197954178,5.320676803588867,gaussian,A high quality recording of flutes and drums playing.
699,17.100443668121084,0.18848437934625198,0.10712765902280807,5.200427055358887,gaussian,A high quality recording of flutes and drums playing.
700,11.849831957438177,0.08436551464940627,0.19879770278930664,5.7764387130737305,gaussian,A recording of an epic soundtrack.
701,19.128539694229058,0.25418337070118785,0.08470381796360016,5.281132459640503,gaussian,A recording of an epic soundtrack.
702,18.389667138782634,0.3194340885401126,0.08838284015655518,4.918487310409546,gaussian,A recording of an epic soundtrack.
703,19.63635524977692,0.27045576296101626,0.08002879470586777,5.08048677444458,gaussian,A recording of an epic soundtrack.
704,15.202246423567718,0.10678330802793795,0.13163310289382935,5.3281426429748535,gaussian,"A trumpet, piano, bass and drums playing a cool happy song."
705,19.105904088657287,0.2143710314080088,0.08534753322601318,4.831476449966431,gaussian,"A trumpet, piano, bass and drums playing a cool happy song."
706,19.18669455186477,0.29300797201108003,0.08673600107431412,5.045666694641113,gaussian,"A trumpet, piano, bass and drums playing a cool happy song."
707,18.37638363160872,0.2166491353140983,0.09214354306459427,4.809233665466309,gaussian,"A trumpet, piano, bass and drums playing a cool happy song."
708,18.0697458986312,0.24940177966719318,0.10071074962615967,4.7422168254852295,gaussian,A recording of a cool rock song.
709,12.466949487943094,0.1320611937931033,0.19283905625343323,5.533742427825928,gaussian,A recording of a cool rock song.
710,18.201478913619248,0.30014351340077144,0.0999104231595993,5.396737098693848,gaussian,A recording of a cool rock song.
711,16.033746171834824,0.21819446850846702,0.12602409720420837,5.314395189285278,gaussian,A recording of a cool rock song.
712,19.00861275497968,0.3495513372771438,0.08639758080244064,4.625086307525635,gaussian,A high quality recording of a rock band playing.
713,19.739560468403944,0.2942802636426661,0.0779835432767868,5.0812437534332275,gaussian,A high quality recording of a rock band playing.
714,20.314547777107666,0.2794550112219736,0.0735572800040245,4.86490797996521,gaussian,A high quality recording of a rock band playing.
715,13.180050580882261,0.24995557127663418,0.16092395782470703,6.231835126876831,gaussian,A high quality recording of a rock band playing.
716,18.09703471736522,0.2505588060566654,0.0980520024895668,4.545781135559082,gaussian,A high quality recording of a jazz band playing a happy song.
717,18.01785389962432,0.1687879878084228,0.09716944396495819,4.553359508514404,gaussian,A high quality recording of a jazz band playing a happy song.
718,18.03851258858538,0.1861361693729847,0.0945209339261055,4.716778755187988,gaussian,A high quality recording of a jazz band playing a happy song.
719,19.454823091551575,0.2500124385926521,0.08092625439167023,4.605289936065674,gaussian,A high quality recording of a jazz band playing a happy song.
720,14.90905107086919,0.14440895899267567,0.13965466618537903,5.061922550201416,gaussian,"a saxophone, violin, piano, bass and drums playing."
721,16.73910436261473,0.21448500264410716,0.11348967999219894,4.94291090965271,gaussian,"a saxophone, violin, piano, bass and drums playing."
722,17.526143664459994,0.2371009542130208,0.1004466786980629,4.8057005405426025,gaussian,"a saxophone, violin, piano, bass and drums playing."
723,15.443997395411259,0.21977427422091858,0.12071824073791504,5.362595081329346,gaussian,"a saxophone, violin, piano, bass and drums playing."
724,18.659998637282328,0.24719672561246742,0.08981270343065262,4.591914653778076,gaussian,"A metal song with a singer, bass and drums playing."
725,8.861873405190169,0.07546629120560061,0.3170351982116699,5.417136192321777,gaussian,"A metal song with a singer, bass and drums playing."
726,22.529378452699763,0.34681540465450633,0.05611899495124817,4.295523643493652,gaussian,"A metal song with a singer, bass and drums playing."
727,16.66954971895639,0.2950486238943437,0.1210341528058052,4.943421840667725,gaussian,"A metal song with a singer, bass and drums playing."
728,13.920225624228646,0.12440013018574196,0.15964391827583313,4.828785419464111,gaussian,"A high quality recording of a trumpet, a piano, a bass guitar and drums playing."
729,11.380089541338101,0.18488046744629266,0.20916596055030823,5.7377707958221436,gaussian,"A high quality recording of a trumpet, a piano, a bass guitar and drums playing."
730,16.63519401827444,0.1679756448249569,0.11187221109867096,5.255239963531494,gaussian,"A high quality recording of a trumpet, a piano, a bass guitar and drums playing."
731,15.779419542312125,0.17751796483562446,0.12787124514579773,4.9983437061309814,gaussian,"A high quality recording of a trumpet, a piano, a bass guitar and drums playing."
732,17.303267548567753,0.1565793290846642,0.10336001217365265,4.719744443893433,gaussian,A high quality recording of a piano playing a melody while another piano and drums are playing in the background.
733,17.507865511981542,0.2053689266264567,0.10648320615291595,4.716678619384766,gaussian,A high quality recording of a piano playing a melody while another piano and drums are playing in the background.
734,11.436323487015592,0.04844975831119269,0.21591174602508545,5.662349462509155,gaussian,A high quality recording of a piano playing a melody while another piano and drums are playing in the background.
735,18.04084333559238,0.17903140834709325,0.0962928980588913,5.2327961921691895,gaussian,A high quality recording of a piano playing a melody while another piano and drums are playing in the background.
736,19.23215246128513,0.22792189612602518,0.08305563777685165,4.7001683712005615,gaussian,"A woman humming a quiet jazz melody, with an accompaniment of bass and drums."
737,18.440748860364668,0.24496289497139248,0.09195761382579803,4.609931468963623,gaussian,"A woman humming a quiet jazz melody, with an accompaniment of bass and drums."
738,16.958729015847155,0.1735711640358254,0.10916721820831299,4.956683397293091,gaussian,"A woman humming a quiet jazz melody, with an accompaniment of bass and drums."
739,15.414157513404433,0.25525303352753964,0.1401517391204834,4.9173760414123535,gaussian,"A woman humming a quiet jazz melody, with an accompaniment of bass and drums."
740,18.449650351612895,0.21846775858693,0.09110338985919952,4.5004355907440186,gaussian,A high quality recording of a man singing and violins playing a happy and emotional  piece.
741,15.337590663728236,0.18105720736179445,0.13443569839000702,5.022455930709839,gaussian,A high quality recording of a man singing and violins playing a happy and emotional  piece.
742,15.748543539000504,0.19249241554442917,0.1181277483701706,5.061617374420166,gaussian,A high quality recording of a man singing and violins playing a happy and emotional  piece.
743,17.273615950119826,0.24305249569031312,0.10948756337165833,4.862529516220093,gaussian,A high quality recording of a man singing and violins playing a happy and emotional  piece.
744,19.46758088439419,0.27201458327077843,0.08106079697608948,4.937279939651489,gaussian,A high quality recording of a rock band playing a somber rock song.
745,18.89926064070965,0.26559534919294675,0.08622908592224121,4.857434511184692,gaussian,A high quality recording of a rock band playing a somber rock song.
746,20.373203510177742,0.3146862189766475,0.0720110535621643,4.529059410095215,gaussian,A high quality recording of a rock band playing a somber rock song.
747,16.714404541126218,0.2623791994886983,0.111245296895504,4.696641445159912,gaussian,A high quality recording of a rock band playing a somber rock song.
748,20.130298977381656,0.3018689120992174,0.07582002878189087,4.705738067626953,gaussian,A recording of an old upbeat cool rock song.
749,18.504385827263217,0.20373789549124616,0.09007537364959717,4.699549198150635,gaussian,A recording of an old upbeat cool rock song.
750,17.063591926484023,0.18903065503567756,0.10455857962369919,5.089935064315796,gaussian,A recording of an old upbeat cool rock song.
751,17.939205503445557,0.2559139729279593,0.0985790267586708,4.942865610122681,gaussian,A recording of an old upbeat cool rock song.
752,21.790428799254688,0.44858177874800415,0.06030701473355293,4.178133964538574,gaussian,A recording of a heavy metal song.
753,16.67182354816505,0.22316072744238233,0.11275004595518112,5.20830225944519,gaussian,A recording of a heavy metal song.
754,9.010069648511225,0.11310734299965004,0.29153817892074585,6.522613048553467,gaussian,A recording of a heavy metal song.
755,20.55719072812652,0.30527975745347624,0.07177115976810455,4.699082136154175,gaussian,A recording of a heavy metal song.
756,11.659356669591514,0.05288852415666479,0.2134661078453064,5.863051414489746,gaussian,A recording of a Chinese song.
757,18.453962800972462,0.240975062708703,0.09305579215288162,5.355980634689331,gaussian,A recording of a Chinese song.
758,19.104223655514424,0.3031330055316717,0.08074598759412766,4.528213739395142,gaussian,A recording of a Chinese song.
759,17.17594084148465,0.17932302840903064,0.10456739366054535,5.03645658493042,gaussian,A recording of a Chinese song.
760,21.18765945776942,0.2479479309447933,0.06610148400068283,4.242311954498291,gaussian,"A high quality recording of a trumpet, a guitar, a piano, a bass guitar and drums playing."
761,20.338052613566774,0.26701445037333843,0.0739445611834526,4.5870561599731445,gaussian,"A high quality recording of a trumpet, a guitar, a piano, a bass guitar and drums playing."
762,19.107890421714934,0.24871140770207284,0.08383320271968842,4.856980562210083,gaussian,"A high quality recording of a trumpet, a guitar, a piano, a bass guitar and drums playing."
763,19.825102147528614,0.2394953059451828,0.07829860597848892,4.933112144470215,gaussian,"A high quality recording of a trumpet, a guitar, a piano, a bass guitar and drums playing."
764,19.583727799561505,0.286134694613496,0.08107036352157593,4.963125467300415,gaussian,A recording of calm happy rock song.
765,16.15719220540791,0.17089571114911786,0.12046867609024048,4.873989820480347,gaussian,A recording of calm happy rock song.
766,17.240759967220935,0.23587775934152286,0.10613147914409637,4.90264630317688,gaussian,A recording of calm happy rock song.
767,20.59643211983499,0.2587178687749791,0.07100507616996765,4.574897050857544,gaussian,A recording of calm happy rock song.
768,15.956284029152139,0.19447313387839577,0.12433485686779022,4.756411552429199,gaussian,A recording of a rave techno song.
769,15.31337117365005,0.13601865527896873,0.1341181844472885,5.18568754196167,gaussian,A recording of a rave techno song.
770,16.645840428592923,0.11234230758939849,0.11089996993541718,4.95585560798645,gaussian,A recording of a rave techno song.
771,18.309944457711957,0.20837564970428046,0.09189798682928085,5.254206657409668,gaussian,A recording of a rave techno song.
772,15.79142516723029,0.16523977085252584,0.12170243263244629,4.807448387145996,gaussian,A high quality recording of a woman vocalizing an epic opera solo with accompaniment.
773,16.99239661470878,0.17404207305155395,0.11285077035427094,4.290152549743652,gaussian,A high quality recording of a woman vocalizing an epic opera solo with accompaniment.
774,17.404608913019086,0.21803542637926512,0.10808494687080383,5.115278005599976,gaussian,A high quality recording of a woman vocalizing an epic opera solo with accompaniment.
775,19.10871791602833,0.2642833485191933,0.08469363301992416,5.106752634048462,gaussian,A high quality recording of a woman vocalizing an epic opera solo with accompaniment.
776,13.904788374702694,0.11758499802732293,0.1583411991596222,5.403325080871582,gaussian,A high quality recording of Arabic instruments playing.
777,14.969892751080918,0.15558155246411004,0.13531535863876343,5.025142431259155,gaussian,A high quality recording of Arabic instruments playing.
778,19.24747112755494,0.2557938470451128,0.08210556209087372,4.914907932281494,gaussian,A high quality recording of Arabic instruments playing.
779,13.56298689961891,0.12965445604064502,0.16370317339897156,5.511907577514648,gaussian,A high quality recording of Arabic instruments playing.
780,17.26926168487808,0.18531914421624776,0.10322286933660507,5.131320953369141,gaussian,A calm song with violins and drums playing.
781,16.52656828215659,0.21592241367438111,0.11574846506118774,5.123934745788574,gaussian,A calm song with violins and drums playing.
782,20.869244175799373,0.3375337722004857,0.06853853911161423,4.466354846954346,gaussian,A calm song with violins and drums playing.
783,19.951989906861247,0.26797324991718907,0.0738113671541214,5.366665601730347,gaussian,A calm song with violins and drums playing.
784,19.564057132949927,0.27678457952573715,0.07924710214138031,4.516618251800537,gaussian,Flutes and guitars playing a happy calm song.
785,20.36234052912227,0.2400544547270669,0.07218042761087418,4.637655019760132,gaussian,Flutes and guitars playing a happy calm song.
786,16.040276317665267,0.19843222856265194,0.1206161230802536,4.342248439788818,gaussian,Flutes and guitars playing a happy calm song.
787,16.84669019568493,0.17872581020021228,0.1060921922326088,5.445343494415283,gaussian,Flutes and guitars playing a happy calm song.
788,19.301254037988862,0.23817638742254554,0.0827920213341713,4.1734888553619385,gaussian,"A violin and a saxophone playing a cool jazz melody, with an accompaniment of a piano, bass and drums."
789,19.430626394999436,0.285026169621824,0.08586576581001282,4.594919204711914,gaussian,"A violin and a saxophone playing a cool jazz melody, with an accompaniment of a piano, bass and drums."
790,16.741927662674204,0.20020110320959833,0.11646757274866104,4.593391418457031,gaussian,"A violin and a saxophone playing a cool jazz melody, with an accompaniment of a piano, bass and drums."
791,15.871576846644507,0.15245241183728547,0.12115760147571564,4.897850513458252,gaussian,"A violin and a saxophone playing a cool jazz melody, with an accompaniment of a piano, bass and drums."
792,19.097838653059686,0.24779677289254967,0.08321256190538406,4.571950912475586,gaussian,A recording of upbeat pop music.
793,16.181670757213222,0.16630077605454047,0.12009686976671219,5.144964218139648,gaussian,A recording of upbeat pop music.
794,19.919754616598727,0.26418484078535603,0.07808840274810791,4.8124680519104,gaussian,A recording of upbeat pop music.
795,21.408202903589185,0.27771577689107396,0.06490504741668701,4.569744110107422,gaussian,A recording of upbeat pop music.
796,18.042787883128383,0.22630835784713893,0.09564846009016037,4.6244707107543945,gaussian,"A saxophone playing while a guitar, bass and drums playing in the background."
797,18.025642947517223,0.27399963080647255,0.09242412447929382,4.956484317779541,gaussian,"A saxophone playing while a guitar, bass and drums playing in the background."
798,17.745675082124894,0.23103963974568578,0.0918961837887764,5.257844686508179,gaussian,"A saxophone playing while a guitar, bass and drums playing in the background."
799,16.66091420471453,0.1661005415121339,0.11535202711820602,4.847637176513672,gaussian,"A saxophone playing while a guitar, bass and drums playing in the background."
800,19.64147784888914,0.2694450408466826,0.07881589978933334,5.021183013916016,gaussian,A recording of a happy country song.
801,14.147545363615963,0.21449432980723668,0.1655047982931137,4.879177570343018,gaussian,A recording of a happy country song.
802,19.752234986470516,0.2590009113190674,0.07896871864795685,4.475545644760132,gaussian,A recording of a happy country song.
803,19.2908370995581,0.24222910526637448,0.08253771811723709,4.706581115722656,gaussian,A recording of a happy country song.
804,19.300148326536913,0.24911253867880487,0.08188285678625107,4.917439222335815,gaussian,"A woman is singing a country song with a trumpet, bass and drums playing in the background."
805,15.142623324518489,0.16616898226445934,0.13701868057250977,5.254429578781128,gaussian,"A woman is singing a country song with a trumpet, bass and drums playing in the background."
806,18.153637372496103,0.23862304335986984,0.09416670352220535,4.958799600601196,gaussian,"A woman is singing a country song with a trumpet, bass and drums playing in the background."
807,17.216733534681005,0.21018102965373553,0.10553615540266037,4.925689458847046,gaussian,"A woman is singing a country song with a trumpet, bass and drums playing in the background."
808,15.929482397789464,0.12094360087862775,0.12094477564096451,5.17962908744812,gaussian,A recording of an old upbeat cool Arabic song.
809,19.958904442132013,0.21392858948833451,0.07714337110519409,4.61975359916687,gaussian,A recording of an old upbeat cool Arabic song.
810,16.125562548642822,0.17577291451703986,0.12402485311031342,4.838769912719727,gaussian,A recording of an old upbeat cool Arabic song.
811,20.796917935892452,0.31169903970860613,0.06851862370967865,4.582065105438232,gaussian,A recording of an old upbeat cool Arabic song.
812,17.688698291432058,0.2269747750696081,0.10009848326444626,4.309213399887085,gaussian,"A guitar playing a romantic country melody while a piano, bass and drums play in the background."
813,17.363221798195035,0.17658619272818857,0.10480466485023499,5.3101184368133545,gaussian,"A guitar playing a romantic country melody while a piano, bass and drums play in the background."
814,19.77816871834222,0.2809817699014678,0.07849251478910446,4.870964765548706,gaussian,"A guitar playing a romantic country melody while a piano, bass and drums play in the background."
815,21.58346053490357,0.3613244180486211,0.06375645101070404,4.433090686798096,gaussian,"A guitar playing a romantic country melody while a piano, bass and drums play in the background."
816,13.898640856463945,0.15827809836524023,0.14483080804347992,4.675035715103149,gaussian,A high quality recording of a retro arcade soundtrack playing.
817,16.148859814463467,0.1660716874622967,0.11904733628034592,5.2210516929626465,gaussian,A high quality recording of a retro arcade soundtrack playing.
818,12.793303606199464,0.18275310597664243,0.17534399032592773,4.926057815551758,gaussian,A high quality recording of a retro arcade soundtrack playing.
819,11.144065225778462,0.08150038369779695,0.2114993780851364,5.356111526489258,gaussian,A high quality recording of a retro arcade soundtrack playing.
820,12.911865300656867,0.09779393402078197,0.17159602046012878,5.587013483047485,gaussian,Strings playing a scary death metal melody with trumpets and drums accompaniment in the background.
821,21.337661787293463,0.31063956643505014,0.06456992775201797,4.96857762336731,gaussian,Strings playing a scary death metal melody with trumpets and drums accompaniment in the background.
822,14.945634011556692,0.13557389930747768,0.1308436393737793,5.33129620552063,gaussian,Strings playing a scary death metal melody with trumpets and drums accompaniment in the background.
823,18.483380176271375,0.2747894004213151,0.09377728402614594,4.793801307678223,gaussian,Strings playing a scary death metal melody with trumpets and drums accompaniment in the background.
824,21.621559771282257,0.289934769501515,0.06282498687505722,4.550343990325928,gaussian,"A punk song of a man singing while a guitar, bass and drums accompany him."
825,16.385304093524713,0.26525427336861196,0.12282909452915192,5.044658422470093,gaussian,"A punk song of a man singing while a guitar, bass and drums accompany him."
826,16.498633631415665,0.22722333563305483,0.11636335402727127,4.829747676849365,gaussian,"A punk song of a man singing while a guitar, bass and drums accompany him."
827,17.046045335913483,0.33310375371383905,0.11466164886951447,4.996844530105591,gaussian,"A punk song of a man singing while a guitar, bass and drums accompany him."
828,16.4939502732737,0.14683887493590375,0.11467939615249634,4.900283098220825,gaussian,A recording of a calm reggae song.
829,15.67318015365913,0.15311781771124636,0.1270959973335266,4.827087163925171,gaussian,A recording of a calm reggae song.
830,17.143489272456737,0.1915016598847877,0.10373079031705856,4.733233451843262,gaussian,A recording of a calm reggae song.
831,20.027220559051205,0.26193598380110344,0.07614386081695557,4.834062576293945,gaussian,A recording of a calm reggae song.
832,13.314313300323084,0.13085165075404404,0.17715276777744293,4.839334726333618,gaussian,A recording of an upbeat cool jazz song.
833,18.25221705263701,0.27399316718273653,0.09353955835103989,4.925499200820923,gaussian,A recording of an upbeat cool jazz song.
834,18.584145704659225,0.2621388276710935,0.0917993113398552,4.631610631942749,gaussian,A recording of an upbeat cool jazz song.
835,17.90051754879356,0.24222845383006217,0.09719609469175339,4.6273767948150635,gaussian,A recording of an upbeat cool jazz song.
836,18.838695497344617,0.2227482603993363,0.0873844251036644,5.298751354217529,gaussian,A recording of a happy upbeat classical music piece.
837,16.084782118828162,0.1810038775639577,0.11530277878046036,4.941214084625244,gaussian,A recording of a happy upbeat classical music piece.
838,17.518979600920815,0.19181503443335926,0.10177307575941086,4.618760824203491,gaussian,A recording of a happy upbeat classical music piece.
839,18.340518778926235,0.19909940898323772,0.09454693645238876,4.7084550857543945,gaussian,A recording of a happy upbeat classical music piece.
840,15.93713500472806,0.19489914015244034,0.12905743718147278,5.040156602859497,gaussian,A high quality recording of strings playing.
841,15.258761807136118,0.18890947164690244,0.12727680802345276,5.499866485595703,gaussian,A high quality recording of strings playing.
842,12.743506621801284,0.30824533884500704,0.13915252685546875,5.9805779457092285,gaussian,A high quality recording of strings playing.
843,17.3315023895648,0.17404444497984745,0.10296576470136642,4.945184946060181,gaussian,A high quality recording of strings playing.
844,14.14298335488649,0.19288984845239676,0.15449580550193787,4.8586883544921875,gaussian,"A high quality recording of a woman singing, and a piano, bass and drums playing."
845,15.193316410160575,0.13518116680537565,0.13697101175785065,5.138439655303955,gaussian,"A high quality recording of a woman singing, and a piano, bass and drums playing."
846,20.504963996081568,0.3435539210413753,0.0698520764708519,4.782297134399414,gaussian,"A high quality recording of a woman singing, and a piano, bass and drums playing."
847,18.97791448995423,0.24082771111356688,0.0870831310749054,5.17665958404541,gaussian,"A high quality recording of a woman singing, and a piano, bass and drums playing."
848,18.792943980544614,0.2687735308785082,0.08684781193733215,4.995478391647339,gaussian,"A woman is singing while another woman, guitars, drums and bass are playing in the background."
849,14.572917140597916,0.16549211662427574,0.1407380998134613,5.279949426651001,gaussian,"A woman is singing while another woman, guitars, drums and bass are playing in the background."
850,18.097430558286728,0.23949212754607474,0.09414301067590714,4.403015613555908,gaussian,"A woman is singing while another woman, guitars, drums and bass are playing in the background."
851,14.592091640586808,0.08734243441412369,0.1425267904996872,5.945811986923218,gaussian,"A woman is singing while another woman, guitars, drums and bass are playing in the background."
852,18.835466040869335,0.2474655821489667,0.08718882501125336,4.800745010375977,gaussian,A reggae song of a woman singing while bass and drums accompany her.
853,15.587537739662835,0.15621567212139542,0.12820632755756378,5.123814582824707,gaussian,A reggae song of a woman singing while bass and drums accompany her.
854,19.22601925071696,0.24160248984342522,0.08320017158985138,4.7882866859436035,gaussian,A reggae song of a woman singing while bass and drums accompany her.
855,17.184211913695005,0.1885161173003194,0.10617747902870178,4.997755765914917,gaussian,A reggae song of a woman singing while bass and drums accompany her.
856,14.324968619362739,0.10901226338954555,0.14918018877506256,4.78870415687561,gaussian,A high quality recording of flutes and a saxophone playing.
857,17.122833894202213,0.19171642952889603,0.10609529912471771,5.004737377166748,gaussian,A high quality recording of flutes and a saxophone playing.
858,13.93091181186178,0.1912997042250943,0.14196006953716278,5.990104913711548,gaussian,A high quality recording of flutes and a saxophone playing.
859,14.683506338883305,0.18026630547806094,0.14200237393379211,4.8919830322265625,gaussian,A high quality recording of flutes and a saxophone playing.
860,18.57105514343351,0.1860609201353554,0.08907026797533035,5.073675870895386,gaussian,A high quality recording of a woman singing while an orchestra play in the background.
861,15.93864917233538,0.1636475289681417,0.12165741622447968,5.3213489055633545,gaussian,A high quality recording of a woman singing while an orchestra play in the background.
862,13.384636583510503,0.20359350908122675,0.16867348551750183,5.638813495635986,gaussian,A high quality recording of a woman singing while an orchestra play in the background.
863,19.638266367555243,0.2818341126956934,0.07816378027200699,4.3360114097595215,gaussian,A high quality recording of a woman singing while an orchestra play in the background.
864,14.698431920685849,0.15607121496795873,0.14327563345432281,5.170628309249878,gaussian,"A woman vocalizing a slow cool jazz melody while an electric keyboard, bass and drums play in the background, later a saxophone preforms a solo as well."
865,15.298734700972691,0.10483418782397168,0.1332353800535202,5.003509998321533,gaussian,"A woman vocalizing a slow cool jazz melody while an electric keyboard, bass and drums play in the background, later a saxophone preforms a solo as well."
866,19.567169280966972,0.2687887285673102,0.08013293892145157,4.695265293121338,gaussian,"A woman vocalizing a slow cool jazz melody while an electric keyboard, bass and drums play in the background, later a saxophone preforms a solo as well."
867,19.536540556782796,0.2851187943539873,0.08071219176054001,4.471069574356079,gaussian,"A woman vocalizing a slow cool jazz melody while an electric keyboard, bass and drums play in the background, later a saxophone preforms a solo as well."
868,11.049433176295253,0.20050585756861655,0.2131027728319168,6.3220436573028564,gaussian,"A high quality recording of a woman singing while a guitar, bass and drums accompany her."
869,18.745544198604705,0.24010690958398948,0.08821584284305573,5.120112419128418,gaussian,"A high quality recording of a woman singing while a guitar, bass and drums accompany her."
870,18.28836370276441,0.23154993819581499,0.09271861612796783,5.030977964401245,gaussian,"A high quality recording of a woman singing while a guitar, bass and drums accompany her."
871,21.750314110157394,0.31127342240642275,0.06283078342676163,4.795093059539795,gaussian,"A high quality recording of a woman singing while a guitar, bass and drums accompany her."
872,17.88044772213444,0.2670371029337561,0.0984034463763237,4.818057060241699,gaussian,Guitars playing alongside a trumpet a happy upbeat melody.
873,18.446238497948958,0.22771600455701754,0.09333842247724533,4.621471643447876,gaussian,Guitars playing alongside a trumpet a happy upbeat melody.
874,17.404026830086494,0.2034833132611011,0.10144181549549103,5.042809963226318,gaussian,Guitars playing alongside a trumpet a happy upbeat melody.
875,17.651955608273248,0.22792011367671092,0.10026080906391144,5.112035751342773,gaussian,Guitars playing alongside a trumpet a happy upbeat melody.
876,18.41689623625662,0.21511781269933453,0.09061919152736664,4.729686975479126,gaussian,"A violin playing a slow cool jazz melody while an electric keyboard, bass and drums play in the background, later a saxophone preforms a solo as well."
877,19.035610645719,0.26221043386528164,0.08377418667078018,4.645449638366699,gaussian,"A violin playing a slow cool jazz melody while an electric keyboard, bass and drums play in the background, later a saxophone preforms a solo as well."
878,18.6086703162008,0.2491956839763955,0.08584309369325638,4.698820114135742,gaussian,"A violin playing a slow cool jazz melody while an electric keyboard, bass and drums play in the background, later a saxophone preforms a solo as well."
879,20.703183615720214,0.277986794495643,0.06963144242763519,4.548967361450195,gaussian,"A violin playing a slow cool jazz melody while an electric keyboard, bass and drums play in the background, later a saxophone preforms a solo as well."
880,17.459931579926312,0.23956782036632887,0.1026068702340126,5.1492791175842285,gaussian,A recording of a calm rock song.
881,18.714052263586314,0.2850311270363553,0.08975712209939957,4.875236988067627,gaussian,A recording of a calm rock song.
882,19.761690153815007,0.3275288528704016,0.07780145108699799,4.7703635692596436,gaussian,A recording of a calm rock song.
883,19.676021387112957,0.3039052146464381,0.08035378158092499,5.20102071762085,gaussian,A recording of a calm rock song.
884,18.990343631531093,0.1387974673156952,0.08674712479114532,5.167886018753052,gaussian,A recording of a happy calm country song.
885,15.549901586909602,0.1611372161862312,0.13109631836414337,5.1672046184539795,gaussian,A recording of a happy calm country song.
886,18.390850697595646,0.21062572757056863,0.09325934201478958,4.320002794265747,gaussian,A recording of a happy calm country song.
887,19.313255812864092,0.2932455062114166,0.08211969584226608,4.356490850448608,gaussian,A recording of a happy calm country song.
888,15.801447514908062,0.13645862847767914,0.12133761495351791,5.149390697479248,gaussian,A high quality recording of a woman singing while bass and drums accompany her.
889,19.144292377717022,0.23223464893819554,0.08430514484643936,5.215443849563599,gaussian,A high quality recording of a woman singing while bass and drums accompany her.
890,16.350426704246345,0.24237094692509076,0.11757689714431763,5.290153980255127,gaussian,A high quality recording of a woman singing while bass and drums accompany her.
891,17.77174937995347,0.2771203069357571,0.09855403751134872,5.366721153259277,gaussian,A high quality recording of a woman singing while bass and drums accompany her.
892,16.13002602914286,0.1533435486667166,0.11642353236675262,4.890147924423218,gaussian,An electric guitar playing epic riffs while bass and drums are playing in the background.
893,20.426122272119933,0.3348808990638376,0.07010168582201004,4.542827606201172,gaussian,An electric guitar playing epic riffs while bass and drums are playing in the background.
894,12.66773104963007,0.2305972383489992,0.17906127870082855,6.125054359436035,gaussian,An electric guitar playing epic riffs while bass and drums are playing in the background.
895,16.806692844920363,0.21246397689547136,0.10692821443080902,4.510425329208374,gaussian,An electric guitar playing epic riffs while bass and drums are playing in the background.
896,15.656882964260436,0.08665671456946758,0.12760239839553833,4.6086039543151855,gaussian,"strings, flutes, and harps playing an upbeat piece."
897,16.9278528941391,0.19308585698478395,0.10721316933631897,5.0804643630981445,gaussian,"strings, flutes, and harps playing an upbeat piece."
898,16.848663696590595,0.18566526299229333,0.11504799872636795,4.812665939331055,gaussian,"strings, flutes, and harps playing an upbeat piece."
899,19.065137052364122,0.2237043337019316,0.08218832314014435,4.19842529296875,gaussian,"strings, flutes, and harps playing an upbeat piece."
900,13.85541502186853,0.12872264616995283,0.16601356863975525,5.1568474769592285,gaussian,A recording of  calm jazz song.
901,18.849379625489963,0.2535792862162177,0.08510056138038635,4.836166143417358,gaussian,A recording of  calm jazz song.
902,21.393214156551743,0.29968244601086763,0.06313853710889816,4.840475559234619,gaussian,A recording of  calm jazz song.
903,15.895892769121748,0.16924085602404518,0.12705948948860168,4.960911273956299,gaussian,A recording of  calm jazz song.
904,21.98534657624361,0.3369427599558017,0.05963260307908058,4.692168951034546,gaussian,An upbeat song with electric guitars and drums playing.
905,12.669799138446434,0.09416383008761231,0.18508706986904144,4.9672956466674805,gaussian,An upbeat song with electric guitars and drums playing.
906,16.067971509119463,0.2411561497725818,0.11780790239572525,5.151360511779785,gaussian,An upbeat song with electric guitars and drums playing.
907,14.726433131891755,0.22087991069954396,0.13325853645801544,5.578270435333252,gaussian,An upbeat song with electric guitars and drums playing.
908,20.096757861926072,0.35422812418782884,0.07718607783317566,4.4475743770599365,gaussian,"A cool 80s rock song of a man singing while a guitar, bass and drums accompany him."
909,16.904685097975175,0.2524745461042512,0.10880757123231888,4.8734869956970215,gaussian,"A cool 80s rock song of a man singing while a guitar, bass and drums accompany him."
910,19.600429966233627,0.31168186743800574,0.08059850335121155,4.612790107727051,gaussian,"A cool 80s rock song of a man singing while a guitar, bass and drums accompany him."
911,16.01771695653214,0.16102864799410688,0.1164955422282219,4.874685525894165,gaussian,"A cool 80s rock song of a man singing while a guitar, bass and drums accompany him."
912,15.926297993085374,0.19595274987525518,0.1300976574420929,5.005404472351074,gaussian,"A country song of a woman singing while a guitar, bass and drums accompany her."
913,13.008382466343857,0.1121525972810168,0.18731674551963806,5.145495891571045,gaussian,"A country song of a woman singing while a guitar, bass and drums accompany her."
914,18.525459182601345,0.2508471751973404,0.08888501673936844,4.923128366470337,gaussian,"A country song of a woman singing while a guitar, bass and drums accompany her."
915,7.245219322743811,0.0242179447320037,0.38016918301582336,6.3035078048706055,gaussian,"A country song of a woman singing while a guitar, bass and drums accompany her."
916,16.30295509607729,0.23337324877779606,0.10970909893512726,5.091173410415649,gaussian,A recording of an old timey rock song from the seventies.
917,17.864136734136924,0.24522457411068707,0.09807594120502472,4.430204153060913,gaussian,A recording of an old timey rock song from the seventies.
918,15.809870086244079,0.15036990385267526,0.12753228843212128,5.336394786834717,gaussian,A recording of an old timey rock song from the seventies.
919,19.04008172877013,0.23856853285545918,0.08620018512010574,4.893165588378906,gaussian,A recording of an old timey rock song from the seventies.
920,16.057809810747617,0.18491425036435072,0.12117356061935425,4.841577529907227,gaussian,"A saxophone, guitar, bass and drums playing a cool happy song."
921,16.136188900198654,0.23416457389704684,0.11290538311004639,4.801892518997192,gaussian,"A saxophone, guitar, bass and drums playing a cool happy song."
922,19.906341037907616,0.24608403006711002,0.07698558270931244,4.731897830963135,gaussian,"A saxophone, guitar, bass and drums playing a cool happy song."
923,16.09799426036791,0.20018727483526372,0.12280846387147903,5.3143463134765625,gaussian,"A saxophone, guitar, bass and drums playing a cool happy song."
924,19.02001267774279,0.23505885122119644,0.0814695879817009,4.655963182449341,gaussian,A recording of a scary classical music score.
925,17.896949078389557,0.26072096718885607,0.09727050364017487,4.3514182567596436,gaussian,A recording of a scary classical music score.
926,20.84511618327241,0.29569514489454046,0.06815081089735031,4.839345932006836,gaussian,A recording of a scary classical music score.
927,18.56665023584647,0.19580835397350138,0.0864158570766449,4.359995365142822,gaussian,A recording of a scary classical music score.
928,16.505990869943584,0.2576543165645488,0.119376040995121,4.626492023468018,gaussian,"A man is singing in high pitched voice while a guitar, bass and drums are accompanying him in an angry metal song."
929,15.100007959234157,0.16899841356999398,0.12637346982955933,5.047142505645752,gaussian,"A man is singing in high pitched voice while a guitar, bass and drums are accompanying him in an angry metal song."
930,17.958867367875136,0.29997454477149404,0.08778560161590576,4.864295244216919,gaussian,"A man is singing in high pitched voice while a guitar, bass and drums are accompanying him in an angry metal song."
931,19.280822490614376,0.32126506868222854,0.0867675170302391,4.593444585800171,gaussian,"A man is singing in high pitched voice while a guitar, bass and drums are accompanying him in an angry metal song."
932,20.617542642442462,0.25545976749513855,0.06957096606492996,5.02901291847229,gaussian,A recording of Hindu instruments playing.
933,12.864598851020919,0.21344104348056203,0.1773972362279892,5.765288829803467,gaussian,A recording of Hindu instruments playing.
934,19.430029269763835,0.20206812854078748,0.082842618227005,4.757935047149658,gaussian,A recording of Hindu instruments playing.
935,12.647120979785315,0.11992516780377087,0.1966138780117035,5.098431587219238,gaussian,A recording of Hindu instruments playing.
936,9.20691781263504,0.01376231701615422,0.2976028323173523,6.2262091636657715,gaussian,A recording of an old metal song.
937,14.307764608803806,0.18244984047172202,0.1638047993183136,5.1373066902160645,gaussian,A recording of an old metal song.
938,15.789136115465595,0.22830694731814757,0.11785679310560226,5.2369384765625,gaussian,A recording of an old metal song.
939,20.83970704883276,0.3199665459441494,0.06821877509355545,4.792686939239502,gaussian,A recording of an old metal song.
940,21.781835835159598,0.29379074301214536,0.061399832367897034,4.444953918457031,gaussian,A recording of an old country song.
941,17.054708657023635,0.18536787539529961,0.10864272713661194,4.851033449172974,gaussian,A recording of an old country song.
942,16.64463589254986,0.1784924249097053,0.11163397133350372,5.062108278274536,gaussian,A recording of an old country song.
943,17.50201614529343,0.18299954840667898,0.10222939401865005,4.976033687591553,gaussian,A recording of an old country song.
944,19.079839510511658,0.23846026662628164,0.08444339036941528,4.766246795654297,gaussian,A high quality recording of a rock band accompaniment.
945,17.665007463683807,0.1509773660938036,0.09913164377212524,5.202596664428711,gaussian,A high quality recording of a rock band accompaniment.
946,13.822894803814359,0.11047018740239084,0.15963757038116455,5.499542713165283,gaussian,A high quality recording of a rock band accompaniment.
947,20.294741943123917,0.3012093328859757,0.07314607501029968,4.859800815582275,gaussian,A high quality recording of a rock band accompaniment.
948,17.48850639437926,0.24182325663438964,0.09669174253940582,4.893181324005127,gaussian,A high quality recording of violins and a trumpet playing.
949,17.34208460558265,0.20903909037556234,0.10060004889965057,4.406122922897339,gaussian,A high quality recording of violins and a trumpet playing.
950,16.896489134324618,0.19076266472663325,0.10481119900941849,4.5586042404174805,gaussian,A high quality recording of violins and a trumpet playing.
951,13.939886226229202,0.14366849531706846,0.1503710150718689,5.358950853347778,gaussian,A high quality recording of violins and a trumpet playing.
952,16.840059110202187,0.2016367162661404,0.10940379649400711,4.970811605453491,gaussian,A woman vocalizing playing alongside a trumpet a happy upbeat melody.
953,15.324577883791669,0.1749253870770994,0.13246747851371765,5.075938701629639,gaussian,A woman vocalizing playing alongside a trumpet a happy upbeat melody.
954,17.72595081259025,0.2597307077153382,0.0974237471818924,5.006496906280518,gaussian,A woman vocalizing playing alongside a trumpet a happy upbeat melody.
955,19.96956153492463,0.28463222353701745,0.07591012120246887,4.864510774612427,gaussian,A woman vocalizing playing alongside a trumpet a happy upbeat melody.
956,22.06975567268223,0.3023730618546405,0.05964283645153046,4.409916877746582,gaussian,"A rock song with a guitar, piano, bass and drums playing."
957,20.250443520328485,0.2747362539068759,0.07414302229881287,4.726870536804199,gaussian,"A rock song with a guitar, piano, bass and drums playing."
958,20.796084983160167,0.3384426253316986,0.0714925229549408,4.613792896270752,gaussian,"A rock song with a guitar, piano, bass and drums playing."
959,18.914920109085507,0.2072667490247969,0.08496116101741791,4.76396107673645,gaussian,"A rock song with a guitar, piano, bass and drums playing."
960,21.867665783470613,0.39559099364187766,0.05912460759282112,4.302830457687378,gaussian,"A recording of a sneaky, quiet and dramatic metal song, that turns loud in the middle then turns quite again."
961,19.77759570510254,0.26748983027063616,0.08049549162387848,4.870666265487671,gaussian,"A recording of a sneaky, quiet and dramatic metal song, that turns loud in the middle then turns quite again."
962,17.473389121363653,0.3432196006450082,0.11017077416181564,4.59110426902771,gaussian,"A recording of a sneaky, quiet and dramatic metal song, that turns loud in the middle then turns quite again."
963,13.971313725654202,0.17092107646399818,0.14984849095344543,5.558645009994507,gaussian,"A recording of a sneaky, quiet and dramatic metal song, that turns loud in the middle then turns quite again."
964,18.703711538830024,0.2580316757398463,0.08888054639101028,4.705403804779053,gaussian,A rock band playing alongside a trumpet a happy upbeat melody.
965,18.58370725087189,0.2439603660341824,0.0895627811551094,4.702958822250366,gaussian,A rock band playing alongside a trumpet a happy upbeat melody.
966,15.483088826398825,0.13639893545868167,0.12911757826805115,4.8685688972473145,gaussian,A rock band playing alongside a trumpet a happy upbeat melody.
967,12.423414465278626,0.1499219063918982,0.18326275050640106,5.602696180343628,gaussian,A rock band playing alongside a trumpet a happy upbeat melody.
968,16.08167937344895,0.19282012489693703,0.12193163484334946,4.770288467407227,gaussian,A high quality recording of an epic piano hard rock solo with a rock band accompaniment.
969,16.8519088991494,0.29838068020023134,0.11132476478815079,4.821592330932617,gaussian,A high quality recording of an epic piano hard rock solo with a rock band accompaniment.
970,11.387694598933285,0.2182347526424618,0.20483064651489258,5.710284948348999,gaussian,A high quality recording of an epic piano hard rock solo with a rock band accompaniment.
971,19.579870513499756,0.24419033169727755,0.08063498884439468,4.826643228530884,gaussian,A high quality recording of an epic piano hard rock solo with a rock band accompaniment.
972,20.390360921977887,0.28709834315660543,0.07440444082021713,4.4067463874816895,gaussian,A recording of a cool calm arcade game soundtrack.
973,18.484036183959887,0.22326452812284617,0.09347373992204666,4.894148588180542,gaussian,A recording of a cool calm arcade game soundtrack.
974,16.1491777316848,0.19207835348350757,0.11088519543409348,5.296795129776001,gaussian,A recording of a cool calm arcade game soundtrack.
975,15.002618425213601,0.11689480863195773,0.14550882577896118,5.551009654998779,gaussian,A recording of a cool calm arcade game soundtrack.
976,19.953900926883694,0.26457165747783534,0.07597189396619797,4.879779815673828,gaussian,"a saxophone, trumpet, guitar, bass and drums playing."
977,15.295057947950013,0.1965707590507923,0.1264970749616623,5.029692888259888,gaussian,"a saxophone, trumpet, guitar, bass and drums playing."
978,17.2828929447074,0.1938545576019485,0.10795389860868454,4.771714687347412,gaussian,"a saxophone, trumpet, guitar, bass and drums playing."
979,17.52443497645954,0.21266481609765434,0.09943672269582748,5.14640474319458,gaussian,"a saxophone, trumpet, guitar, bass and drums playing."
980,22.217915430706782,0.39280566345268697,0.060177452862262726,4.171543121337891,gaussian,A recording of a cool mysterious rock song.
981,15.545408648434167,0.13543569004295553,0.12634149193763733,5.090248346328735,gaussian,A recording of a cool mysterious rock song.
982,16.887353427617633,0.25687574214632664,0.11078684777021408,4.444225549697876,gaussian,A recording of a cool mysterious rock song.
983,14.558741024843298,0.19023551065775568,0.14736634492874146,5.180670499801636,gaussian,A recording of a cool mysterious rock song.
984,17.499961483667995,0.20616225340950906,0.09929618239402771,4.614781141281128,gaussian,A recording of calm happy jazz music.
985,16.916751307600226,0.18242439906974647,0.109126515686512,5.080579042434692,gaussian,A recording of calm happy jazz music.
986,13.215613689334782,0.17612970527163213,0.17760562896728516,5.300366163253784,gaussian,A recording of calm happy jazz music.
987,18.926442895193382,0.28554571699228964,0.08667999505996704,4.683843374252319,gaussian,A recording of calm happy jazz music.
988,15.719885365841314,0.2639482989538293,0.13243110477924347,4.920345783233643,gaussian,An orchestra playing classical music. You can hear flutes and a piano.
989,22.968280830351038,0.3399707254667787,0.0529615618288517,3.909177780151367,gaussian,An orchestra playing classical music. You can hear flutes and a piano.
990,19.61081376499923,0.2507121191400581,0.08140701800584793,4.23441481590271,gaussian,An orchestra playing classical music. You can hear flutes and a piano.
991,18.964826448756305,0.20132397576934094,0.08505914360284805,4.7669477462768555,gaussian,An orchestra playing classical music. You can hear flutes and a piano.
992,13.849124157503109,0.11018133331657905,0.16147655248641968,4.618757486343384,gaussian,A high quality recording of flutes playing a wedding song.
993,20.133855385197812,0.3413679429123179,0.07934027165174484,4.643342733383179,gaussian,A high quality recording of flutes playing a wedding song.
994,14.512396795200157,0.174738859754268,0.15145128965377808,5.46003532409668,gaussian,A high quality recording of flutes playing a wedding song.
995,16.251119245092767,0.15818580067882232,0.12015124410390854,5.24753212928772,gaussian,A high quality recording of flutes playing a wedding song.
996,13.71030254542158,0.11448614795266045,0.16071362793445587,5.152711391448975,gaussian,A high quality recording of a piano and violins playing a happy and emotional  piece.
997,13.84760897935121,0.17230462220319576,0.15376490354537964,5.018510341644287,gaussian,A high quality recording of a piano and violins playing a happy and emotional  piece.
998,16.177203697319854,0.16995006706227864,0.11623897403478622,4.745011329650879,gaussian,A high quality recording of a piano and violins playing a happy and emotional  piece.
999,18.82682057595655,0.20630916490596923,0.0871238261461258,3.961564779281616,gaussian,A high quality recording of a piano and violins playing a happy and emotional  piece.
1000,17.936969020061376,0.1993652094521772,0.09622875601053238,4.917181730270386,gaussian,"A saxophone playing a quiet jazz melody, with an accompaniment of bass and drums."
1001,17.604450245241974,0.23218543333898295,0.09800927340984344,4.579530715942383,gaussian,"A saxophone playing a quiet jazz melody, with an accompaniment of bass and drums."
1002,17.753252940475065,0.21764648100058287,0.09981771558523178,4.9490838050842285,gaussian,"A saxophone playing a quiet jazz melody, with an accompaniment of bass and drums."
1003,19.351317625964032,0.21017628004602004,0.08082780987024307,4.749231576919556,gaussian,"A saxophone playing a quiet jazz melody, with an accompaniment of bass and drums."
1004,17.5620081385483,0.1998168905300778,0.10488256812095642,4.762702703475952,gaussian,"Chinese flutes, Chinese wind instruments and Chinese strings playing a dramatic Chinese music piece."
1005,14.759144254869913,0.18116914329114517,0.14368249475955963,4.959012031555176,gaussian,"Chinese flutes, Chinese wind instruments and Chinese strings playing a dramatic Chinese music piece."
1006,16.934448234648436,0.16599250560613502,0.1105215847492218,4.618356704711914,gaussian,"Chinese flutes, Chinese wind instruments and Chinese strings playing a dramatic Chinese music piece."
1007,18.555687014381903,0.20420127533010793,0.08826065063476562,4.500535249710083,gaussian,"Chinese flutes, Chinese wind instruments and Chinese strings playing a dramatic Chinese music piece."
1008,17.12603759065296,0.22226888625401284,0.10828515142202377,4.70688009262085,gaussian,"A high quality recording of guitars, flutes and drums playing."
1009,17.673427098642765,0.18767712921082189,0.09900251030921936,4.867890357971191,gaussian,"A high quality recording of guitars, flutes and drums playing."
1010,16.91331473085024,0.13465552328743277,0.1074480265378952,5.217589616775513,gaussian,"A high quality recording of guitars, flutes and drums playing."
1011,18.15501463909326,0.216673520622988,0.08984742313623428,4.958800792694092,gaussian,"A high quality recording of guitars, flutes and drums playing."
1012,17.732443718471604,0.21465330615258932,0.10256979614496231,4.331271171569824,gaussian,A string section playing a happy calm song.
1013,13.271505951588514,0.1240631837443432,0.16539563238620758,5.48115873336792,gaussian,A string section playing a happy calm song.
1014,16.24650720183156,0.15778796887677005,0.12125959992408752,5.017284393310547,gaussian,A string section playing a happy calm song.
1015,18.16023254583625,0.24609745407815092,0.09071894735097885,4.920496702194214,gaussian,A string section playing a happy calm song.
1016,16.549492720864592,0.25091771878838237,0.11140903830528259,5.314659833908081,gaussian,A high quality recording of a man singing while and orchestra accompany him.
1017,16.69434821550649,0.19037161449575057,0.10628709942102432,4.709896683692932,gaussian,A high quality recording of a man singing while and orchestra accompany him.
1018,14.714206775561065,0.2593029233489701,0.14631928503513336,5.017313480377197,gaussian,A high quality recording of a man singing while and orchestra accompany him.
1019,17.00870335177479,0.20830704834022173,0.10472431778907776,5.600236177444458,gaussian,A high quality recording of a man singing while and orchestra accompany him.
1020,18.992019638230722,0.2301690348906887,0.08613727241754532,4.572870254516602,gaussian,"A guitar playing a quiet harsh techno melody while an electric keyboard, bass and drums play in the background."
1021,13.029526190633584,0.07230369607149141,0.17489030957221985,5.5138840675354,gaussian,"A guitar playing a quiet harsh techno melody while an electric keyboard, bass and drums play in the background."
1022,13.450705673453069,0.12246262375451551,0.1670241504907608,5.350625991821289,gaussian,"A guitar playing a quiet harsh techno melody while an electric keyboard, bass and drums play in the background."
1023,15.944121837803177,0.1854246870234402,0.12402937561273575,5.430401563644409,gaussian,"A guitar playing a quiet harsh techno melody while an electric keyboard, bass and drums play in the background."
0,40.4144842731845,0.9836130619355657,0.00651508430019021,0.27848832309246063,ddim,A high quality recording of an epic violin solo with an orchestra accompaniment.
1,40.51746626185392,0.9907288516279985,0.006465394981205463,0.2191021591424942,ddim,A high quality recording of an epic violin solo with an orchestra accompaniment.
2,41.01551547863045,0.989456234143747,0.006243445910513401,0.2155182585120201,ddim,A high quality recording of an epic violin solo with an orchestra accompaniment.
3,37.06847999987064,0.9889174763571248,0.00862149614840746,0.2461012452840805,ddim,A high quality recording of an epic violin solo with an orchestra accompaniment.
4,39.84697515868381,0.9851675216640673,0.00690250750631094,0.25988027453422546,ddim,A recording of a happy upbeat song in an orchestral style.
5,31.928327894374732,0.9303251898078756,0.017903819680213928,1.5025527477264404,ddim,A recording of a happy upbeat song in an orchestral style.
6,39.21788218724671,0.98314563186212,0.007492967881262302,0.2578788176178932,ddim,A recording of a happy upbeat song in an orchestral style.
7,40.91152430040839,0.9906952922459016,0.0061951372772455215,0.16176007688045502,ddim,A recording of a happy upbeat song in an orchestral style.
8,40.21122562366333,0.989265089718639,0.006699427962303162,0.2136586382985115,ddim,Strings playing a scary classical music melody with flutes and drums accompaniment in the background.
9,39.273050489426325,0.9886246890334897,0.007595941424369812,0.19722023606300354,ddim,Strings playing a scary classical music melody with flutes and drums accompaniment in the background.
10,39.32865870270334,0.9836169211472203,0.0074960943311452866,0.2550802230834961,ddim,Strings playing a scary classical music melody with flutes and drums accompaniment in the background.
11,39.3974372513768,0.9890365009360143,0.007373708765953779,0.2571159526705742,ddim,Strings playing a scary classical music melody with flutes and drums accompaniment in the background.
12,39.21505209579154,0.9827632152968859,0.007503099739551544,0.24732734262943268,ddim,A recording of an upbeat Arabic song.
13,40.20381743506292,0.9882242213081843,0.0065820226445794106,0.23266083002090454,ddim,A recording of an upbeat Arabic song.
14,39.85482486272851,0.9862806773216792,0.006891751196235418,0.2754549980163574,ddim,A recording of an upbeat Arabic song.
15,40.88840421953341,0.9939737122178517,0.006146139465272427,0.11228444054722786,ddim,A recording of an upbeat Arabic song.
16,41.27410585917119,0.9910486369587872,0.005840220022946596,0.152006633579731,ddim,"A banjo playing a funky country melody, with an accompaniment of a violin, bass and drums."
17,40.35923301228239,0.9885726006622988,0.006502165924757719,0.19186512380838394,ddim,"A banjo playing a funky country melody, with an accompaniment of a violin, bass and drums."
18,40.079169933545764,0.9877821930938576,0.006682522129267454,0.20009083300828934,ddim,"A banjo playing a funky country melody, with an accompaniment of a violin, bass and drums."
19,41.5868332194393,0.9911226940053776,0.005506024230271578,0.13380733132362366,ddim,"A banjo playing a funky country melody, with an accompaniment of a violin, bass and drums."
20,41.91590189657552,0.9884388433919171,0.005278191063553095,0.20864976942539215,ddim,A recording of a quiet metal song.
21,38.53042993674479,0.9818536117191359,0.007665103767067194,0.30106018483638763,ddim,A recording of a quiet metal song.
22,35.47622391352464,0.9424108824737766,0.007934100925922394,0.614425539970398,ddim,A recording of a quiet metal song.
23,42.59083623128614,0.9835346892331361,0.00499167013913393,0.3867271840572357,ddim,A recording of a quiet metal song.
24,39.67899312138727,0.9884816894186018,0.007066816091537476,0.2471088469028473,ddim,A string section playing classical music.
25,40.331726615001145,0.9881648822571557,0.0067227547988295555,0.20923812687397003,ddim,A string section playing classical music.
26,41.331830620681735,0.9923702745481028,0.005853930488228798,0.16325341910123825,ddim,A string section playing classical music.
27,37.99587840381557,0.9851467741080934,0.008259844966232777,0.35236820578575134,ddim,A string section playing classical music.
28,40.47497535076303,0.9904381546648314,0.0063377851620316505,0.16020113974809647,ddim,"A recording of a sneaky, quiet and scary techno song, that turns loud in the middle then turns quite again."
29,38.65960404354891,0.989624219257849,0.007786906324326992,0.186384379863739,ddim,"A recording of a sneaky, quiet and scary techno song, that turns loud in the middle then turns quite again."
30,40.5244613723039,0.9886796860512386,0.006285672076046467,0.20563823729753494,ddim,"A recording of a sneaky, quiet and scary techno song, that turns loud in the middle then turns quite again."
31,41.705305191140226,0.9857721015080305,0.005306539125740528,0.2598179131746292,ddim,"A recording of a sneaky, quiet and scary techno song, that turns loud in the middle then turns quite again."
32,39.98549280839474,0.9826197564926636,0.00643702270463109,0.2616332322359085,ddim,A recording of a happy upbeat rock song.
33,40.28514164439336,0.991867805939391,0.0066389176063239574,0.14340265840291977,ddim,A recording of a happy upbeat rock song.
34,39.97217534538502,0.9862194901162011,0.006709144450724125,0.2992192506790161,ddim,A recording of a happy upbeat rock song.
35,40.99440222347023,0.9866232752017389,0.005861108191311359,0.23639114201068878,ddim,A recording of a happy upbeat rock song.
36,40.41180108498163,0.9793028720304375,0.006442498881369829,0.3464426249265671,ddim,"A woman is singing a country song with a guitar, bass and drums playing in the background."
37,38.99547562238877,0.981837867675935,0.007521229796111584,0.2910088002681732,ddim,"A woman is singing a country song with a guitar, bass and drums playing in the background."
38,40.09595369087353,0.9843415235754827,0.006534989457577467,0.2658700793981552,ddim,"A woman is singing a country song with a guitar, bass and drums playing in the background."
39,39.74182694362439,0.9864188055048811,0.006663400214165449,0.20969287306070328,ddim,"A woman is singing a country song with a guitar, bass and drums playing in the background."
40,40.76679693294864,0.9912113001088734,0.0061990199610590935,0.17319287359714508,ddim,A high quality recording of a violin playing a melody while another violin and drums are playing in the background.
41,41.03621320918103,0.9885902888665711,0.006115778815001249,0.15658769756555557,ddim,A high quality recording of a violin playing a melody while another violin and drums are playing in the background.
42,35.34658527620957,0.9787331408119851,0.011334571056067944,0.5431443154811859,ddim,A high quality recording of a violin playing a melody while another violin and drums are playing in the background.
43,41.1235892860049,0.9896779583465072,0.005945273209363222,0.2239966318011284,ddim,A high quality recording of a violin playing a melody while another violin and drums are playing in the background.
44,39.467382957184405,0.9792489767072567,0.006719937082380056,0.33189043402671814,ddim,"A woman is singing while a guitar, bass and drums playing in the background."
45,39.17756145406023,0.9770817919818807,0.007374734617769718,0.2853096127510071,ddim,"A woman is singing while a guitar, bass and drums playing in the background."
46,36.8977265610997,0.9730351347908515,0.009002931416034698,0.4094081223011017,ddim,"A woman is singing while a guitar, bass and drums playing in the background."
47,38.15272327263478,0.9820368669034342,0.008133363910019398,0.25429951399564743,ddim,"A woman is singing while a guitar, bass and drums playing in the background."
48,40.257349494045265,0.9863261989899962,0.006708700209856033,0.31859225779771805,ddim,"A country song with a guitar, piano, bass and drums playing."
49,40.88870451263267,0.9910043004414654,0.006080727558583021,0.19297067821025848,ddim,"A country song with a guitar, piano, bass and drums playing."
50,41.83034881556882,0.9914359860549558,0.005503042601048946,0.15644800662994385,ddim,"A country song with a guitar, piano, bass and drums playing."
51,41.54306849400311,0.9891366679161512,0.005488038063049316,0.26336877793073654,ddim,"A country song with a guitar, piano, bass and drums playing."
52,40.043608935344096,0.986250308195446,0.00669632013887167,0.291055291891098,ddim,A recording of a happy upbeat blues song.
53,40.90192397258221,0.9877411703733271,0.005909083876758814,0.2489863783121109,ddim,A recording of a happy upbeat blues song.
54,41.50981052777064,0.992134799601596,0.005646251607686281,0.1336115337908268,ddim,A recording of a happy upbeat blues song.
55,40.64292457096644,0.9891061942573973,0.006348146591335535,0.1562074050307274,ddim,A recording of a happy upbeat blues song.
56,37.935031139965645,0.981034251466035,0.008543825708329678,0.2703459784388542,ddim,"A harp playing alongside a piano, bass and drums in an upbeat old-timey cool classical song."
57,40.25166780247076,0.9886440331298669,0.006632640492171049,0.16772007197141647,ddim,"A harp playing alongside a piano, bass and drums in an upbeat old-timey cool classical song."
58,37.02941167232594,0.9826452671787685,0.009172067046165466,0.19950277358293533,ddim,"A harp playing alongside a piano, bass and drums in an upbeat old-timey cool classical song."
59,40.34069554575197,0.9913976841820287,0.006555367726832628,0.12015075236558914,ddim,"A harp playing alongside a piano, bass and drums in an upbeat old-timey cool classical song."
60,38.95269306455762,0.9812535539550316,0.007204578258097172,0.2777949124574661,ddim,A recording of angry metal music.
61,39.89140588051886,0.9768724622862508,0.006586175877600908,0.36468467116355896,ddim,A recording of angry metal music.
62,40.73303416814278,0.9858066082254876,0.0062272497452795506,0.2364806830883026,ddim,A recording of angry metal music.
63,40.72984810395635,0.9838395480181633,0.005922968033701181,0.24837199598550797,ddim,A recording of angry metal music.
64,39.40995679276647,0.984774752683371,0.0073333862237632275,0.2512785494327545,ddim,A country song of a woman singing while bass and drums accompany her.
65,40.58558227374073,0.992503598683869,0.006206820253282785,0.2098109945654869,ddim,A country song of a woman singing while bass and drums accompany her.
66,41.15222680468787,0.9818380449438316,0.005606306716799736,0.3404015004634857,ddim,A country song of a woman singing while bass and drums accompany her.
67,39.808531183071906,0.9755205723333591,0.006707312073558569,0.41131627559661865,ddim,A country song of a woman singing while bass and drums accompany her.
68,39.72713456508887,0.9837071430537508,0.00658287201076746,0.23136454820632935,ddim,"A violin playing while a guitar, bass and drums playing in the background a calm country song."
69,40.67779187443837,0.9870898817715954,0.0062326109036803246,0.24314960092306137,ddim,"A violin playing while a guitar, bass and drums playing in the background a calm country song."
70,34.071086285697405,0.9745314320294911,0.012638093903660774,0.4662519544363022,ddim,"A violin playing while a guitar, bass and drums playing in the background a calm country song."
71,41.259869479072975,0.9890097165669666,0.005865694954991341,0.24181097000837326,ddim,"A violin playing while a guitar, bass and drums playing in the background a calm country song."
72,41.243732114762956,0.9845199802586166,0.0056084925308823586,0.2916651666164398,ddim,A recording of an upbeat angry punk song.
73,39.17160319134894,0.9814865454970381,0.006841481197625399,0.32700149714946747,ddim,A recording of an upbeat angry punk song.
74,39.75124546724241,0.9846469968156981,0.006937874481081963,0.3091677725315094,ddim,A recording of an upbeat angry punk song.
75,39.638141019283616,0.9751632417441585,0.00632557924836874,0.392976775765419,ddim,A recording of an upbeat angry punk song.
76,37.18726990007556,0.9807329591106374,0.009116039611399174,0.35683950781822205,ddim,"A kid is singing while a piano, bass and drums are accompanying him in a happy upbeat rock song."
77,40.460607279012095,0.9828847197258009,0.006145790684968233,0.3614705801010132,ddim,"A kid is singing while a piano, bass and drums are accompanying him in a happy upbeat rock song."
78,39.88956580623734,0.9915086920340208,0.006807524245232344,0.15567485988140106,ddim,"A kid is singing while a piano, bass and drums are accompanying him in a happy upbeat rock song."
79,39.854067074053475,0.9863197909561754,0.006529960315674543,0.2492665946483612,ddim,"A kid is singing while a piano, bass and drums are accompanying him in a happy upbeat rock song."
80,40.8396955842415,0.9888403363368793,0.006108189467340708,0.1687750145792961,ddim,A strings section playing techno music.
81,40.65101933124676,0.9841873664621339,0.0062435828149318695,0.23455725610256195,ddim,A strings section playing techno music.
82,39.6806629141009,0.982632694269678,0.006175817456096411,0.37207333743572235,ddim,A strings section playing techno music.
83,39.50592106685674,0.9872097814189194,0.007150633726269007,0.23809432983398438,ddim,A strings section playing techno music.
84,40.430335161552485,0.9878797160784833,0.0064108166843652725,0.27600958943367004,ddim,"A metal song of a man singing while a guitar, bass and drums accompany him."
85,38.438300166552985,0.9888329868649296,0.00798623077571392,0.16535694152116776,ddim,"A metal song of a man singing while a guitar, bass and drums accompany him."
86,39.933349972431834,0.9832140872510434,0.006678749341517687,0.24283134192228317,ddim,"A metal song of a man singing while a guitar, bass and drums accompany him."
87,40.63029401308367,0.9877669116469722,0.006399296224117279,0.23961760848760605,ddim,"A metal song of a man singing while a guitar, bass and drums accompany him."
88,40.02283229321723,0.985022256718945,0.006661702878773212,0.23140007257461548,ddim,A recording of an old rock song from the nineties.
89,37.81987472199195,0.9783242465927251,0.008661682717502117,0.49119895696640015,ddim,A recording of an old rock song from the nineties.
90,39.06572776452711,0.9871697532950526,0.007336960174143314,0.22940801829099655,ddim,A recording of an old rock song from the nineties.
91,41.26423543918848,0.9913931993757471,0.005824200343340635,0.17675387859344482,ddim,A recording of an old rock song from the nineties.
92,37.6134554840784,0.9805502725439803,0.008384237065911293,0.28938163071870804,ddim,A recording of a slow and cool jazz song.
93,38.60323527767128,0.9855275033133546,0.007952668704092503,0.322014257311821,ddim,A recording of a slow and cool jazz song.
94,39.50639069820092,0.985095328035897,0.007170236203819513,0.23901165276765823,ddim,A recording of a slow and cool jazz song.
95,39.17248799962618,0.9802049283504392,0.007305212784558535,0.332426518201828,ddim,A recording of a slow and cool jazz song.
96,38.995371680169825,0.9787699390326429,0.006893552839756012,0.3089439868927002,ddim,"A high quality recording of strings, drums and flutes playing."
97,40.42895432084822,0.9889181811566853,0.00634424015879631,0.23016856610774994,ddim,"A high quality recording of strings, drums and flutes playing."
98,38.7669744672174,0.9852810609669843,0.00799525436013937,0.24071495234966278,ddim,"A high quality recording of strings, drums and flutes playing."
99,40.37212306569754,0.9906208691312667,0.006430594716221094,0.19376947730779648,ddim,"A high quality recording of strings, drums and flutes playing."
100,40.15370533426457,0.9877366512244351,0.006533041596412659,0.21984899789094925,ddim,A recording of a slow cool hip hop song.
101,41.15286448398216,0.9916081563011934,0.005710730329155922,0.17020918428897858,ddim,A recording of a slow cool hip hop song.
102,40.1066552682076,0.9897909342197835,0.00650948379188776,0.21790513396263123,ddim,A recording of a slow cool hip hop song.
103,33.592027569819386,0.9587585123427358,0.013926303945481777,0.6268024444580078,ddim,A recording of a slow cool hip hop song.
104,39.10250142998497,0.9805453148637119,0.007391526363790035,0.4592633843421936,ddim,"Chinese strings, flutes, and harps playing an upbeat piece."
105,40.12514952921216,0.9878091440580488,0.006673021242022514,0.20310724526643753,ddim,"Chinese strings, flutes, and harps playing an upbeat piece."
106,38.806537985008276,0.9749488078000029,0.007601823192089796,0.33421486616134644,ddim,"Chinese strings, flutes, and harps playing an upbeat piece."
107,41.00547656645725,0.9922990556747706,0.006340499967336655,0.14812283217906952,ddim,"Chinese strings, flutes, and harps playing an upbeat piece."
108,40.65117960476861,0.9898026935560305,0.006405639927834272,0.22187230736017227,ddim,A recording of a calm and cool jazz song.
109,39.75391305065373,0.9861451561311946,0.0067812493070960045,0.24314426630735397,ddim,A recording of a calm and cool jazz song.
110,40.680859433694295,0.9852073992330578,0.006028770934790373,0.25728486478328705,ddim,A recording of a calm and cool jazz song.
111,41.140726687876075,0.9890193677693631,0.005725719965994358,0.20673975348472595,ddim,A recording of a calm and cool jazz song.
112,39.88869729452653,0.9851882033909054,0.00656526256352663,0.2879225164651871,ddim,A recording of a funky jazz song.
113,40.293542875906105,0.9873827281018319,0.006428855471313,0.2253236472606659,ddim,A recording of a funky jazz song.
114,39.51834179212025,0.9852951183796135,0.006998489145189524,0.28648896515369415,ddim,A recording of a funky jazz song.
115,41.02859426666182,0.9847915290571955,0.00587579095736146,0.29688234627246857,ddim,A recording of a funky jazz song.
116,40.23575863009508,0.9882406899569697,0.006586398463696241,0.2257496565580368,ddim,A recording of a classical music piece.
117,36.88471126142571,0.9824191457341558,0.009483342058956623,0.4081704318523407,ddim,A recording of a classical music piece.
118,39.502795093175166,0.986436419700036,0.00711254496127367,0.22813831269741058,ddim,A recording of a classical music piece.
119,39.451600044604945,0.9818394978594902,0.007161775603890419,0.3156004995107651,ddim,A recording of a classical music piece.
120,40.01714227451383,0.9886403782110094,0.006451671477407217,0.2285255640745163,ddim,A high quality recording of an electric guitar playing a cool metal solo with accompaniment.
121,37.95463359462518,0.9848970160640108,0.008421448059380054,0.25864964723587036,ddim,A high quality recording of an electric guitar playing a cool metal solo with accompaniment.
122,37.27043204332459,0.9604922947147478,0.007618597708642483,0.5260936766862869,ddim,A high quality recording of an electric guitar playing a cool metal solo with accompaniment.
123,40.22679502247879,0.9887218710888155,0.006463299039751291,0.30633680522441864,ddim,A high quality recording of an electric guitar playing a cool metal solo with accompaniment.
124,39.86390476522758,0.9871796241563281,0.006755384150892496,0.28550196439027786,ddim,A recording of a happy calm Chinese song.
125,39.815783658168165,0.9896649339308711,0.006950778421014547,0.2338031604886055,ddim,A recording of a happy calm Chinese song.
126,40.56612161412647,0.9837328929511194,0.006376401521265507,0.2783983051776886,ddim,A recording of a happy calm Chinese song.
127,40.1622646194585,0.9878809029745542,0.006937209516763687,0.21931704133749008,ddim,A recording of a happy calm Chinese song.
128,42.0350314241164,0.9887717425690089,0.005155275110155344,0.1910441592335701,ddim,A recording of a funky arcade game soundtrack.
129,37.284897290396025,0.9820620438390276,0.009046784602105618,0.26377439498901367,ddim,A recording of a funky arcade game soundtrack.
130,36.57227226372094,0.972007626655958,0.009195046499371529,0.3475612848997116,ddim,A recording of a funky arcade game soundtrack.
131,37.78731025378739,0.9771769288905255,0.008460321463644505,0.2999214828014374,ddim,A recording of a funky arcade game soundtrack.
132,40.940407408588506,0.987266657745845,0.005794080905616283,0.24899110198020935,ddim,A recording of a calm arcade game soundtrack.
133,39.71341845707987,0.9872232454326777,0.006879327818751335,0.2352679967880249,ddim,A recording of a calm arcade game soundtrack.
134,38.7221088956295,0.9926883393860094,0.00747225945815444,0.13839560747146606,ddim,A recording of a calm arcade game soundtrack.
135,34.2675653143706,0.981229935110287,0.012205350212752819,0.33023375272750854,ddim,A recording of a calm arcade game soundtrack.
136,38.674430611892035,0.972690947256267,0.008037587627768517,0.5034193396568298,ddim,"A jazz song with 2 trumpets, piano, bass and drums playing."
137,37.42315212397092,0.9812648031956523,0.00867287814617157,0.6042884886264801,ddim,"A jazz song with 2 trumpets, piano, bass and drums playing."
138,40.095295720207496,0.986360807784265,0.006612442899495363,0.19748200476169586,ddim,"A jazz song with 2 trumpets, piano, bass and drums playing."
139,40.72500738780752,0.9925292567215871,0.006366609130054712,0.12746137380599976,ddim,"A jazz song with 2 trumpets, piano, bass and drums playing."
140,39.40514082436095,0.9765952379998973,0.007116780150681734,0.32963354885578156,ddim,"A recording of a sneaky, quiet and dramatic Chinese music piece, that turns loud in the middle then turns quite again."
141,39.529402202452516,0.9909007867095975,0.007048997562378645,0.1403263956308365,ddim,"A recording of a sneaky, quiet and dramatic Chinese music piece, that turns loud in the middle then turns quite again."
142,40.157223484376104,0.9811621267048624,0.006778104230761528,0.29794201254844666,ddim,"A recording of a sneaky, quiet and dramatic Chinese music piece, that turns loud in the middle then turns quite again."
143,39.79434302250257,0.9888661120590279,0.006975951138883829,0.18885701149702072,ddim,"A recording of a sneaky, quiet and dramatic Chinese music piece, that turns loud in the middle then turns quite again."
144,40.79358130121839,0.9873835221974242,0.006148975342512131,0.21964910626411438,ddim,"A woman is singing while a guitar, bass and drums playing in the background a calm country song."
145,40.84682263850358,0.9822283050545274,0.005848887376487255,0.34307360649108887,ddim,"A woman is singing while a guitar, bass and drums playing in the background a calm country song."
146,41.11236101781987,0.9891649002700258,0.0059488085098564625,0.170921690762043,ddim,"A woman is singing while a guitar, bass and drums playing in the background a calm country song."
147,40.17036131512814,0.989468270951909,0.006447611842304468,0.17094863951206207,ddim,"A woman is singing while a guitar, bass and drums playing in the background a calm country song."
148,40.685584227682995,0.9846381682021772,0.006010296754539013,0.2776807099580765,ddim,"A cool 70s rock song of a man singing while a guitar, bass and drums accompany him."
149,41.17267127936424,0.9844622344483555,0.005613721441477537,0.2728840112686157,ddim,"A cool 70s rock song of a man singing while a guitar, bass and drums accompany him."
150,38.771713488760724,0.9778518157277042,0.00764957070350647,0.3805548995733261,ddim,"A cool 70s rock song of a man singing while a guitar, bass and drums accompany him."
151,40.34587020972643,0.9871701487690772,0.006190556567162275,0.20224325358867645,ddim,"A cool 70s rock song of a man singing while a guitar, bass and drums accompany him."
152,40.69711375803383,0.9751513187749984,0.006100283470004797,0.467146560549736,ddim,"A high quality recording of a saxophone playing, and a guitar, bass and drums playing."
153,39.86817254622663,0.9885633739778538,0.006848934106528759,0.26329129934310913,ddim,"A high quality recording of a saxophone playing, and a guitar, bass and drums playing."
154,40.812845236630906,0.9887094018550167,0.005886963102966547,0.2072058990597725,ddim,"A high quality recording of a saxophone playing, and a guitar, bass and drums playing."
155,39.41534123768693,0.989589473178861,0.006809660233557224,0.34976037591695786,ddim,"A high quality recording of a saxophone playing, and a guitar, bass and drums playing."
156,38.21279091160809,0.9853910357803828,0.008208390325307846,0.29161950945854187,ddim,A recording of a cool jazz song.
157,39.56518196297732,0.9864099829353289,0.007232008036226034,0.27053912729024887,ddim,A recording of a cool jazz song.
158,41.07463153704902,0.9899318263281106,0.005903306882828474,0.17347364872694016,ddim,A recording of a cool jazz song.
159,39.61577994597532,0.9870493628705143,0.00701013021171093,0.20225520431995392,ddim,A recording of a cool jazz song.
160,41.08358760737305,0.9876293666003493,0.005785738117992878,0.24578522145748138,ddim,A recording of an old rock song.
161,37.81714517438966,0.9798760051031588,0.00861920416355133,0.3280320167541504,ddim,A recording of an old rock song.
162,39.7943453443727,0.9783897165495596,0.006741740740835667,0.4046146720647812,ddim,A recording of an old rock song.
163,40.269707676535724,0.985774851232401,0.006253744475543499,0.290300652384758,ddim,A recording of an old rock song.
164,40.870905516113126,0.9865976696385372,0.0061098081059753895,0.1932147517800331,ddim,A recording of a death metal song.
165,40.27672041268707,0.9877337421048882,0.006510624196380377,0.218632310628891,ddim,A recording of a death metal song.
166,40.116115963225084,0.9810409334495682,0.0062696123495697975,0.33517394959926605,ddim,A recording of a death metal song.
167,39.549955807461686,0.9802064478996421,0.007028874475508928,0.41617006063461304,ddim,A recording of a death metal song.
168,40.86948657092505,0.9823009270695251,0.005900873336941004,0.3940487504005432,ddim,A high quality recording of a rock band playing a happy song.
169,39.76674678053585,0.9839158196664455,0.006782387383282185,0.29970094561576843,ddim,A high quality recording of a rock band playing a happy song.
170,40.35342409591357,0.9833210620957661,0.006276833359152079,0.25926296412944794,ddim,A high quality recording of a rock band playing a happy song.
171,40.667923439258786,0.9827755898159574,0.006028275936841965,0.3677850663661957,ddim,A high quality recording of a rock band playing a happy song.
172,41.276549007001805,0.9917787204401606,0.0056403749622404575,0.159598246216774,ddim,A recording of an old upbeat cool arcade game soundtrack.
173,39.970781239883536,0.992990440119947,0.006684575695544481,0.15399374812841415,ddim,A recording of an old upbeat cool arcade game soundtrack.
174,39.38775059386659,0.9859795285380192,0.006877269595861435,0.23914143443107605,ddim,A recording of an old upbeat cool arcade game soundtrack.
175,40.546818606502114,0.9924390707974958,0.006185590289533138,0.1296514868736267,ddim,A recording of an old upbeat cool arcade game soundtrack.
176,36.39275041719394,0.9836367009259481,0.009230242110788822,0.21569693088531494,ddim,A recording of a happy upbeat song in a retro arcade game soundtrack style.
177,40.99222672845847,0.9866403260038111,0.0055381800048053265,0.2539304122328758,ddim,A recording of a happy upbeat song in a retro arcade game soundtrack style.
178,39.27042511129288,0.9882347737376103,0.006951427087187767,0.21565882116556168,ddim,A recording of a happy upbeat song in a retro arcade game soundtrack style.
179,36.932780905154836,0.9845256509585153,0.009229528717696667,0.2940129041671753,ddim,A recording of a happy upbeat song in a retro arcade game soundtrack style.
180,39.59562328159835,0.9850120172028106,0.006913700141012669,0.2767682373523712,ddim,"A high quality recording of a trumpet, saxophone, electric keyboard, bass and drums playing."
181,40.210837329460595,0.9834384562679687,0.006126782391220331,0.30729424953460693,ddim,"A high quality recording of a trumpet, saxophone, electric keyboard, bass and drums playing."
182,37.868765219270145,0.9812366862338769,0.008307447656989098,0.3280528783798218,ddim,"A high quality recording of a trumpet, saxophone, electric keyboard, bass and drums playing."
183,39.132605890053895,0.9863203375838758,0.007266707252711058,0.39812931418418884,ddim,"A high quality recording of a trumpet, saxophone, electric keyboard, bass and drums playing."
184,35.37685561185285,0.9728338911386638,0.010376612655818462,0.3083351254463196,ddim,"A trumpet and a guitar playing a cool jazz melody, with an accompaniment of a piano, bass and drums."
185,40.21889696064343,0.9886145552242795,0.006611502729356289,0.2019675150513649,ddim,"A trumpet and a guitar playing a cool jazz melody, with an accompaniment of a piano, bass and drums."
186,38.799920865224415,0.9859287848646381,0.007429047022014856,0.26616014540195465,ddim,"A trumpet and a guitar playing a cool jazz melody, with an accompaniment of a piano, bass and drums."
187,40.519095241522784,0.9894071832424791,0.006393962074071169,0.18114842474460602,ddim,"A trumpet and a guitar playing a cool jazz melody, with an accompaniment of a piano, bass and drums."
188,35.045291874683144,0.9815213408707273,0.010976544581353664,0.21328923106193542,ddim,A recording of a Arabic song.
189,39.729019784855566,0.9903995074667845,0.006953383330255747,0.1938544660806656,ddim,A recording of a Arabic song.
190,40.8082711075847,0.9928980269777703,0.00610373867675662,0.10833805799484253,ddim,A recording of a Arabic song.
191,37.82983155796785,0.982026354446092,0.008398368954658508,0.2786378115415573,ddim,A recording of a Arabic song.
192,39.80134378684994,0.9823123342611435,0.006877054926007986,0.26956385374069214,ddim,A high quality recording of an epic guitar country solo with a country band accompaniment.
193,40.36276416271424,0.9815726735794316,0.006333758123219013,0.304570272564888,ddim,A high quality recording of an epic guitar country solo with a country band accompaniment.
194,40.180216759841414,0.9849155676350376,0.006621642503887415,0.24564921110868454,ddim,A high quality recording of an epic guitar country solo with a country band accompaniment.
195,40.85872299787235,0.9911730931574171,0.006303353235125542,0.14376193284988403,ddim,A high quality recording of an epic guitar country solo with a country band accompaniment.
196,40.651706063500896,0.9875772743454069,0.006218800786882639,0.23910310864448547,ddim,"An electric guitar playing epic riffs while a piano, bass and drums are playing in the background."
197,40.080672383716056,0.9919458773611266,0.006837200839072466,0.1948264166712761,ddim,"An electric guitar playing epic riffs while a piano, bass and drums are playing in the background."
198,39.88353380981949,0.9861093479666604,0.006413159891963005,0.2290351614356041,ddim,"An electric guitar playing epic riffs while a piano, bass and drums are playing in the background."
199,40.568410548483456,0.9900731621321145,0.005541269667446613,0.2340073585510254,ddim,"An electric guitar playing epic riffs while a piano, bass and drums are playing in the background."
200,40.18418128751169,0.978241524439968,0.00662993174046278,0.5928870737552643,ddim,A recording of an upbeat angry movie soundtrack.
201,39.913485977778926,0.9889804979388611,0.006470015272498131,0.18568509817123413,ddim,A recording of an upbeat angry movie soundtrack.
202,39.61711338003252,0.9711328486458977,0.006210979539901018,0.43796350061893463,ddim,A recording of an upbeat angry movie soundtrack.
203,41.56502507473638,0.9911104977092566,0.005909031722694635,0.17369094491004944,ddim,A recording of an upbeat angry movie soundtrack.
204,40.86038381080585,0.9900432062205121,0.005816219840198755,0.21327263861894608,ddim,A recording of a sneaky arcade game soundtrack.
205,35.88464993013825,0.9756214970973723,0.010718165896832943,0.414350762963295,ddim,A recording of a sneaky arcade game soundtrack.
206,41.40835870528173,0.9896956234650984,0.005413008388131857,0.17541681230068207,ddim,A recording of a sneaky arcade game soundtrack.
207,37.1159473406227,0.9705324882590316,0.008836152963340282,0.5121055394411087,ddim,A recording of a sneaky arcade game soundtrack.
208,39.87173968293734,0.9866341226127385,0.007011700421571732,0.24237442761659622,ddim,A recording of a romantic country song.
209,39.23061791443704,0.9825239032683432,0.0074166408739984035,0.3125289976596832,ddim,A recording of a romantic country song.
210,39.77899711545665,0.9849827542342832,0.006993712391704321,0.27309298515319824,ddim,A recording of a romantic country song.
211,39.24564584564325,0.9761851834571525,0.007238107733428478,0.32938507199287415,ddim,A recording of a romantic country song.
212,40.83302056817824,0.9840059027442359,0.00607504416257143,0.27832336723804474,ddim,A high quality recording of a metal band playing a happy song.
213,41.004629255237006,0.9897578217136828,0.0056696184910833836,0.16292335838079453,ddim,A high quality recording of a metal band playing a happy song.
214,39.801567881037215,0.9764299028619914,0.006540817674249411,0.4767133593559265,ddim,A high quality recording of a metal band playing a happy song.
215,41.45869033551786,0.9854169809817461,0.005631393287330866,0.30600474774837494,ddim,A high quality recording of a metal band playing a happy song.
216,40.28739242280778,0.9806419375410645,0.006593691185116768,0.1873360425233841,ddim,A high quality recording of a trumpet playing a melody while another trumpet and drums are playing in the background.
217,39.172050233571426,0.9888816652052735,0.007384093478322029,0.18060988187789917,ddim,A high quality recording of a trumpet playing a melody while another trumpet and drums are playing in the background.
218,40.40511657363665,0.9885857524641807,0.006631250027567148,0.1793709248304367,ddim,A high quality recording of a trumpet playing a melody while another trumpet and drums are playing in the background.
219,39.91068099596174,0.9897422825927119,0.006235999520868063,0.37299221754074097,ddim,A high quality recording of a trumpet playing a melody while another trumpet and drums are playing in the background.
220,39.207076523082016,0.9749277144391131,0.007111141923815012,0.4713042378425598,ddim,A recording of a slow cool metal song.
221,39.53576832933554,0.9778521232792804,0.006832626182585955,0.3796268105506897,ddim,A recording of a slow cool metal song.
222,40.676972932448585,0.9893249174739006,0.006335926707834005,0.1467284858226776,ddim,A recording of a slow cool metal song.
223,40.302691324733445,0.9843713890932961,0.006343824323266745,0.2655477523803711,ddim,A recording of a slow cool metal song.
224,37.88955811598557,0.977330487838054,0.008418314158916473,0.3645400106906891,ddim,"A jazz song with a guitar, trumpet, piano, bass and drums playing."
225,39.09255351114578,0.9853198877545057,0.007226891350001097,0.3795981705188751,ddim,"A jazz song with a guitar, trumpet, piano, bass and drums playing."
226,39.195295727625826,0.9895260438949807,0.007427904289215803,0.24654360115528107,ddim,"A jazz song with a guitar, trumpet, piano, bass and drums playing."
227,38.80853234723919,0.9881447057837345,0.007643864024430513,0.25144830346107483,ddim,"A jazz song with a guitar, trumpet, piano, bass and drums playing."
228,37.924932073408975,0.9571473415174411,0.008083144202828407,0.996172308921814,ddim,"A metal song with an electric guitar, bass and drums playing."
229,41.05242926303958,0.9819742243470106,0.005808122921735048,0.381035640835762,ddim,"A metal song with an electric guitar, bass and drums playing."
230,39.67441585662228,0.9804909453499414,0.006918554659932852,0.3383903205394745,ddim,"A metal song with an electric guitar, bass and drums playing."
231,40.765377172688815,0.9841821755270825,0.006071095354855061,0.2500099763274193,ddim,"A metal song with an electric guitar, bass and drums playing."
232,40.28780689241026,0.9851060909079818,0.006511656101793051,0.2734239846467972,ddim,A cello playing a melody and then slowly a violin joins and more strings and they play a happy emotional song.
233,40.51896799935713,0.989414786263604,0.00666058761999011,0.19570665806531906,ddim,A cello playing a melody and then slowly a violin joins and more strings and they play a happy emotional song.
234,40.18170217918397,0.984228281048017,0.006672644522041082,0.294459730386734,ddim,A cello playing a melody and then slowly a violin joins and more strings and they play a happy emotional song.
235,40.4955152484105,0.9913822650971951,0.0066804965026676655,0.13238364830613136,ddim,A cello playing a melody and then slowly a violin joins and more strings and they play a happy emotional song.
236,40.388878064835254,0.9873403464683659,0.006494641304016113,0.21424267441034317,ddim,"A recording of a sneaky, quiet and dramatic arcade game soundtrack, that turns loud in the middle then turns quite again."
237,40.53110153131877,0.9892614126217546,0.006399497855454683,0.23086810111999512,ddim,"A recording of a sneaky, quiet and dramatic arcade game soundtrack, that turns loud in the middle then turns quite again."
238,36.14614285473607,0.9847925949246342,0.01060197688639164,0.4752538502216339,ddim,"A recording of a sneaky, quiet and dramatic arcade game soundtrack, that turns loud in the middle then turns quite again."
239,40.836564980258444,0.9900118755153027,0.006120187696069479,0.13247459009289742,ddim,"A recording of a sneaky, quiet and dramatic arcade game soundtrack, that turns loud in the middle then turns quite again."
240,39.7153155567565,0.9860182475446263,0.007120754104107618,0.33867478370666504,ddim,A high quality recording of a cello and violins playing a happy and emotional piece.
241,32.360932103478596,0.9678502581783353,0.014348126016557217,0.59700608253479,ddim,A high quality recording of a cello and violins playing a happy and emotional piece.
242,39.493725146903,0.9786701196835718,0.007151500787585974,0.34840990602970123,ddim,A high quality recording of a cello and violins playing a happy and emotional piece.
243,40.50727120865478,0.9870159322648866,0.006379728205502033,0.2396569922566414,ddim,A high quality recording of a cello and violins playing a happy and emotional piece.
244,39.12428412019451,0.9862041880320318,0.00735260546207428,0.2460952326655388,ddim,"A cool 60s jazz song of a saxophone playing while a guitar, bass and drums accompany him."
245,40.66122969819748,0.9829704470884327,0.005870663095265627,0.2893480062484741,ddim,"A cool 60s jazz song of a saxophone playing while a guitar, bass and drums accompany him."
246,40.18031237529307,0.9872659268270212,0.006649426184594631,0.19646676629781723,ddim,"A cool 60s jazz song of a saxophone playing while a guitar, bass and drums accompany him."
247,40.00011074542505,0.9892240648467159,0.0065124607644975185,0.18831229954957962,ddim,"A cool 60s jazz song of a saxophone playing while a guitar, bass and drums accompany him."
248,41.077051184524436,0.9796588191816332,0.0056719412095844746,0.3275916874408722,ddim,"A techno song of a synthesizer playing while an electric guitar, bass and drums are playing in the background."
249,39.065490367575116,0.9859734926121775,0.007123067043721676,0.21002382785081863,ddim,"A techno song of a synthesizer playing while an electric guitar, bass and drums are playing in the background."
250,40.04355620396818,0.9898436772164175,0.006662445608526468,0.23543845862150192,ddim,"A techno song of a synthesizer playing while an electric guitar, bass and drums are playing in the background."
251,41.07998163351924,0.9898840310343558,0.00590390432626009,0.1699918583035469,ddim,"A techno song of a synthesizer playing while an electric guitar, bass and drums are playing in the background."
252,39.32204988180197,0.9869844494065731,0.007115556858479977,0.3388630747795105,ddim,A man singing a melody and then slowly a woman joins and strings and they play a happy emotional song.
253,40.4425625973942,0.9824217941612887,0.006075714714825153,0.40304744243621826,ddim,A man singing a melody and then slowly a woman joins and strings and they play a happy emotional song.
254,40.16110413157322,0.9793831511778798,0.006448306608945131,0.2965468764305115,ddim,A man singing a melody and then slowly a woman joins and strings and they play a happy emotional song.
255,39.25299546723395,0.9892215865644108,0.0075195590034127235,0.306047722697258,ddim,A man singing a melody and then slowly a woman joins and strings and they play a happy emotional song.
256,41.3834446134883,0.9886517484802623,0.005688899662345648,0.2869145795702934,ddim,"A clarinet playing a quiet jazz melody, with an accompaniment of bass and drums."
257,40.344612731238584,0.9919335868368818,0.006556824781000614,0.17832113802433014,ddim,"A clarinet playing a quiet jazz melody, with an accompaniment of bass and drums."
258,40.49751478585045,0.9865603518786153,0.006345890462398529,0.2732595056295395,ddim,"A clarinet playing a quiet jazz melody, with an accompaniment of bass and drums."
259,35.18934039561736,0.9594179974927954,0.011751309037208557,0.42965710163116455,ddim,"A clarinet playing a quiet jazz melody, with an accompaniment of bass and drums."
260,39.5324921921273,0.9860544404597545,0.007019168697297573,0.31308479607105255,ddim,A recording of a happy movie score.
261,39.24604592959903,0.9869575064078042,0.007394527085125446,0.26899170875549316,ddim,A recording of a happy movie score.
262,39.98712009432326,0.9824711739591349,0.00672551617026329,0.36596257984638214,ddim,A recording of a happy movie score.
263,39.78196729238958,0.9865010920516819,0.006983213126659393,0.22731510549783707,ddim,A recording of a happy movie score.
264,37.02336027845939,0.9905890388793903,0.008609321899712086,0.20232461392879486,ddim,"A high quality recording of strings, flutes and drums playing."
265,40.34599339685648,0.9857862081046774,0.006746011320501566,0.2079184353351593,ddim,"A high quality recording of strings, flutes and drums playing."
266,41.25674429986684,0.9887582662767058,0.005589931271970272,0.16586963832378387,ddim,"A high quality recording of strings, flutes and drums playing."
267,40.074901418852846,0.9870877614580336,0.006942980457097292,0.21116578578948975,ddim,"A high quality recording of strings, flutes and drums playing."
268,39.324022827777185,0.9720902234907864,0.006828375160694122,0.44471532106399536,ddim,A high quality recording of an epic saxophone jazz solo with a jazz band accompaniment.
269,41.29234383048515,0.9916504828934984,0.0058126007206737995,0.20244717597961426,ddim,A high quality recording of an epic saxophone jazz solo with a jazz band accompaniment.
270,40.374460117882016,0.9895898971348231,0.0064149098470807076,0.22962817549705505,ddim,A high quality recording of an epic saxophone jazz solo with a jazz band accompaniment.
271,38.42980827465383,0.983819784190198,0.007862977683544159,0.24708198010921478,ddim,A high quality recording of an epic saxophone jazz solo with a jazz band accompaniment.
272,37.91478380973308,0.9857258289651029,0.007546484004706144,0.1765756830573082,ddim,A high quality recording of wind instruments playing.
273,39.788572177700054,0.9914086352037756,0.006781885866075754,0.1250501126050949,ddim,A high quality recording of wind instruments playing.
274,40.49152824753339,0.986107249202827,0.006389207672327757,0.2022298127412796,ddim,A high quality recording of wind instruments playing.
275,40.23632175256257,0.9915679887303733,0.00648562703281641,0.22503791749477386,ddim,A high quality recording of wind instruments playing.
276,40.02257129612989,0.9877476656004474,0.006810713093727827,0.25015682727098465,ddim,A recording of a dramatic metal song.
277,40.64999950651231,0.9782463096480318,0.005868079606443644,0.37124690413475037,ddim,A recording of a dramatic metal song.
278,40.99927935443162,0.992111024946405,0.006121535785496235,0.18166352063417435,ddim,A recording of a dramatic metal song.
279,40.077138692587305,0.9860486638608114,0.006703097373247147,0.22979722917079926,ddim,A recording of a dramatic metal song.
280,40.3102011751466,0.9856709626107356,0.006332824006676674,0.2632760554552078,ddim,"A high quality recording of a saxophone playing and drums, guitar and bass playing a song, and later a trumpet is playing."
281,40.3218752488483,0.9904863893963561,0.006616593338549137,0.17425361275672913,ddim,"A high quality recording of a saxophone playing and drums, guitar and bass playing a song, and later a trumpet is playing."
282,40.44501325695584,0.9877942316762316,0.006234243977814913,0.29139918088912964,ddim,"A high quality recording of a saxophone playing and drums, guitar and bass playing a song, and later a trumpet is playing."
283,39.937508574181095,0.98889173460444,0.0067325616255402565,0.16532690823078156,ddim,"A high quality recording of a saxophone playing and drums, guitar and bass playing a song, and later a trumpet is playing."
284,34.39395762401474,0.9622374117575617,0.012519248761236668,0.5204209089279175,ddim,Flutes and strings playing a happy calm classical score.
285,39.56452931422891,0.9826850839013929,0.007099648471921682,0.30415333807468414,ddim,Flutes and strings playing a happy calm classical score.
286,39.93679527512676,0.9894784063263184,0.006872668396681547,0.20225072652101517,ddim,Flutes and strings playing a happy calm classical score.
287,39.49002749596856,0.9762268446743627,0.007415895350277424,0.3110741525888443,ddim,Flutes and strings playing a happy calm classical score.
288,40.842084945485276,0.9901893900841054,0.006086271721869707,0.206251859664917,ddim,"Strings, flutes, and harp playing an upbeat happy piece."
289,40.93383867236162,0.9919954714642043,0.006147606763988733,0.13118800520896912,ddim,"Strings, flutes, and harp playing an upbeat happy piece."
290,39.47234139198673,0.9862691905308019,0.007205864414572716,0.2214527577161789,ddim,"Strings, flutes, and harp playing an upbeat happy piece."
291,39.41486665260793,0.9821608288268511,0.007253841497004032,0.3107742816209793,ddim,"Strings, flutes, and harp playing an upbeat happy piece."
292,37.39586250485769,0.9779709250184672,0.008567887358367443,0.21312672644853592,ddim,"Flutes, wind instruments and strings playing a dramatic classical music piece."
293,39.39782911987834,0.9861857757798782,0.007239448372274637,0.20593110471963882,ddim,"Flutes, wind instruments and strings playing a dramatic classical music piece."
294,39.80680983455174,0.9856879009075533,0.007085897959768772,0.2754364013671875,ddim,"Flutes, wind instruments and strings playing a dramatic classical music piece."
295,40.392084925035725,0.9883002067085435,0.006596876308321953,0.22149593383073807,ddim,"Flutes, wind instruments and strings playing a dramatic classical music piece."
296,41.794283552899984,0.9830962929349354,0.005253097042441368,0.3200410008430481,ddim,"A high quality recording of a saxophone playing and drums, guitar and bass playing a song, and later a woman is singing."
297,40.47220559354278,0.9821875741143247,0.006148824002593756,0.2753206193447113,ddim,"A high quality recording of a saxophone playing and drums, guitar and bass playing a song, and later a woman is singing."
298,39.93745836595007,0.9900853337450829,0.006516685709357262,0.24161461740732193,ddim,"A high quality recording of a saxophone playing and drums, guitar and bass playing a song, and later a woman is singing."
299,41.059423612505796,0.9921406090465287,0.006016224157065153,0.1665358990430832,ddim,"A high quality recording of a saxophone playing and drums, guitar and bass playing a song, and later a woman is singing."
300,39.953330951643466,0.9763307679724538,0.006709551904350519,0.40529149770736694,ddim,A recording of a cool movie soundtrack.
301,41.565250329037625,0.9921935438456291,0.00598041620105505,0.11177516728639603,ddim,A recording of a cool movie soundtrack.
302,40.31613642427821,0.9861572630163142,0.006474454887211323,0.19219235330820084,ddim,A recording of a cool movie soundtrack.
303,39.791112172548665,0.988687293805276,0.0070237996987998486,0.2365977019071579,ddim,A recording of a cool movie soundtrack.
304,40.64995636910922,0.9887051388158931,0.0065078577026724815,0.19911247491836548,ddim,A recording of a happy orchestral score.
305,40.56058242384392,0.9877910920639441,0.006614245008677244,0.18499509245157242,ddim,A recording of a happy orchestral score.
306,40.50955192887611,0.9863315769209805,0.006586741656064987,0.23073630034923553,ddim,A recording of a happy orchestral score.
307,38.80270223186441,0.9792185733644762,0.007901350036263466,0.35747699439525604,ddim,A recording of a happy orchestral score.
308,38.4538362266587,0.9845393376521284,0.008161508478224277,0.3686222434043884,ddim,"A jazz song with a saxophone, violin, bass and drums playing."
309,39.18396777820384,0.9857092065571698,0.007332953158766031,0.22784250229597092,ddim,"A jazz song with a saxophone, violin, bass and drums playing."
310,41.029589366208974,0.9877761091906739,0.005872232373803854,0.23906734585762024,ddim,"A jazz song with a saxophone, violin, bass and drums playing."
311,39.648473505317085,0.9832315936673011,0.006716383155435324,0.31198911368846893,ddim,"A jazz song with a saxophone, violin, bass and drums playing."
312,40.70317201518991,0.9909003626595922,0.00611150823533535,0.1608055904507637,ddim,A high quality recording of a synthesizer playing with a guitar and drums playing in the background.
313,39.105957545460804,0.9854799572836385,0.00729762390255928,0.1772000640630722,ddim,A high quality recording of a synthesizer playing with a guitar and drums playing in the background.
314,40.809397453843246,0.9844191235106817,0.0059130932204425335,0.2694172263145447,ddim,A high quality recording of a synthesizer playing with a guitar and drums playing in the background.
315,39.29197312221438,0.9901980526816166,0.007237069308757782,0.2459852248430252,ddim,A high quality recording of a synthesizer playing with a guitar and drums playing in the background.
316,41.204404224338205,0.9939611446044194,0.005872135516256094,0.11377782002091408,ddim,A recording of hip hop music.
317,39.55654593757505,0.9852508336778607,0.0068406034260988235,0.33341771364212036,ddim,A recording of hip hop music.
318,39.51704356431069,0.9861372994550016,0.0068600052036345005,0.2004547044634819,ddim,A recording of hip hop music.
319,36.53390007549718,0.9784679395999768,0.009603980928659439,0.35476216673851013,ddim,A recording of hip hop music.
320,40.391149887502735,0.9897075729781022,0.006435771472752094,0.17735636234283447,ddim,"Guitars, trumpets, and piano playing a happy song."
321,40.08539065156843,0.9870001146996761,0.006725347600877285,0.2878449857234955,ddim,"Guitars, trumpets, and piano playing a happy song."
322,39.64385363768359,0.9841812518013217,0.006984453182667494,0.2622092366218567,ddim,"Guitars, trumpets, and piano playing a happy song."
323,40.380426809048906,0.9895939674015509,0.006525050848722458,0.19595147669315338,ddim,"Guitars, trumpets, and piano playing a happy song."
324,38.02539139758274,0.9852473366807541,0.008595610037446022,0.25189366936683655,ddim,"A jazz song with a trumpet, piano, bass and drums playing."
325,40.54217242219674,0.9875092324988781,0.006167684681713581,0.18633271008729935,ddim,"A jazz song with a trumpet, piano, bass and drums playing."
326,40.69306375931469,0.9830399498205806,0.0061724442057311535,0.21355782449245453,ddim,"A jazz song with a trumpet, piano, bass and drums playing."
327,39.58441981181284,0.9866741072816504,0.007025196682661772,0.25946591794490814,ddim,"A jazz song with a trumpet, piano, bass and drums playing."
328,40.03550929330028,0.9853288012498334,0.0066693127155303955,0.2653254270553589,ddim,"A cool 90s hip hop song of a man singing while a guitar, bass and drums accompany him."
329,40.83539424140405,0.9871685688224187,0.005912776570767164,0.3271881639957428,ddim,"A cool 90s hip hop song of a man singing while a guitar, bass and drums accompany him."
330,41.45520723026358,0.9905750749992689,0.005567749496549368,0.2392496019601822,ddim,"A cool 90s hip hop song of a man singing while a guitar, bass and drums accompany him."
331,41.50692707713365,0.9892218337045386,0.005590458866208792,0.17157049477100372,ddim,"A cool 90s hip hop song of a man singing while a guitar, bass and drums accompany him."
332,38.82884483730345,0.9818474757092878,0.007632982451468706,0.23830419033765793,ddim,A recording of an old timey Chinese song from the forties.
333,40.693895001829674,0.9900109623163139,0.006241389084607363,0.20722906291484833,ddim,A recording of an old timey Chinese song from the forties.
334,38.610797321848665,0.9712850575989497,0.007240215316414833,0.5910222679376602,ddim,A recording of an old timey Chinese song from the forties.
335,40.92785397371707,0.9901466416262164,0.006166483741253614,0.21793822944164276,ddim,A recording of an old timey Chinese song from the forties.
336,41.063082021756614,0.9852403060314292,0.005734867416322231,0.27550628781318665,ddim,A high quality recording of a woman singing with an orchestra rock band accompaniment.
337,40.02746355519739,0.9861080341734687,0.006842582952231169,0.22279092669487,ddim,A high quality recording of a woman singing with an orchestra rock band accompaniment.
338,39.917460948574885,0.9869008160889813,0.0067867194302380085,0.23543188720941544,ddim,A high quality recording of a woman singing with an orchestra rock band accompaniment.
339,41.83441814958853,0.9904024714096553,0.005429580342024565,0.21344821900129318,ddim,A high quality recording of a woman singing with an orchestra rock band accompaniment.
340,40.36915353513645,0.9862288403717185,0.0060045612044632435,0.25246789306402206,ddim,A recording of happy techno music.
341,40.43083079462754,0.9831624258444365,0.006257099099457264,0.4268849194049835,ddim,A recording of happy techno music.
342,39.63090100210672,0.984393407301404,0.006997933145612478,0.2746330350637436,ddim,A recording of happy techno music.
343,39.8417995783785,0.9881722858041189,0.006858157459646463,0.23156359046697617,ddim,A recording of happy techno music.
344,39.179800210782226,0.983470716024348,0.007648670580238104,0.4393577575683594,ddim,"Strings playing a mysterious song, alongside drums and flutes."
345,40.11674014575834,0.9875331319000494,0.006764124613255262,0.21255753189325333,ddim,"Strings playing a mysterious song, alongside drums and flutes."
346,38.42122329711082,0.9897872629661753,0.008030449040234089,0.1665276363492012,ddim,"Strings playing a mysterious song, alongside drums and flutes."
347,39.6229701111061,0.9827800066732262,0.007069327402859926,0.27467384934425354,ddim,"Strings playing a mysterious song, alongside drums and flutes."
348,39.408582267134406,0.9911093914088475,0.007291370537132025,0.23953647911548615,ddim,A high quality recording of a choir and violins playing a happy and emotional  piece.
349,40.14207624925645,0.9889496913908589,0.006854253821074963,0.22595123946666718,ddim,A high quality recording of a choir and violins playing a happy and emotional  piece.
350,41.05040128834152,0.9874346166993353,0.006231269333511591,0.2099383845925331,ddim,A high quality recording of a choir and violins playing a happy and emotional  piece.
351,40.78254187880547,0.9879034303030643,0.006335026118904352,0.25481556355953217,ddim,A high quality recording of a choir and violins playing a happy and emotional  piece.
352,37.05618698645099,0.9724593595808992,0.008317084982991219,0.570226788520813,ddim,"A classical piece with a string section, piano, bass and drums playing."
353,41.41222411980905,0.9874620548144101,0.005801949184387922,0.21121841669082642,ddim,"A classical piece with a string section, piano, bass and drums playing."
354,40.69120741155619,0.9867015114887802,0.006258552428334951,0.254587858915329,ddim,"A classical piece with a string section, piano, bass and drums playing."
355,40.59056721506117,0.9880448196025223,0.006324805319309235,0.21660613268613815,ddim,"A classical piece with a string section, piano, bass and drums playing."
356,38.97499337759817,0.9824024698061389,0.007729900069534779,0.30045507848262787,ddim,A recording of an old classical song.
357,40.4972473211936,0.9914678889655618,0.006507011130452156,0.2515747398138046,ddim,A recording of an old classical song.
358,40.47715979755274,0.9883680210908711,0.006529673468321562,0.17222195118665695,ddim,A recording of an old classical song.
359,40.98073484613298,0.9893428132697889,0.0059184730052948,0.2912241220474243,ddim,A recording of an old classical song.
360,40.25480786067841,0.9863872410000442,0.0064194765873253345,0.20515432953834534,ddim,"A high quality recording of a man singing, and a piano, bass and drums playing."
361,40.321721208362504,0.9870056309269098,0.006581620313227177,0.17836270481348038,ddim,"A high quality recording of a man singing, and a piano, bass and drums playing."
362,39.059579116741105,0.9851307537956192,0.00735890818759799,0.20203031599521637,ddim,"A high quality recording of a man singing, and a piano, bass and drums playing."
363,40.92099261007134,0.9867116773997033,0.0058910599909722805,0.2730776444077492,ddim,"A high quality recording of a man singing, and a piano, bass and drums playing."
364,40.33765264971974,0.9867648807394013,0.0065736849792301655,0.2561360225081444,ddim,A recording of a dramatic Chinese music piece.
365,39.27347563398966,0.9790269578053041,0.007407598663121462,0.2736874297261238,ddim,A recording of a dramatic Chinese music piece.
366,39.141811952714036,0.9807724633556442,0.007620035205036402,0.3324575275182724,ddim,A recording of a dramatic Chinese music piece.
367,39.47146839923583,0.9745511039988143,0.006608000490814447,0.40980833768844604,ddim,A recording of a dramatic Chinese music piece.
368,39.52494659843855,0.9887115173963341,0.0068908496759831905,0.1932085007429123,ddim,A saxophone playing a melody and then slowly a violin joins and more strings and they play a happy emotional song.
369,40.49272955444344,0.9879874045421402,0.006366920191794634,0.17308001965284348,ddim,A saxophone playing a melody and then slowly a violin joins and more strings and they play a happy emotional song.
370,39.181527014883734,0.9825687393057484,0.007577893324196339,0.34618350863456726,ddim,A saxophone playing a melody and then slowly a violin joins and more strings and they play a happy emotional song.
371,40.51320738809501,0.9855770843119223,0.006299572065472603,0.2037230208516121,ddim,A saxophone playing a melody and then slowly a violin joins and more strings and they play a happy emotional song.
372,39.65321744331219,0.9880298772667763,0.006681199185550213,0.17847806960344315,ddim,"A woman is singing a country song with a violin, bass and drums playing in the background."
373,40.616999356845284,0.9835218991546606,0.006298664957284927,0.2728598713874817,ddim,"A woman is singing a country song with a violin, bass and drums playing in the background."
374,41.01591618269269,0.9881248267226355,0.005995027720928192,0.20191577821969986,ddim,"A woman is singing a country song with a violin, bass and drums playing in the background."
375,41.394118977682204,0.9895313885473268,0.005867087747901678,0.21172240376472473,ddim,"A woman is singing a country song with a violin, bass and drums playing in the background."
376,40.69547352834067,0.9870974187336453,0.0062278807163238525,0.2538697198033333,ddim,A recording of a classical song.
377,39.383919017248374,0.980563272820048,0.007451379671692848,0.30030521750450134,ddim,A recording of a classical song.
378,38.28922143727191,0.9833872678373965,0.007925598882138729,0.27693817019462585,ddim,A recording of a classical song.
379,40.406997143008,0.9898042910123476,0.00664111552760005,0.17229118198156357,ddim,A recording of a classical song.
380,37.46503820157278,0.9772115961568884,0.008802691474556923,0.48236261308193207,ddim,Flutes playing alongside a woman vocalizing a happy upbeat melody.
381,38.344288807089065,0.9697293047130275,0.00828816182911396,0.35934194922447205,ddim,Flutes playing alongside a woman vocalizing a happy upbeat melody.
382,39.13666972089301,0.9831715224201775,0.007332641631364822,0.26895931363105774,ddim,Flutes playing alongside a woman vocalizing a happy upbeat melody.
383,38.7611829050303,0.9792500236016967,0.007791126146912575,0.35262617468833923,ddim,Flutes playing alongside a woman vocalizing a happy upbeat melody.
384,39.2501048982681,0.9891511331673245,0.007485056761652231,0.2212623655796051,ddim,"Trumpets playing alongside a piano, bass and drums in an upbeat old-timey cool jazz song."
385,40.49374083840587,0.9889351678975306,0.00652520963922143,0.22284600883722305,ddim,"Trumpets playing alongside a piano, bass and drums in an upbeat old-timey cool jazz song."
386,40.84148688489388,0.9898483886690028,0.0063209389336407185,0.17048369348049164,ddim,"Trumpets playing alongside a piano, bass and drums in an upbeat old-timey cool jazz song."
387,40.725348535740565,0.9884903102125848,0.005787782371044159,0.1924429014325142,ddim,"Trumpets playing alongside a piano, bass and drums in an upbeat old-timey cool jazz song."
388,40.11921695950154,0.9924176668827112,0.006068844813853502,0.15933039784431458,ddim,"A high quality recording of a man singing while a piano, bass and drums accompany him."
389,40.96792283801908,0.991978292863408,0.006374620832502842,0.1783723682165146,ddim,"A high quality recording of a man singing while a piano, bass and drums accompany him."
390,40.30564851480153,0.9801577088895463,0.006325790658593178,0.3040369302034378,ddim,"A high quality recording of a man singing while a piano, bass and drums accompany him."
391,40.045178033044536,0.9834803247344074,0.006392060779035091,0.2723000794649124,ddim,"A high quality recording of a man singing while a piano, bass and drums accompany him."
392,39.34130040457396,0.9879363275196326,0.00673114275559783,0.270408034324646,ddim,"A techno song of a synthesizer playing while a guitar, bass and drums are playing in the background."
393,41.56609569137867,0.9881273366286224,0.005563871935009956,0.23508267849683762,ddim,"A techno song of a synthesizer playing while a guitar, bass and drums are playing in the background."
394,41.72696050174302,0.9873006095053528,0.005303261335939169,0.242145374417305,ddim,"A techno song of a synthesizer playing while a guitar, bass and drums are playing in the background."
395,38.136616751787976,0.9757986653809587,0.008131254464387894,0.5178541392087936,ddim,"A techno song of a synthesizer playing while a guitar, bass and drums are playing in the background."
396,34.27451551719935,0.9550843352625195,0.012249331921339035,0.6482266783714294,ddim,"strings, bass and drums playing."
397,39.64836359855302,0.9809264449644668,0.006807140074670315,0.2989841625094414,ddim,"strings, bass and drums playing."
398,35.66516743374553,0.9850276537015915,0.010325341485440731,0.20830396562814713,ddim,"strings, bass and drums playing."
399,41.449264442416194,0.9881744971770828,0.005609586834907532,0.22465413808822632,ddim,"strings, bass and drums playing."
400,41.24293100639959,0.9893467836448825,0.0058211893774569035,0.20101940631866455,ddim,"A rock song of a guitar, bass and drums are playing in the background."
401,39.655363174450706,0.9815398993661475,0.006792729254812002,0.22890467941761017,ddim,"A rock song of a guitar, bass and drums are playing in the background."
402,39.97062092587938,0.9872807362868997,0.006546536926180124,0.2853388637304306,ddim,"A rock song of a guitar, bass and drums are playing in the background."
403,38.008003002049236,0.9800369546877817,0.008521663956344128,0.3578571379184723,ddim,"A rock song of a guitar, bass and drums are playing in the background."
404,40.254684926181014,0.9820383263710957,0.006381253246217966,0.38898415863513947,ddim,A high quality recording of a rock band playing a slow metal song.
405,41.0156789867817,0.9912923538282653,0.005884121172130108,0.14086254686117172,ddim,A high quality recording of a rock band playing a slow metal song.
406,39.99586070602667,0.9881456383123547,0.006585257593542337,0.1878780499100685,ddim,A high quality recording of a rock band playing a slow metal song.
407,40.27729643025748,0.9852248641906957,0.006379919126629829,0.2701627016067505,ddim,A high quality recording of a rock band playing a slow metal song.
408,41.17501716584428,0.9905686798823763,0.006012599915266037,0.17551812529563904,ddim,"Arabic strings, flutes, and harp playing calm happy Arabic music."
409,40.84433403086373,0.9899316124474594,0.006338097620755434,0.2401278167963028,ddim,"Arabic strings, flutes, and harp playing calm happy Arabic music."
410,39.991605329502285,0.9848293484665166,0.006700756028294563,0.32760609686374664,ddim,"Arabic strings, flutes, and harp playing calm happy Arabic music."
411,40.46315927202062,0.9857044595265557,0.006114225368946791,0.24758140742778778,ddim,"Arabic strings, flutes, and harp playing calm happy Arabic music."
412,40.67088849809196,0.985678100435872,0.0062682437710464,0.3050326257944107,ddim,A recording of a scary techno song.
413,39.87725199052805,0.9727658946682913,0.006627954542636871,0.38721412420272827,ddim,A recording of a scary techno song.
414,41.333195541482525,0.9919003629348818,0.005698982626199722,0.12447021529078484,ddim,A recording of a scary techno song.
415,40.247136650199344,0.9859037186053758,0.00659760320559144,0.25067349523305893,ddim,A recording of a scary techno song.
416,41.21423132673628,0.9900969842273666,0.005778357852250338,0.20188823342323303,ddim,A rock band playing rock music. You can hear guitars and a piano.
417,40.159455575773165,0.98409693599784,0.006637893617153168,0.22884676605463028,ddim,A rock band playing rock music. You can hear guitars and a piano.
418,41.201366456564514,0.989720481651688,0.005769313778728247,0.2402803897857666,ddim,A rock band playing rock music. You can hear guitars and a piano.
419,39.02848342092192,0.9857232078346624,0.007563791703432798,0.2466917186975479,ddim,A rock band playing rock music. You can hear guitars and a piano.
420,39.60257464514267,0.9792852089338983,0.006863951217383146,0.32863765954971313,ddim,A recording of a dramatic epic Arabic piece.
421,40.029807263613726,0.9854291832951103,0.006589708849787712,0.25930218398571014,ddim,A recording of a dramatic epic Arabic piece.
422,39.22638530574582,0.9826093398977273,0.006950420327484608,0.23090893030166626,ddim,A recording of a dramatic epic Arabic piece.
423,39.925932539672985,0.9859192151978295,0.006861560512334108,0.3020917624235153,ddim,A recording of a dramatic epic Arabic piece.
424,39.36160472426909,0.9886696055909187,0.006675467826426029,0.24507374316453934,ddim,A high quality recording of a violin playing while an orchestra play in the background.
425,36.75992764334304,0.9873636142722904,0.009553458541631699,0.24469789862632751,ddim,A high quality recording of a violin playing while an orchestra play in the background.
426,40.12304972990742,0.9788604627932023,0.006343776360154152,0.32852867245674133,ddim,A high quality recording of a violin playing while an orchestra play in the background.
427,41.62904949057253,0.9952191039221464,0.005623862612992525,0.11397569626569748,ddim,A high quality recording of a violin playing while an orchestra play in the background.
428,41.29760024854711,0.98650293422469,0.005867513827979565,0.24155668169260025,ddim,A high quality recording of drums and strings playing.
429,39.30374837924241,0.9759711974443935,0.0069002690725028515,0.3394486606121063,ddim,A high quality recording of drums and strings playing.
430,40.335091235757275,0.9805038284730606,0.006179833319038153,0.34863319993019104,ddim,A high quality recording of drums and strings playing.
431,38.460509477657624,0.9799320055205569,0.008211014792323112,0.3013167679309845,ddim,A high quality recording of drums and strings playing.
432,38.94688860887838,0.986448971784513,0.007889693602919579,0.20980623364448547,ddim,"A trumpet playing a cool jazz melody, with an accompaniment of a piano, bass and drums."
433,39.80999799670661,0.9847100611388722,0.00701223686337471,0.20947829633951187,ddim,"A trumpet playing a cool jazz melody, with an accompaniment of a piano, bass and drums."
434,39.84690306349245,0.9876870460499927,0.006865244824439287,0.2026291936635971,ddim,"A trumpet playing a cool jazz melody, with an accompaniment of a piano, bass and drums."
435,36.91971546491246,0.9807195216876182,0.009170062839984894,0.26889530569314957,ddim,"A trumpet playing a cool jazz melody, with an accompaniment of a piano, bass and drums."
436,40.419663047876,0.986464027159186,0.006507615093141794,0.20590289682149887,ddim,A high quality recording of a woman singing with an orchestra accompaniment.
437,39.919441853043395,0.9852489240822794,0.006180750206112862,0.2934172749519348,ddim,A high quality recording of a woman singing with an orchestra accompaniment.
438,39.71241365001995,0.9867713384340105,0.006711299065500498,0.20681164413690567,ddim,A high quality recording of a woman singing with an orchestra accompaniment.
439,38.01817323497395,0.9861567076277336,0.008248991332948208,0.2299356311559677,ddim,A high quality recording of a woman singing with an orchestra accompaniment.
440,39.87542714881636,0.9873538268395662,0.006819746922701597,0.2096114307641983,ddim,"A jazz song with a trumpet, bass and drums playing."
441,39.4530560452907,0.9802052294444338,0.007447484880685806,0.2963208258152008,ddim,"A jazz song with a trumpet, bass and drums playing."
442,38.72852644415814,0.9866374806167187,0.007718995213508606,0.21376165002584457,ddim,"A jazz song with a trumpet, bass and drums playing."
443,40.68405383291987,0.9891367818832333,0.006143080536276102,0.2550317123532295,ddim,"A jazz song with a trumpet, bass and drums playing."
444,41.249278995175644,0.9883292439106874,0.005513310898095369,0.18240009248256683,ddim,A rhythmic song with a synthesizer and drums playing.
445,41.25556120992857,0.9894898759201737,0.005851319525390863,0.19890480488538742,ddim,A rhythmic song with a synthesizer and drums playing.
446,41.872209580092175,0.9906770053730694,0.005515748634934425,0.17292532324790955,ddim,A rhythmic song with a synthesizer and drums playing.
447,41.37372094137628,0.990942254536955,0.005834118463099003,0.14652559906244278,ddim,A rhythmic song with a synthesizer and drums playing.
448,39.194334962331915,0.9852703821557834,0.007104616612195969,0.2583228051662445,ddim,"a saxophone, flute, piano, bass and drums playing."
449,39.82088380622757,0.9885136857742279,0.00681643933057785,0.1705157533288002,ddim,"a saxophone, flute, piano, bass and drums playing."
450,41.572726496619126,0.9906006520328811,0.005645173601806164,0.1750812828540802,ddim,"a saxophone, flute, piano, bass and drums playing."
451,40.54847799361567,0.9892381858498525,0.0061176251620054245,0.22811058908700943,ddim,"a saxophone, flute, piano, bass and drums playing."
452,39.73273868509943,0.9861875804123074,0.007120661437511444,0.19358310103416443,ddim,A recording of a sad and mysterious classical music piece.
453,30.944342352455404,0.9207366430674476,0.01700304076075554,0.6024200320243835,ddim,A recording of a sad and mysterious classical music piece.
454,39.41106238919908,0.9832833104256885,0.007333679124712944,0.30065976083278656,ddim,A recording of a sad and mysterious classical music piece.
455,39.87280785336867,0.9858068587915058,0.00701886648312211,0.25766022503376007,ddim,A recording of a sad and mysterious classical music piece.
456,42.019023952280634,0.9933932288068752,0.005110759288072586,0.09387265890836716,ddim,A synthesizer playing a scary arcade game melody with another synthesizer accompaniment in the background.
457,36.941838387335686,0.9796235843757977,0.0073581659235060215,0.5775480717420578,ddim,A synthesizer playing a scary arcade game melody with another synthesizer accompaniment in the background.
458,40.797922250847016,0.985628900034876,0.0060775307938456535,0.24562612175941467,ddim,A synthesizer playing a scary arcade game melody with another synthesizer accompaniment in the background.
459,39.510991762310724,0.9857582377462047,0.006743972189724445,0.23457251489162445,ddim,A synthesizer playing a scary arcade game melody with another synthesizer accompaniment in the background.
460,41.076568366952124,0.9877923897775368,0.005995733197778463,0.23777302354574203,ddim,"Strings, flutes, and harp playing an angry metal song."
461,39.41889102177283,0.9735179693061468,0.005809664726257324,0.49933843314647675,ddim,"Strings, flutes, and harp playing an angry metal song."
462,41.99776400759495,0.9886679267240681,0.005285950843244791,0.2267836034297943,ddim,"Strings, flutes, and harp playing an angry metal song."
463,39.4031193539413,0.9839343051511678,0.007199570536613464,0.30741800367832184,ddim,"Strings, flutes, and harp playing an angry metal song."
464,39.86139053123734,0.9856099596056155,0.006849701516330242,0.2498021423816681,ddim,A recording of a string quartet playing.
465,40.12965073026091,0.9893222190420792,0.006861791014671326,0.17498795688152313,ddim,A recording of a string quartet playing.
466,37.2604045902954,0.9827847722686469,0.00886701699346304,0.29076698422431946,ddim,A recording of a string quartet playing.
467,40.064744847287564,0.9925673893210344,0.006714310497045517,0.14716169983148575,ddim,A recording of a string quartet playing.
468,39.773224179346236,0.9886013551311588,0.006920844782143831,0.16827867180109024,ddim,A recording of a slow reggae song.
469,40.56339502632707,0.9899983343378242,0.006272075232118368,0.215032696723938,ddim,A recording of a slow reggae song.
470,40.30024056603688,0.9864301808015299,0.006373369134962559,0.2588149458169937,ddim,A recording of a slow reggae song.
471,40.75725647468066,0.988293866575327,0.006165554281324148,0.24026594310998917,ddim,A recording of a slow reggae song.
472,41.488419559927365,0.9928392144630114,0.005501098930835724,0.1931667923927307,ddim,A recording of a happy upbeat arcade game soundtrack.
473,39.21505064133123,0.9925616452171211,0.007113737054169178,0.10160649567842484,ddim,A recording of a happy upbeat arcade game soundtrack.
474,40.987113481341225,0.9906116720282815,0.005760982166975737,0.1535818800330162,ddim,A recording of a happy upbeat arcade game soundtrack.
475,38.01607416155651,0.9813828648855181,0.007956981658935547,0.19505711644887924,ddim,A recording of a happy upbeat arcade game soundtrack.
476,39.18331677223856,0.9877264657444867,0.007191270124167204,0.237769715487957,ddim,A recording of an upbeat hip hop song.
477,40.12808371088972,0.9878009811171315,0.006405091378837824,0.24374297261238098,ddim,A recording of an upbeat hip hop song.
478,40.43183924335501,0.990537347700716,0.0062369308434426785,0.1652624011039734,ddim,A recording of an upbeat hip hop song.
479,40.12894068250331,0.9858118937794583,0.006470500025898218,0.24161586165428162,ddim,A recording of an upbeat hip hop song.
480,40.42344572564775,0.9857140240489818,0.0061405859887599945,0.22325628995895386,ddim,"A man is singing while a guitar, bass and drums playing in the background an angry metal song."
481,39.113504916210296,0.9863410461850951,0.007269854191690683,0.20903665572404861,ddim,"A man is singing while a guitar, bass and drums playing in the background an angry metal song."
482,39.351750004259394,0.9784507297990706,0.006997587159276009,0.28905247151851654,ddim,"A man is singing while a guitar, bass and drums playing in the background an angry metal song."
483,40.69659806506668,0.9908912378885811,0.0063733551651239395,0.1479398012161255,ddim,"A man is singing while a guitar, bass and drums playing in the background an angry metal song."
484,40.674054343260806,0.981221996872285,0.0058889808133244514,0.39545273780822754,ddim,"A high quality recording of a saxophone, bass and drums playing."
485,39.284677333925394,0.9890252518537287,0.00730812456458807,0.18025748431682587,ddim,"A high quality recording of a saxophone, bass and drums playing."
486,40.56388040026229,0.991970688431385,0.006169816479086876,0.14345404505729675,ddim,"A high quality recording of a saxophone, bass and drums playing."
487,40.25670965393016,0.9848373792267568,0.006592498626559973,0.28230486810207367,ddim,"A high quality recording of a saxophone, bass and drums playing."
488,39.71930242645877,0.991742495500974,0.0068973093293607235,0.12889772281050682,ddim,A recording of a cool calm techno song.
489,34.33932531356561,0.9716899774292674,0.01091264933347702,0.45469050109386444,ddim,A recording of a cool calm techno song.
490,38.29145688374494,0.9832680881939129,0.007492983713746071,0.2568165585398674,ddim,A recording of a cool calm techno song.
491,39.65051308292531,0.9679477630831507,0.0070670535787940025,0.4781637191772461,ddim,A recording of a cool calm techno song.
492,40.31283216004179,0.9912303974503717,0.006496835500001907,0.1500590741634369,ddim,"A high quality recording of a guitars, bass, drums and piano playing."
493,40.251883261558305,0.9866849226544728,0.006001542322337627,0.2539169639348984,ddim,"A high quality recording of a guitars, bass, drums and piano playing."
494,40.43332063756961,0.9881954373264429,0.006530900485813618,0.25434377789497375,ddim,"A high quality recording of a guitars, bass, drums and piano playing."
495,41.081683651734984,0.9920813686131407,0.005904864054173231,0.1345480978488922,ddim,"A high quality recording of a guitars, bass, drums and piano playing."
496,42.4264143099336,0.9930916178043326,0.0050828540697693825,0.123335100710392,ddim,A high quality recording of flutes and a trumpet playing.
497,35.42557233232824,0.9823373344641043,0.010260657407343388,0.4375315308570862,ddim,A high quality recording of flutes and a trumpet playing.
498,41.00497487334149,0.9866319988359715,0.006200915668159723,0.20005178451538086,ddim,A high quality recording of flutes and a trumpet playing.
499,39.7093504480506,0.9775762330595844,0.0069872112944722176,0.3765184134244919,ddim,A high quality recording of flutes and a trumpet playing.
500,38.41355902501035,0.9818515047017001,0.008104288950562477,0.3034827262163162,ddim,"A high quality recording of strings, trumpets and drums playing."
501,41.290833861017695,0.9869592822716283,0.005903692450374365,0.19338759034872055,ddim,"A high quality recording of strings, trumpets and drums playing."
502,41.25150820785439,0.9878866320073731,0.005825412925332785,0.2881956994533539,ddim,"A high quality recording of strings, trumpets and drums playing."
503,40.08834088006047,0.9851343056442878,0.006490475032478571,0.311663880944252,ddim,"A high quality recording of strings, trumpets and drums playing."
504,39.084098361192765,0.9867596716865631,0.006750361528247595,0.16511800326406956,ddim,A recording of Arabic instruments playing.
505,39.909725906621794,0.9870538613087537,0.00671214796602726,0.2448304146528244,ddim,A recording of Arabic instruments playing.
506,35.59658365262303,0.9799620690582682,0.01063405629247427,0.39177314937114716,ddim,A recording of Arabic instruments playing.
507,39.35768863747097,0.989621276921183,0.00722501939162612,0.1653822921216488,ddim,A recording of Arabic instruments playing.
508,38.98094877272709,0.9758045182218488,0.007098793052136898,0.3941468596458435,ddim,A cool old rock song of a man singing while a guitar and drums accompany him.
509,39.21388041992937,0.9844688816833551,0.0072998409159481525,0.28060224652290344,ddim,A cool old rock song of a man singing while a guitar and drums accompany him.
510,41.74971481742767,0.9889971737819114,0.005371849052608013,0.2091609165072441,ddim,A cool old rock song of a man singing while a guitar and drums accompany him.
511,40.12193584661941,0.9845865718431148,0.006484346929937601,0.3330298364162445,ddim,A cool old rock song of a man singing while a guitar and drums accompany him.
512,39.30186039469719,0.9839291418844429,0.007530932780355215,0.31252044439315796,ddim,A recording of a happy classical music piece.
513,38.54167853718137,0.9811374723400982,0.00823549460619688,0.3669285923242569,ddim,A recording of a happy classical music piece.
514,39.97606370221504,0.9878301029328198,0.00687419343739748,0.17652632296085358,ddim,A recording of a happy classical music piece.
515,40.632816131614895,0.991743060581285,0.006362933199852705,0.22276195138692856,ddim,A recording of a happy classical music piece.
516,40.0979533685646,0.9890286544235316,0.00675143813714385,0.12264648452401161,ddim,A recording of a scary classical music piece.
517,39.78056135092109,0.9835202077591562,0.007026967592537403,0.27937908470630646,ddim,A recording of a scary classical music piece.
518,39.14401785734966,0.9698668537160143,0.00738158356398344,0.3883116841316223,ddim,A recording of a scary classical music piece.
519,40.14399879556714,0.9838656454714643,0.006740276236087084,0.29601357877254486,ddim,A recording of a scary classical music piece.
520,41.89941185261426,0.9946583560092297,0.005538527853786945,0.1154356375336647,ddim,A recording of a mysterious Arabic song.
521,40.357686431820134,0.9883672058217228,0.006600698456168175,0.2696874886751175,ddim,A recording of a mysterious Arabic song.
522,39.8410869474331,0.9889653416047995,0.0069048781879246235,0.2259519025683403,ddim,A recording of a mysterious Arabic song.
523,40.7810990862416,0.990797380335718,0.00627615861594677,0.11544094234704971,ddim,A recording of a mysterious Arabic song.
524,37.56657441533519,0.9803301402779909,0.008892425335943699,0.30857613682746887,ddim,"A high quality recording of electric keyboard, bass and drums playing."
525,41.52730456753069,0.9866587025680089,0.005491442512720823,0.22390684485435486,ddim,"A high quality recording of electric keyboard, bass and drums playing."
526,41.27144698616494,0.9872654680794118,0.005531829781830311,0.21356822550296783,ddim,"A high quality recording of electric keyboard, bass and drums playing."
527,39.87365210410172,0.9858328707094891,0.006828270386904478,0.17626896500587463,ddim,"A high quality recording of electric keyboard, bass and drums playing."
528,39.72084428543899,0.9861552113849481,0.007073826156556606,0.22550026327371597,ddim,An orchestra playing classical music. You can hear flutes and strings.
529,40.44801587148201,0.9845220005769204,0.006400071084499359,0.26966869831085205,ddim,An orchestra playing classical music. You can hear flutes and strings.
530,39.80181131287456,0.9892592659902542,0.006979784462600946,0.3000711649656296,ddim,An orchestra playing classical music. You can hear flutes and strings.
531,40.6155464062265,0.9884335365584972,0.006542582530528307,0.2719438523054123,ddim,An orchestra playing classical music. You can hear flutes and strings.
532,40.32134230326206,0.9905181049822567,0.006527204066514969,0.1859474629163742,ddim,A high quality recording of a guitar and violins playing a happy and emotional  piece.
533,38.82433096088594,0.9743478975519182,0.007584907114505768,0.4162367880344391,ddim,A high quality recording of a guitar and violins playing a happy and emotional  piece.
534,41.80766949096568,0.9930301687214477,0.005692656617611647,0.1934187188744545,ddim,A high quality recording of a guitar and violins playing a happy and emotional  piece.
535,38.876226952877204,0.9856617539311249,0.007824338041245937,0.22921230643987656,ddim,A high quality recording of a guitar and violins playing a happy and emotional  piece.
536,39.5796969155296,0.9805761295954777,0.007079802919179201,0.2614339366555214,ddim,A recording of a tense classical music score.
537,40.35490284380625,0.9881205151734274,0.006585567723959684,0.17265328764915466,ddim,A recording of a tense classical music score.
538,40.15754750034258,0.9869362136100674,0.006683250889182091,0.25049544870853424,ddim,A recording of a tense classical music score.
539,40.48422405409599,0.9874829067433087,0.006648393347859383,0.16484420001506805,ddim,A recording of a tense classical music score.
540,41.59090946102329,0.9867807693033427,0.005377509631216526,0.2196127325296402,ddim,A metal band playing metal music.
541,39.07364632524846,0.9886159822513705,0.007585116196423769,0.2636331170797348,ddim,A metal band playing metal music.
542,41.38643850692907,0.9831932688196283,0.005656924564391375,0.35606470704078674,ddim,A metal band playing metal music.
543,41.42783926574806,0.9890189917080455,0.005674934480339289,0.19878671318292618,ddim,A metal band playing metal music.
544,41.19772525589754,0.9892190750962502,0.005987557116895914,0.21172115951776505,ddim,A recording of happy Chinese music.
545,33.0976401871151,0.9735335725807489,0.013234837912023067,1.0576402246952057,ddim,A recording of happy Chinese music.
546,41.054888980677404,0.9879073119418463,0.005941751413047314,0.23854855448007584,ddim,A recording of happy Chinese music.
547,41.06158121997568,0.9912123689776221,0.0061220163479447365,0.14116724580526352,ddim,A recording of happy Chinese music.
548,40.26536488411808,0.9882929367521467,0.006715489085763693,0.3067372888326645,ddim,"Strings, flutes, and harp playing calm happy rock music."
549,40.40367023971187,0.9852318183257774,0.006222032941877842,0.23757747560739517,ddim,"Strings, flutes, and harp playing calm happy rock music."
550,39.47247960819786,0.9809456360858086,0.007222598418593407,0.41042688488960266,ddim,"Strings, flutes, and harp playing calm happy rock music."
551,39.96976914698387,0.9842964029224193,0.007047181949019432,0.2797778993844986,ddim,"Strings, flutes, and harp playing calm happy rock music."
552,39.24041092913659,0.9821706044726766,0.007180571090430021,0.30991876125335693,ddim,A recording of an old timey rock song from the sixties.
553,39.139954810997104,0.9838805271140582,0.007414876017719507,0.2770790234208107,ddim,A recording of an old timey rock song from the sixties.
554,40.6737256713881,0.9866004204006591,0.0061179413460195065,0.2220076471567154,ddim,A recording of an old timey rock song from the sixties.
555,41.539206031423575,0.9916192848933885,0.005722207948565483,0.10477928072214127,ddim,A recording of an old timey rock song from the sixties.
556,37.608884350298844,0.9801352272624353,0.008551967330276966,0.30158790946006775,ddim,"A jazz song with a saxophone, trumpet, guitar, bass and drums playing."
557,39.52282063909138,0.9826336414164478,0.006981821730732918,0.38487109541893005,ddim,"A jazz song with a saxophone, trumpet, guitar, bass and drums playing."
558,40.50635338550573,0.9852393643411742,0.0061079650186002254,0.24149393290281296,ddim,"A jazz song with a saxophone, trumpet, guitar, bass and drums playing."
559,40.18145662152791,0.986873465257467,0.006609082687646151,0.2304311990737915,ddim,"A jazz song with a saxophone, trumpet, guitar, bass and drums playing."
560,40.507712817572326,0.9881623255857973,0.006424800027161837,0.17562101036310196,ddim,"A banjo is playing a country song, accompanied by guitar and drums."
561,37.48374241644746,0.9802103999229758,0.008632800541818142,0.43868090212345123,ddim,"A banjo is playing a country song, accompanied by guitar and drums."
562,40.64302105478884,0.9839539689102542,0.00608051149174571,0.2970651090145111,ddim,"A banjo is playing a country song, accompanied by guitar and drums."
563,38.378400187837926,0.9866473469301422,0.008173838257789612,0.24203219264745712,ddim,"A banjo is playing a country song, accompanied by guitar and drums."
564,40.953961761873984,0.990389334417665,0.0061496528796851635,0.18527062237262726,ddim,A recording of a jazz song.
565,39.12236997091496,0.9897548119282223,0.0075117070227861404,0.18657156825065613,ddim,A recording of a jazz song.
566,41.454478609583454,0.9918362533207904,0.005845393054187298,0.16687662154436111,ddim,A recording of a jazz song.
567,40.64068471478932,0.9841450513667824,0.0059133367612957954,0.33471211791038513,ddim,A recording of a jazz song.
568,40.939301090925575,0.988680507422849,0.006127845961600542,0.18230579793453217,ddim,A high quality recording of a woman singing while a piano and drums play in the background.
569,39.80898990272247,0.9789881878409715,0.006636918056756258,0.4013490080833435,ddim,A high quality recording of a woman singing while a piano and drums play in the background.
570,40.23142488934705,0.9849390031109364,0.006575684994459152,0.2159661278128624,ddim,A high quality recording of a woman singing while a piano and drums play in the background.
571,40.10007943137246,0.9878887968585195,0.0066792103461921215,0.2258145809173584,ddim,A high quality recording of a woman singing while a piano and drums play in the background.
572,39.3505824571959,0.9917909720527642,0.007351322565227747,0.11163077875971794,ddim,"A death metal song of a man singing while an electric guitar, bass and drums are playing in the background."
573,35.709621169864214,0.9487186692736271,0.010429665446281433,0.802614152431488,ddim,"A death metal song of a man singing while an electric guitar, bass and drums are playing in the background."
574,41.255762187085764,0.99097359709512,0.005825816188007593,0.1968267634510994,ddim,"A death metal song of a man singing while an electric guitar, bass and drums are playing in the background."
575,40.96685706988037,0.9866944795989945,0.005822520703077316,0.27530044317245483,ddim,"A death metal song of a man singing while an electric guitar, bass and drums are playing in the background."
576,39.38712252655682,0.9819726856754241,0.007353452034294605,0.2921070009469986,ddim,"A jazz song with a saxophone, trumpet, piano, bass and drums playing."
577,39.44184137023698,0.9885161511718769,0.007088589482009411,0.20918719470500946,ddim,"A jazz song with a saxophone, trumpet, piano, bass and drums playing."
578,38.87350172219031,0.9880820464913016,0.007590830326080322,0.1989085078239441,ddim,"A jazz song with a saxophone, trumpet, piano, bass and drums playing."
579,39.75118450120511,0.9810601761297043,0.006742530036717653,0.3186001628637314,ddim,"A jazz song with a saxophone, trumpet, piano, bass and drums playing."
580,39.18806626893677,0.9830489374833609,0.007297999691218138,0.24570536613464355,ddim,"Guitars, saxophones, and piano playing calm happy jazz music."
581,39.73984996081309,0.9856561353961318,0.006750918459147215,0.2202404886484146,ddim,"Guitars, saxophones, and piano playing calm happy jazz music."
582,37.64818476788139,0.9838639846497883,0.00887246709316969,0.29368941485881805,ddim,"Guitars, saxophones, and piano playing calm happy jazz music."
583,38.70593997687079,0.9798990624240843,0.007742776069790125,0.34904761612415314,ddim,"Guitars, saxophones, and piano playing calm happy jazz music."
584,39.408347981333556,0.9712695856563678,0.006960785482078791,0.5925809442996979,ddim,"A high quality recording of a rock song. a woman singing while a guitar, bass and drums playing in the background, when later a man joins."
585,40.02514270539044,0.9861450095934446,0.006757474038749933,0.2213498055934906,ddim,"A high quality recording of a rock song. a woman singing while a guitar, bass and drums playing in the background, when later a man joins."
586,39.128899097897374,0.9686240744029627,0.0069780535995960236,0.5088797062635422,ddim,"A high quality recording of a rock song. a woman singing while a guitar, bass and drums playing in the background, when later a man joins."
587,38.635949969398226,0.9722262269996523,0.007994797080755234,0.36565184593200684,ddim,"A high quality recording of a rock song. a woman singing while a guitar, bass and drums playing in the background, when later a man joins."
588,40.04868641374926,0.9897372233611889,0.0065781171433627605,0.2037302926182747,ddim,"A saxophone, piano, bass and drums playing a cool happy song."
589,40.69431427077022,0.9897887034739485,0.00619534170255065,0.22563137114048004,ddim,"A saxophone, piano, bass and drums playing a cool happy song."
590,40.6404286211538,0.9887351850058108,0.006097391713410616,0.21525107324123383,ddim,"A saxophone, piano, bass and drums playing a cool happy song."
591,40.83835021283848,0.9911835453929096,0.006133249960839748,0.20334382355213165,ddim,"A saxophone, piano, bass and drums playing a cool happy song."
592,40.13280205560903,0.9875766392163765,0.006281096022576094,0.2344118431210518,ddim,"A guitar playing a cool rock melody while an electric keyboard, bass and drums play in the background."
593,37.91234013138097,0.9716665032716666,0.007960939779877663,0.24099092185497284,ddim,"A guitar playing a cool rock melody while an electric keyboard, bass and drums play in the background."
594,41.447234384707336,0.984357007256555,0.005353199318051338,0.2750295251607895,ddim,"A guitar playing a cool rock melody while an electric keyboard, bass and drums play in the background."
595,40.10832601128111,0.984365432054709,0.00644543906673789,0.25546155869960785,ddim,"A guitar playing a cool rock melody while an electric keyboard, bass and drums play in the background."
596,40.86126364799952,0.9825398663839775,0.0061948555521667,0.3261992782354355,ddim,An orchestra playing an epic movie soundtrack score. You can hear flutes and strings.
597,39.98092784942256,0.9810088442973908,0.006513857748359442,0.3761330395936966,ddim,An orchestra playing an epic movie soundtrack score. You can hear flutes and strings.
598,36.96309392145297,0.9782223555270579,0.008564592339098454,0.34138093888759613,ddim,An orchestra playing an epic movie soundtrack score. You can hear flutes and strings.
599,40.7572678658469,0.9883159075890038,0.006032705772668123,0.26322275400161743,ddim,An orchestra playing an epic movie soundtrack score. You can hear flutes and strings.
600,39.775627871734436,0.9910440786355386,0.006999327335506678,0.14568258821964264,ddim,Flutes playing classical music.
601,36.27545327474978,0.9840987988754495,0.010282227769494057,0.25336749106645584,ddim,Flutes playing classical music.
602,38.91074113732091,0.9869715479589235,0.007665453944355249,0.19106274098157883,ddim,Flutes playing classical music.
603,36.917078705529995,0.977672628754549,0.008893486112356186,0.2571701407432556,ddim,Flutes playing classical music.
604,38.18772238759243,0.9837005320149934,0.008189944550395012,0.24497270584106445,ddim,A recording of a cool rhythmic arcade game soundtrack.
605,38.64138207061277,0.9910913777722106,0.007427643518894911,0.17021284997463226,ddim,A recording of a cool rhythmic arcade game soundtrack.
606,40.68412512096078,0.9913450464995064,0.00613370118662715,0.2239614650607109,ddim,A recording of a cool rhythmic arcade game soundtrack.
607,37.4317394156181,0.9745430557117709,0.008835670538246632,0.37148742377758026,ddim,A recording of a cool rhythmic arcade game soundtrack.
608,38.59400101093244,0.9829446045821417,0.00782397948205471,0.3319593071937561,ddim,A recording of an old upbeat cool jazz song.
609,39.059550814760755,0.9839614162111939,0.007335674483329058,0.22735626995563507,ddim,A recording of an old upbeat cool jazz song.
610,40.246230528330635,0.9850369407145357,0.006606098730117083,0.27569980919361115,ddim,A recording of an old upbeat cool jazz song.
611,41.18158125299508,0.9901503324286796,0.005961073562502861,0.15955066680908203,ddim,A recording of an old upbeat cool jazz song.
612,40.00231994992988,0.985870147166101,0.0065329475328326225,0.25890660285949707,ddim,A recording of a dark and sad gospel song.
613,39.925464975533885,0.985150160679482,0.0064516738057136536,0.24880307167768478,ddim,A recording of a dark and sad gospel song.
614,40.1970341402787,0.991258010471425,0.006899009458720684,0.14228857681155205,ddim,A recording of a dark and sad gospel song.
615,39.75818457242594,0.9823423057894413,0.0073552923277020454,0.27119460701942444,ddim,A recording of a dark and sad gospel song.
616,39.02611148347513,0.9882134181574305,0.0075641293078660965,0.226609505712986,ddim,A jazz song of a saxophone playing while bass and drums accompany him.
617,40.484876077585454,0.9850798404403138,0.0062050586566329,0.28224700689315796,ddim,A jazz song of a saxophone playing while bass and drums accompany him.
618,39.27026523305046,0.9884937502120312,0.00731700612232089,0.18659444898366928,ddim,A jazz song of a saxophone playing while bass and drums accompany him.
619,40.33388313046461,0.9818741149615686,0.006311148405075073,0.29914411902427673,ddim,A jazz song of a saxophone playing while bass and drums accompany him.
620,40.49448186276699,0.9789723532996013,0.006045617628842592,0.4054134041070938,ddim,A recording of an angry metal song.
621,36.10999590737204,0.9844958862014149,0.00913439504802227,0.25294001400470734,ddim,A recording of an angry metal song.
622,33.28301890990475,0.9386191953151731,0.014986958354711533,1.1735098361968994,ddim,A recording of an angry metal song.
623,39.52335924404831,0.9800119555596349,0.006819171831011772,0.28335515409708023,ddim,A recording of an angry metal song.
624,38.891826711043024,0.9709641577196962,0.007481740787625313,0.5515180975198746,ddim,"A trumpet playing an epic solo while a guitar, bass and drums are playing in the background."
625,41.11528403347586,0.9826648851870393,0.005807084497064352,0.27060963958501816,ddim,"A trumpet playing an epic solo while a guitar, bass and drums are playing in the background."
626,41.18122520973798,0.9871613570965792,0.005938846617937088,0.158233180642128,ddim,"A trumpet playing an epic solo while a guitar, bass and drums are playing in the background."
627,39.59735639367193,0.9880369553763323,0.007066988851875067,0.25474241375923157,ddim,"A trumpet playing an epic solo while a guitar, bass and drums are playing in the background."
628,39.30917737358173,0.9853856120088258,0.007240754552185535,0.2001362219452858,ddim,A high quality recording of a woman singing while a bass and drums play in the background.
629,40.51348462741696,0.9878547244969772,0.006381290499120951,0.17339661717414856,ddim,A high quality recording of a woman singing while a bass and drums play in the background.
630,36.62224034654744,0.9720777492971615,0.009431110695004463,0.33902622014284134,ddim,A high quality recording of a woman singing while a bass and drums play in the background.
631,40.151238305016946,0.9817073901082202,0.006606545764952898,0.2574699968099594,ddim,A high quality recording of a woman singing while a bass and drums play in the background.
632,35.94208738534276,0.976330153746196,0.010006994940340519,0.38650086522102356,ddim,"A high quality recording of a trumpet, bass and drums playing."
633,40.82930573139559,0.9864455909530289,0.006138107739388943,0.19916842132806778,ddim,"A high quality recording of a trumpet, bass and drums playing."
634,35.93465162316311,0.9743388635967554,0.01043007243424654,0.5634884834289551,ddim,"A high quality recording of a trumpet, bass and drums playing."
635,38.70189367077499,0.977213870405582,0.008045434951782227,0.43143610656261444,ddim,"A high quality recording of a trumpet, bass and drums playing."
636,38.94530697330481,0.9879967344268712,0.006712381262332201,0.3763207942247391,ddim,A recording of a techno song.
637,38.06342041872264,0.990558974336704,0.008217960596084595,0.13735613226890564,ddim,A recording of a techno song.
638,41.87315125900775,0.9946811853435487,0.005164898466318846,0.14222832769155502,ddim,A recording of a techno song.
639,41.2263821113529,0.9872398412337355,0.005570503883063793,0.29302556812763214,ddim,A recording of a techno song.
640,40.60654270049266,0.9868082688898044,0.006218909285962582,0.2475423440337181,ddim,A recording of an upbeat country song.
641,40.19359685220765,0.9872962816092921,0.006576548796147108,0.293781153857708,ddim,A recording of an upbeat country song.
642,40.744246280593885,0.9841989780141192,0.005827960558235645,0.24608197063207626,ddim,A recording of an upbeat country song.
643,40.79606359620422,0.9880642320373685,0.006186451762914658,0.23827572166919708,ddim,A recording of an upbeat country song.
644,37.16494676453867,0.9806722843763183,0.009089351631700993,0.3787556290626526,ddim,A high quality recording of a flute playing a cool rock solo with accompaniment.
645,39.665297016116206,0.9838275907184948,0.006887312512844801,0.23046311736106873,ddim,A high quality recording of a flute playing a cool rock solo with accompaniment.
646,37.04949964926824,0.9765770124360827,0.00888901948928833,0.3666297197341919,ddim,A high quality recording of a flute playing a cool rock solo with accompaniment.
647,34.49791322153366,0.978484117694524,0.013010084629058838,0.3181747645139694,ddim,A high quality recording of a flute playing a cool rock solo with accompaniment.
648,40.0769187443366,0.9833533772124982,0.006785079836845398,0.26700393855571747,ddim,A recording of harsh and scary Chinese music.
649,40.32719109992601,0.9866012999582002,0.006593653000891209,0.2317585125565529,ddim,A recording of harsh and scary Chinese music.
650,40.837701502546004,0.9890993490040126,0.006198505870997906,0.18937639892101288,ddim,A recording of harsh and scary Chinese music.
651,40.33176553293758,0.9860465312031521,0.006550612393766642,0.23912694305181503,ddim,A recording of harsh and scary Chinese music.
652,40.45756539603421,0.9869182757645758,0.006396607495844364,0.2645927295088768,ddim,"A banjo playing alongside a piano, bass and drums in an upbeat old-timey cool country song."
653,40.69677188286886,0.9912341957927165,0.006341764237731695,0.17065776884555817,ddim,"A banjo playing alongside a piano, bass and drums in an upbeat old-timey cool country song."
654,41.766503598724896,0.9904562937967677,0.005628631915897131,0.1811293661594391,ddim,"A banjo playing alongside a piano, bass and drums in an upbeat old-timey cool country song."
655,40.755238077715894,0.9899467573087715,0.006049245595932007,0.20072004199028015,ddim,"A banjo playing alongside a piano, bass and drums in an upbeat old-timey cool country song."
656,41.47551188921747,0.9874778068328661,0.005880200769752264,0.25177840143442154,ddim,A recording of a movie soundtrack.
657,40.87661760001182,0.9800623011076327,0.006067696493119001,0.33599287271499634,ddim,A recording of a movie soundtrack.
658,39.37901954672072,0.9796111331886094,0.007098545785993338,0.4572499692440033,ddim,A recording of a movie soundtrack.
659,40.956390782748485,0.9847926035947491,0.006168970372527838,0.22104637324810028,ddim,A recording of a movie soundtrack.
660,41.079461567311384,0.9900338215255676,0.005802296567708254,0.14519492536783218,ddim,A rap song of a man singing while bass and drums accompany him.
661,40.52754842132235,0.9896741649609629,0.006005133502185345,0.15142609179019928,ddim,A rap song of a man singing while bass and drums accompany him.
662,39.701394354498845,0.98761596074504,0.0067330822348594666,0.17324098944664001,ddim,A rap song of a man singing while bass and drums accompany him.
663,39.74356940445646,0.9893797394343953,0.006527758203446865,0.1650279387831688,ddim,A rap song of a man singing while bass and drums accompany him.
664,40.9552024143739,0.9865190953481202,0.0059008607640862465,0.22326737642288208,ddim,A recording of an old timey rock song from the eighties.
665,39.8430225102087,0.9862958608218318,0.006855069659650326,0.21834633499383926,ddim,A recording of an old timey rock song from the eighties.
666,41.03127109399488,0.9868695729406372,0.005841722246259451,0.27972574532032013,ddim,A recording of an old timey rock song from the eighties.
667,40.193032539158494,0.9837591409903081,0.006595454644411802,0.29418419301509857,ddim,A recording of an old timey rock song from the eighties.
668,39.350359954687775,0.9848136642246189,0.007298912853002548,0.246796153485775,ddim,"A high quality recording of a piano, flutes and drums playing."
669,39.2574663181211,0.9909198635340761,0.0075126285664737225,0.11555120348930359,ddim,"A high quality recording of a piano, flutes and drums playing."
670,39.76699619004544,0.9867282552977859,0.006945887114852667,0.2532957196235657,ddim,"A high quality recording of a piano, flutes and drums playing."
671,40.38715836590952,0.9907796475999121,0.006485604215413332,0.16716071963310242,ddim,"A high quality recording of a piano, flutes and drums playing."
672,39.947851936596564,0.9684225846771412,0.006696891970932484,0.4291605055332184,ddim,A recording of a cool mysterious orchestral movie soundtrack song.
673,39.86138271438527,0.9886615640820353,0.0067262835800647736,0.20716609805822372,ddim,A recording of a cool mysterious orchestral movie soundtrack song.
674,39.77330971064426,0.9861947867371,0.007135974708944559,0.24291255325078964,ddim,A recording of a cool mysterious orchestral movie soundtrack song.
675,38.08088870952296,0.9764895353460348,0.008036733604967594,0.3308069556951523,ddim,A recording of a cool mysterious orchestral movie soundtrack song.
676,38.57830650329555,0.9791964814377002,0.00800340622663498,0.32507383823394775,ddim,"A guitar, piano, bass and drums playing a cool happy song."
677,40.65391918140493,0.9905920307376712,0.006227149628102779,0.2005084678530693,ddim,"A guitar, piano, bass and drums playing a cool happy song."
678,41.150469078748486,0.9901026904397412,0.005960098002105951,0.1802772656083107,ddim,"A guitar, piano, bass and drums playing a cool happy song."
679,40.19568521550167,0.9873637381499482,0.006551716476678848,0.24308717250823975,ddim,"A guitar, piano, bass and drums playing a cool happy song."
680,36.61106448586898,0.9774473723544644,0.009039252065122128,0.49619948863983154,ddim,A recording of an epic classical score.
681,38.698141217666105,0.9891599664945965,0.007603994570672512,0.24797799438238144,ddim,A recording of an epic classical score.
682,38.67386356614802,0.9763420869592426,0.007629338186234236,0.34249676764011383,ddim,A recording of an epic classical score.
683,40.80418827085522,0.9899670169015111,0.006407220382243395,0.18690873682498932,ddim,A recording of an epic classical score.
684,39.610332734869445,0.9851650329086931,0.00693536875769496,0.3035433441400528,ddim,"A high quality recording of violins playing a melody and a piano, bass and drums accompany them."
685,41.00816401176743,0.9874297571770815,0.006060033570975065,0.24956967681646347,ddim,"A high quality recording of violins playing a melody and a piano, bass and drums accompany them."
686,38.60544398663243,0.9889900422357254,0.007971525192260742,0.2638443410396576,ddim,"A high quality recording of violins playing a melody and a piano, bass and drums accompany them."
687,38.55958858320348,0.9731641853476114,0.007927917875349522,0.36143720149993896,ddim,"A high quality recording of violins playing a melody and a piano, bass and drums accompany them."
688,39.34583740866311,0.9875864768559943,0.0071414620615541935,0.23715790361166,ddim,A recording of a pop song.
689,39.626665434251386,0.9716874757279704,0.006902177818119526,0.5547841787338257,ddim,A recording of a pop song.
690,41.4728705611713,0.9902372654591844,0.0055670891888439655,0.19453103095293045,ddim,A recording of a pop song.
691,39.28803976030919,0.9876876481151965,0.00698513351380825,0.1912541538476944,ddim,A recording of a pop song.
692,40.50608942700428,0.9802054127905881,0.006081634666770697,0.3589117228984833,ddim,A recording of a grunge rock song.
693,40.34528870568222,0.9856874289369346,0.006372884847223759,0.30524638295173645,ddim,A recording of a grunge rock song.
694,40.98462220592003,0.9868569662819369,0.005683204624801874,0.27091940492391586,ddim,A recording of a grunge rock song.
695,40.33144175618763,0.9876424590991292,0.006408063694834709,0.19546908885240555,ddim,A recording of a grunge rock song.
696,39.20885602556464,0.9891212204671229,0.007499940227717161,0.24001921713352203,ddim,A high quality recording of flutes and drums playing.
697,39.870924791855764,0.9789002970920465,0.00683623319491744,0.9602718353271484,ddim,A high quality recording of flutes and drums playing.
698,41.7815936720005,0.9850183888059119,0.00561068020761013,0.2805466800928116,ddim,A high quality recording of flutes and drums playing.
699,40.62620637183811,0.9910149421319877,0.006398887373507023,0.2159588783979416,ddim,A high quality recording of flutes and drums playing.
700,35.535279011696026,0.9745716841573792,0.011494109407067299,0.2457682266831398,ddim,A recording of an epic soundtrack.
701,39.19062792481636,0.9880473619124429,0.0076446072198450565,0.17513713240623474,ddim,A recording of an epic soundtrack.
702,39.72585946436523,0.9852845662217274,0.006885906681418419,0.29422727227211,ddim,A recording of an epic soundtrack.
703,39.67086054236941,0.9813799870548294,0.00702127069234848,0.33851656317710876,ddim,A recording of an epic soundtrack.
704,39.81139946129309,0.9873726148449391,0.006968553643673658,0.2303316369652748,ddim,"A trumpet, piano, bass and drums playing a cool happy song."
705,39.6467075411135,0.9853828568163429,0.006913733668625355,0.24103733897209167,ddim,"A trumpet, piano, bass and drums playing a cool happy song."
706,41.81272135028361,0.9900965876379358,0.005413659382611513,0.22123130410909653,ddim,"A trumpet, piano, bass and drums playing a cool happy song."
707,40.462289887952245,0.9890405767795208,0.006237288471311331,0.26662611961364746,ddim,"A trumpet, piano, bass and drums playing a cool happy song."
708,40.19040560103725,0.9865856909414245,0.006412620190531015,0.24490758776664734,ddim,A recording of a cool rock song.
709,39.78871222385571,0.9838089231038746,0.006741857156157494,0.2550932466983795,ddim,A recording of a cool rock song.
710,41.180416950483405,0.9866031401290744,0.00565167423337698,0.27164163440465927,ddim,A recording of a cool rock song.
711,41.03251121259965,0.9801657402942211,0.00592421879991889,0.36211636662483215,ddim,A recording of a cool rock song.
712,41.40556661972141,0.9862764285347441,0.005543737206608057,0.2030641883611679,ddim,A high quality recording of a rock band playing.
713,41.10375861854769,0.9871425839853079,0.005959400441497564,0.259986087679863,ddim,A high quality recording of a rock band playing.
714,40.88364359337956,0.9890393941585015,0.00620763236656785,0.2310703545808792,ddim,A high quality recording of a rock band playing.
715,40.50385150765166,0.9849116303015835,0.006343599408864975,0.434221476316452,ddim,A high quality recording of a rock band playing.
716,40.23728586576258,0.9881179557801149,0.006792291067540646,0.23297028243541718,ddim,A high quality recording of a jazz band playing a happy song.
717,39.06095743860275,0.9851575688201842,0.007549107074737549,0.26438507437705994,ddim,A high quality recording of a jazz band playing a happy song.
718,39.080806310254665,0.9867138297070682,0.007521650288254023,0.20703750103712082,ddim,A high quality recording of a jazz band playing a happy song.
719,38.93217642090135,0.9817541807225334,0.007375477347522974,0.41402268409729004,ddim,A high quality recording of a jazz band playing a happy song.
720,40.66378265861416,0.9903893359874026,0.0061768959276378155,0.18114016205072403,ddim,"a saxophone, violin, piano, bass and drums playing."
721,37.88127585939743,0.9797002779768226,0.00867562647908926,0.3394908159971237,ddim,"a saxophone, violin, piano, bass and drums playing."
722,40.80219806667908,0.9878421978369037,0.006142544560134411,0.18684905767440796,ddim,"a saxophone, violin, piano, bass and drums playing."
723,39.664372954028295,0.9848062997360342,0.006504331715404987,0.18501441925764084,ddim,"a saxophone, violin, piano, bass and drums playing."
724,41.190872870493926,0.9886270209005781,0.005868922919034958,0.16567902266979218,ddim,"A metal song with a singer, bass and drums playing."
725,33.73436760808269,0.9442120053768884,0.011481045745313168,0.6768993437290192,ddim,"A metal song with a singer, bass and drums playing."
726,40.358989602058145,0.9792600975127871,0.006181629840284586,0.3826598525047302,ddim,"A metal song with a singer, bass and drums playing."
727,40.53139068211108,0.9804966334425121,0.006125632673501968,0.4318453222513199,ddim,"A metal song with a singer, bass and drums playing."
728,39.140672210037344,0.9882845098250392,0.007383858319371939,0.1963147148489952,ddim,"A high quality recording of a trumpet, a piano, a bass guitar and drums playing."
729,39.63260406385149,0.9743246883451424,0.006892375648021698,0.3071979284286499,ddim,"A high quality recording of a trumpet, a piano, a bass guitar and drums playing."
730,38.01222418138014,0.9816602175963728,0.008356304839253426,0.3343949019908905,ddim,"A high quality recording of a trumpet, a piano, a bass guitar and drums playing."
731,37.30382067309047,0.9811052782081282,0.00846857950091362,0.49344587326049805,ddim,"A high quality recording of a trumpet, a piano, a bass guitar and drums playing."
732,40.07860948385574,0.9874193038433273,0.006834932137280703,0.23172882199287415,ddim,A high quality recording of a piano playing a melody while another piano and drums are playing in the background.
733,39.815534083242476,0.9851784720043173,0.007222192361950874,0.2333555445075035,ddim,A high quality recording of a piano playing a melody while another piano and drums are playing in the background.
734,39.37304096350397,0.9734638262100016,0.006820030510425568,0.296493336558342,ddim,A high quality recording of a piano playing a melody while another piano and drums are playing in the background.
735,39.86646658114753,0.9917429869473313,0.006875047460198402,0.16677159070968628,ddim,A high quality recording of a piano playing a melody while another piano and drums are playing in the background.
736,40.799850609460925,0.9881678349637714,0.006185709498822689,0.2275853082537651,ddim,"A woman humming a quiet jazz melody, with an accompaniment of bass and drums."
737,40.31259725565689,0.9850425600606186,0.006489087827503681,0.2438976690173149,ddim,"A woman humming a quiet jazz melody, with an accompaniment of bass and drums."
738,38.70140694191999,0.9878539961518573,0.007416673935949802,0.3096863478422165,ddim,"A woman humming a quiet jazz melody, with an accompaniment of bass and drums."
739,39.94874192843363,0.9807949452933746,0.006456861272454262,0.32798759639263153,ddim,"A woman humming a quiet jazz melody, with an accompaniment of bass and drums."
740,40.00894352916625,0.9885713897426376,0.006810174323618412,0.2345399409532547,ddim,A high quality recording of a man singing and violins playing a happy and emotional  piece.
741,39.49913283317325,0.9855150327463125,0.007079720962792635,0.2542734146118164,ddim,A high quality recording of a man singing and violins playing a happy and emotional  piece.
742,39.26871718511979,0.9910756646356447,0.00728750741109252,0.1796124055981636,ddim,A high quality recording of a man singing and violins playing a happy and emotional  piece.
743,40.351459914797665,0.9892409461796584,0.0065115951001644135,0.17536167800426483,ddim,A high quality recording of a man singing and violins playing a happy and emotional  piece.
744,40.27101654409539,0.9822618635294744,0.006207349710166454,0.2604982778429985,ddim,A high quality recording of a rock band playing a somber rock song.
745,39.96630871989132,0.9806895315786299,0.0066551752388477325,0.32087287306785583,ddim,A high quality recording of a rock band playing a somber rock song.
746,40.834552519302875,0.9886775259027497,0.006041058339178562,0.24094278365373611,ddim,A high quality recording of a rock band playing a somber rock song.
747,40.550120312155265,0.9865021373778969,0.00625420268625021,0.19676322489976883,ddim,A high quality recording of a rock band playing a somber rock song.
748,40.91325178033997,0.9843679825509931,0.005702793598175049,0.3306896537542343,ddim,A recording of an old upbeat cool rock song.
749,39.81872126044605,0.9900385620069522,0.0067442599684000015,0.18851150572299957,ddim,A recording of an old upbeat cool rock song.
750,40.087329322708705,0.9894147163409476,0.006758962292224169,0.20964540541172028,ddim,A recording of an old upbeat cool rock song.
751,40.131561393485306,0.985270352655004,0.006618573796004057,0.2584158629179001,ddim,A recording of an old upbeat cool rock song.
752,40.25243920274374,0.9817920540918985,0.0063224961049854755,0.29823243618011475,ddim,A recording of a heavy metal song.
753,38.707682768042545,0.9823556740910611,0.007951007224619389,0.2977598011493683,ddim,A recording of a heavy metal song.
754,37.55758411880396,0.9821651391224878,0.00866790022701025,0.3081354424357414,ddim,A recording of a heavy metal song.
755,38.5823377475452,0.982725439193765,0.008197112940251827,0.2702508717775345,ddim,A recording of a heavy metal song.
756,40.744004983702446,0.9843180295089905,0.005958243273198605,0.25667811930179596,ddim,A recording of a Chinese song.
757,41.2213736209406,0.9883392169032338,0.005935511086136103,0.22697493433952332,ddim,A recording of a Chinese song.
758,40.633127173045665,0.9822752767519105,0.006271475926041603,0.24992581456899643,ddim,A recording of a Chinese song.
759,37.63423709949117,0.9876053167716254,0.008577120490372181,0.25563692301511765,ddim,A recording of a Chinese song.
760,40.61898046359101,0.9882054946859542,0.006269047036767006,0.23131386935710907,ddim,"A high quality recording of a trumpet, a guitar, a piano, a bass guitar and drums playing."
761,41.08372223166281,0.9871420958539056,0.005771184805780649,0.3000897318124771,ddim,"A high quality recording of a trumpet, a guitar, a piano, a bass guitar and drums playing."
762,40.81344673022987,0.9911852085623845,0.005889479070901871,0.1549205258488655,ddim,"A high quality recording of a trumpet, a guitar, a piano, a bass guitar and drums playing."
763,40.86098279305702,0.9880881988202685,0.006043864879757166,0.21893391013145447,ddim,"A high quality recording of a trumpet, a guitar, a piano, a bass guitar and drums playing."
764,39.92551648648029,0.9817283879082472,0.00670262984931469,0.3945675194263458,ddim,A recording of calm happy rock song.
765,40.32739381087839,0.9847433488756899,0.00629937369376421,0.22698713839054108,ddim,A recording of calm happy rock song.
766,38.43582930922637,0.986859078841106,0.008078827522695065,0.19504237174987793,ddim,A recording of calm happy rock song.
767,40.47166448621581,0.9864743014621773,0.00632318202406168,0.24314506351947784,ddim,A recording of calm happy rock song.
768,38.386939143848984,0.983570680566328,0.007861346937716007,0.2960999011993408,ddim,A recording of a rave techno song.
769,38.655601552392376,0.9858994252758136,0.007565546780824661,0.306466281414032,ddim,A recording of a rave techno song.
770,38.90200783352593,0.9872033188017987,0.007589218206703663,0.21891416609287262,ddim,A recording of a rave techno song.
771,41.48011064682316,0.9910725543007528,0.005634023807942867,0.14326711744070053,ddim,A recording of a rave techno song.
772,35.37530779342515,0.9869960176901771,0.011419522576034069,0.16600677371025085,ddim,A high quality recording of a woman vocalizing an epic opera solo with accompaniment.
773,40.086728501932186,0.9850800456911903,0.006474613677710295,0.3125465512275696,ddim,A high quality recording of a woman vocalizing an epic opera solo with accompaniment.
774,39.24361896918158,0.9845163301473011,0.007497142534703016,0.24210771173238754,ddim,A high quality recording of a woman vocalizing an epic opera solo with accompaniment.
775,40.98644323432456,0.9858611740832732,0.006234384141862392,0.24480850994586945,ddim,A high quality recording of a woman vocalizing an epic opera solo with accompaniment.
776,38.00738624609413,0.9902358616705631,0.007633948232978582,0.11686871573328972,ddim,A high quality recording of Arabic instruments playing.
777,40.023402740175996,0.9899214837463256,0.00673298304900527,0.2664269804954529,ddim,A high quality recording of Arabic instruments playing.
778,41.62889701623278,0.9924853658880672,0.0055770487524569035,0.19371453672647476,ddim,A high quality recording of Arabic instruments playing.
779,34.04057695649754,0.9773064452135992,0.011461117304861546,0.4913451075553894,ddim,A high quality recording of Arabic instruments playing.
780,38.96932805928037,0.9870234205847379,0.007668463513255119,0.24660476297140121,ddim,A calm song with violins and drums playing.
781,40.329048592550414,0.9896705218557295,0.006526883691549301,0.17250105738639832,ddim,A calm song with violins and drums playing.
782,39.312762858817536,0.9795178970975209,0.007161158137023449,0.3985200375318527,ddim,A calm song with violins and drums playing.
783,39.70180239970049,0.989243020114106,0.006895522121340036,0.21096213161945343,ddim,A calm song with violins and drums playing.
784,40.22187501040464,0.9852925083364216,0.006694793235510588,0.25031203031539917,ddim,Flutes and guitars playing a happy calm song.
785,40.98259672800505,0.9897278750702385,0.006128153298050165,0.21588097512722015,ddim,Flutes and guitars playing a happy calm song.
786,40.13455998742132,0.9927289808602475,0.006811358500272036,0.14445172250270844,ddim,Flutes and guitars playing a happy calm song.
787,36.65766103332825,0.9802093159032087,0.009191139601171017,0.3661997467279434,ddim,Flutes and guitars playing a happy calm song.
788,39.80963297377475,0.9875614983558025,0.006933089345693588,0.23082680255174637,ddim,"A violin and a saxophone playing a cool jazz melody, with an accompaniment of a piano, bass and drums."
789,40.63057331558415,0.986285722243403,0.006087678484618664,0.3058730363845825,ddim,"A violin and a saxophone playing a cool jazz melody, with an accompaniment of a piano, bass and drums."
790,39.22206963259007,0.9875152053477934,0.007565508130937815,0.23176195472478867,ddim,"A violin and a saxophone playing a cool jazz melody, with an accompaniment of a piano, bass and drums."
791,37.74241863565685,0.9897663863763112,0.008845356293022633,0.18266648054122925,ddim,"A violin and a saxophone playing a cool jazz melody, with an accompaniment of a piano, bass and drums."
792,40.82537278548172,0.9899024748940551,0.0059083267115056515,0.20090802758932114,ddim,A recording of upbeat pop music.
793,39.73154536239696,0.9848330045138909,0.0067902784794569016,0.28311383724212646,ddim,A recording of upbeat pop music.
794,39.05069882930313,0.9828392960493474,0.0076246424578130245,0.2963442951440811,ddim,A recording of upbeat pop music.
795,41.90673406359728,0.990939264726947,0.005232929717749357,0.19845940917730331,ddim,A recording of upbeat pop music.
796,39.486314826438104,0.9856696845892057,0.0070433407090604305,0.2272482067346573,ddim,"A saxophone playing while a guitar, bass and drums playing in the background."
797,38.08675954237437,0.9818590103083304,0.007790095638483763,0.3299807608127594,ddim,"A saxophone playing while a guitar, bass and drums playing in the background."
798,39.761838017196666,0.9868024604271554,0.006651738192886114,0.24263274669647217,ddim,"A saxophone playing while a guitar, bass and drums playing in the background."
799,40.52088926531929,0.9886705361160182,0.006114006508141756,0.17939578741788864,ddim,"A saxophone playing while a guitar, bass and drums playing in the background."
800,39.98587620185299,0.9864871478686659,0.006716614123433828,0.2455233335494995,ddim,A recording of a happy country song.
801,39.414467806419026,0.9810487396763221,0.0073623089119791985,0.29586704075336456,ddim,A recording of a happy country song.
802,40.54654736022013,0.9874795566480223,0.006335485726594925,0.22923260182142258,ddim,A recording of a happy country song.
803,39.70914892776364,0.9847609604245285,0.006806203629821539,0.2511773109436035,ddim,A recording of a happy country song.
804,40.19204075778211,0.9870494580642813,0.0065609244629740715,0.19128266721963882,ddim,"A woman is singing a country song with a trumpet, bass and drums playing in the background."
805,38.27838180455036,0.983114233857375,0.008001185022294521,0.255089670419693,ddim,"A woman is singing a country song with a trumpet, bass and drums playing in the background."
806,39.296498758049886,0.9863571086172638,0.007287666201591492,0.2277131825685501,ddim,"A woman is singing a country song with a trumpet, bass and drums playing in the background."
807,37.754104251432416,0.9774552549238895,0.00846677366644144,0.4316727966070175,ddim,"A woman is singing a country song with a trumpet, bass and drums playing in the background."
808,39.27202443309567,0.9881048591898313,0.007191933691501617,0.18655580282211304,ddim,A recording of an old upbeat cool Arabic song.
809,42.67705121937116,0.9934983996162035,0.0048007662408053875,0.11603410542011261,ddim,A recording of an old upbeat cool Arabic song.
810,39.71514583486166,0.9876772091254047,0.006876293104141951,0.24854501336812973,ddim,A recording of an old upbeat cool Arabic song.
811,41.567748607412376,0.9883887153894767,0.005321070551872253,0.19993212819099426,ddim,A recording of an old upbeat cool Arabic song.
812,41.740869356275226,0.9882646559335702,0.0054719471372663975,0.18468284606933594,ddim,"A guitar playing a romantic country melody while a piano, bass and drums play in the background."
813,40.069987529157544,0.9855539712731292,0.006688258610665798,0.22676842659711838,ddim,"A guitar playing a romantic country melody while a piano, bass and drums play in the background."
814,40.18720045573023,0.9842251816422906,0.006596657447516918,0.32217004895210266,ddim,"A guitar playing a romantic country melody while a piano, bass and drums play in the background."
815,40.56492606093962,0.9865503220290953,0.006302734836935997,0.2707289159297943,ddim,"A guitar playing a romantic country melody while a piano, bass and drums play in the background."
816,35.57886878773814,0.9783602981440478,0.010172521695494652,0.19081086665391922,ddim,A high quality recording of a retro arcade soundtrack playing.
817,40.25802091612078,0.9841812873299338,0.0062863524071872234,0.2603672817349434,ddim,A high quality recording of a retro arcade soundtrack playing.
818,39.53366008079237,0.9822770842555525,0.006702722050249577,0.3232959806919098,ddim,A high quality recording of a retro arcade soundtrack playing.
819,30.85808966060575,0.9707885661440027,0.015664827078580856,0.32969824969768524,ddim,A high quality recording of a retro arcade soundtrack playing.
820,37.4827927590017,0.9895491578404195,0.009372235275804996,0.2096487060189247,ddim,Strings playing a scary death metal melody with trumpets and drums accompaniment in the background.
821,40.935702313311694,0.9858678337743143,0.006216251756995916,0.23249013721942902,ddim,Strings playing a scary death metal melody with trumpets and drums accompaniment in the background.
822,39.51340549735007,0.9867806370661895,0.00735419662669301,0.31346607208251953,ddim,Strings playing a scary death metal melody with trumpets and drums accompaniment in the background.
823,40.56198133486268,0.9794754211870185,0.006264814641326666,0.3812858313322067,ddim,Strings playing a scary death metal melody with trumpets and drums accompaniment in the background.
824,40.429336710065485,0.9853639765232091,0.00615245895460248,0.26617179811000824,ddim,"A punk song of a man singing while a guitar, bass and drums accompany him."
825,40.67883450681782,0.9842583763692582,0.006015106104314327,0.2890104055404663,ddim,"A punk song of a man singing while a guitar, bass and drums accompany him."
826,40.449512189731706,0.9860477450605875,0.006374912336468697,0.3187243789434433,ddim,"A punk song of a man singing while a guitar, bass and drums accompany him."
827,40.465014200623855,0.9815920972327106,0.00613386882469058,0.36278682947158813,ddim,"A punk song of a man singing while a guitar, bass and drums accompany him."
828,41.526174797924654,0.9909852289009052,0.005631694570183754,0.1371099129319191,ddim,A recording of a calm reggae song.
829,40.23197067174682,0.9914208721849931,0.006623812019824982,0.18654000759124756,ddim,A recording of a calm reggae song.
830,39.49411540432304,0.9882825475643341,0.00680931331589818,0.1727263405919075,ddim,A recording of a calm reggae song.
831,39.56970047637087,0.9827158573210242,0.006703083869069815,0.33461108803749084,ddim,A recording of a calm reggae song.
832,38.26180452230326,0.9834219273433786,0.007648746483027935,0.28062447905540466,ddim,A recording of an upbeat cool jazz song.
833,40.517107263307494,0.9855708929432342,0.006566287949681282,0.2331346943974495,ddim,A recording of an upbeat cool jazz song.
834,40.55896776175543,0.9858988071421044,0.0062318104319274426,0.23402947932481766,ddim,A recording of an upbeat cool jazz song.
835,38.49838272228915,0.976917882664894,0.008046524599194527,0.4670679420232773,ddim,A recording of an upbeat cool jazz song.
836,40.47248436212777,0.9928580264226401,0.0065692332573235035,0.1254878081381321,ddim,A recording of a happy upbeat classical music piece.
837,40.37176790893966,0.9892852427416786,0.006674529518932104,0.1968861147761345,ddim,A recording of a happy upbeat classical music piece.
838,40.00152978581149,0.9917355059835133,0.007152308244258165,0.1146739274263382,ddim,A recording of a happy upbeat classical music piece.
839,41.33651324042985,0.9878911915831846,0.005825582891702652,0.18171463906764984,ddim,A recording of a happy upbeat classical music piece.
840,41.881053685417356,0.9884496726528577,0.005175785627216101,0.25722911953926086,ddim,A high quality recording of strings playing.
841,42.09212397291009,0.9945679969309325,0.005537661258131266,0.08006119355559349,ddim,A high quality recording of strings playing.
842,41.8359540834913,0.9817106997059919,0.005200929474085569,0.28859663009643555,ddim,A high quality recording of strings playing.
843,41.546468944331146,0.991678513198499,0.0056276447139680386,0.15257032215595245,ddim,A high quality recording of strings playing.
844,36.948941725111084,0.9795194778691363,0.01006483193486929,0.24466246366500854,ddim,"A high quality recording of a woman singing, and a piano, bass and drums playing."
845,40.70649768430732,0.9914121098786391,0.006294709630310535,0.15959765017032623,ddim,"A high quality recording of a woman singing, and a piano, bass and drums playing."
846,40.13882977430298,0.9837915348188151,0.006620272994041443,0.3692195266485214,ddim,"A high quality recording of a woman singing, and a piano, bass and drums playing."
847,40.81401305236018,0.9888013129907833,0.005996612831950188,0.17678380012512207,ddim,"A high quality recording of a woman singing, and a piano, bass and drums playing."
848,40.3583968165652,0.9877588475062349,0.006292950361967087,0.2596946954727173,ddim,"A woman is singing while another woman, guitars, drums and bass are playing in the background."
849,40.60670239631114,0.9892521496172734,0.006220635492354631,0.18079882115125656,ddim,"A woman is singing while another woman, guitars, drums and bass are playing in the background."
850,40.04543756223079,0.9901359392583626,0.006534282583743334,0.16576994210481644,ddim,"A woman is singing while another woman, guitars, drums and bass are playing in the background."
851,36.32107665063917,0.9855520507151018,0.010286674834787846,0.24265778809785843,ddim,"A woman is singing while another woman, guitars, drums and bass are playing in the background."
852,40.781253620432814,0.9899112562833351,0.006007775664329529,0.2066434919834137,ddim,A reggae song of a woman singing while bass and drums accompany her.
853,39.37485654253607,0.9876964303546458,0.006939993239939213,0.2333071529865265,ddim,A reggae song of a woman singing while bass and drums accompany her.
854,40.416138552441126,0.9866491674666905,0.0062194629572331905,0.23360731452703476,ddim,A reggae song of a woman singing while bass and drums accompany her.
855,38.91299386406149,0.9877456074390132,0.007600131910294294,0.20255418121814728,ddim,A reggae song of a woman singing while bass and drums accompany her.
856,40.25765922745915,0.9895284624032121,0.006456749979406595,0.21747073531150818,ddim,A high quality recording of flutes and a saxophone playing.
857,41.031836776447015,0.9881307330273851,0.005821680184453726,0.25931625068187714,ddim,A high quality recording of flutes and a saxophone playing.
858,39.17444567778044,0.9883139716011067,0.006853548344224691,0.14193925634026527,ddim,A high quality recording of flutes and a saxophone playing.
859,36.49044472523575,0.9848282637041436,0.008744025602936745,0.18636351823806763,ddim,A high quality recording of flutes and a saxophone playing.
860,40.04522513815299,0.9883054578150191,0.006890876684337854,0.19299965351819992,ddim,A high quality recording of a woman singing while an orchestra play in the background.
861,40.39097999207755,0.9885049152616712,0.006463227327913046,0.18212705105543137,ddim,A high quality recording of a woman singing while an orchestra play in the background.
862,38.449655030769556,0.9782915597366224,0.007792480289936066,0.34552767872810364,ddim,A high quality recording of a woman singing while an orchestra play in the background.
863,40.46103291958338,0.9869442593950107,0.006377851590514183,0.2386082485318184,ddim,A high quality recording of a woman singing while an orchestra play in the background.
864,39.10736378197021,0.9906245249850081,0.007234842982143164,0.17496579885482788,ddim,"A woman vocalizing a slow cool jazz melody while an electric keyboard, bass and drums play in the background, later a saxophone preforms a solo as well."
865,38.648006326053704,0.9891377243419689,0.007747153751552105,0.23804529011249542,ddim,"A woman vocalizing a slow cool jazz melody while an electric keyboard, bass and drums play in the background, later a saxophone preforms a solo as well."
866,39.321891195721356,0.9814742706434436,0.006859354674816132,0.33376848697662354,ddim,"A woman vocalizing a slow cool jazz melody while an electric keyboard, bass and drums play in the background, later a saxophone preforms a solo as well."
867,39.45439681492859,0.9820308963498756,0.006982598919421434,0.33030056953430176,ddim,"A woman vocalizing a slow cool jazz melody while an electric keyboard, bass and drums play in the background, later a saxophone preforms a solo as well."
868,40.32553232191141,0.9849878174412058,0.005223874934017658,0.20778917893767357,ddim,"A high quality recording of a woman singing while a guitar, bass and drums accompany her."
869,40.96587662858962,0.9915274864146562,0.005940136034041643,0.1344633735716343,ddim,"A high quality recording of a woman singing while a guitar, bass and drums accompany her."
870,40.03222409462062,0.9895596976413497,0.006717406213283539,0.15733777731657028,ddim,"A high quality recording of a woman singing while a guitar, bass and drums accompany her."
871,41.62704370355483,0.99070415475224,0.0054518189281225204,0.1812470629811287,ddim,"A high quality recording of a woman singing while a guitar, bass and drums accompany her."
872,40.298238223778505,0.9857946390103359,0.006545242387801409,0.27866627275943756,ddim,Guitars playing alongside a trumpet a happy upbeat melody.
873,39.86945517076455,0.9867420510006719,0.0067216744646430016,0.234091117978096,ddim,Guitars playing alongside a trumpet a happy upbeat melody.
874,40.883431116543356,0.9900517045749649,0.006192651577293873,0.18034683912992477,ddim,Guitars playing alongside a trumpet a happy upbeat melody.
875,36.874714210957855,0.978620645108471,0.009429034776985645,0.2625403553247452,ddim,Guitars playing alongside a trumpet a happy upbeat melody.
876,39.81551474913129,0.9858693680024293,0.006767895072698593,0.22341668605804443,ddim,"A violin playing a slow cool jazz melody while an electric keyboard, bass and drums play in the background, later a saxophone preforms a solo as well."
877,40.20190541071854,0.9885395050577285,0.006556360516697168,0.19976147264242172,ddim,"A violin playing a slow cool jazz melody while an electric keyboard, bass and drums play in the background, later a saxophone preforms a solo as well."
878,38.168510527167896,0.9859280306322111,0.008098688907921314,0.22658629715442657,ddim,"A violin playing a slow cool jazz melody while an electric keyboard, bass and drums play in the background, later a saxophone preforms a solo as well."
879,39.867618527729846,0.9818193167564022,0.006715556140989065,0.2964400500059128,ddim,"A violin playing a slow cool jazz melody while an electric keyboard, bass and drums play in the background, later a saxophone preforms a solo as well."
880,40.52211382944699,0.9854781770176914,0.006247459910809994,0.3745890110731125,ddim,A recording of a calm rock song.
881,41.15685901368076,0.9896299563566887,0.005842453800141811,0.1861715018749237,ddim,A recording of a calm rock song.
882,41.24537076568215,0.9866253856601926,0.005606827791780233,0.2511829435825348,ddim,A recording of a calm rock song.
883,39.58472556955309,0.9776976284514926,0.006927036680281162,0.31805315613746643,ddim,A recording of a calm rock song.
884,40.71017175576476,0.9869299170291266,0.006345265544950962,0.22201821953058243,ddim,A recording of a happy calm country song.
885,41.50880923954062,0.991363805947556,0.0056916773319244385,0.20960310101509094,ddim,A recording of a happy calm country song.
886,41.84297787233347,0.9920951563932138,0.005457946099340916,0.18744004517793655,ddim,A recording of a happy calm country song.
887,40.188106178226576,0.9865519548607318,0.0065590436570346355,0.21949371695518494,ddim,A recording of a happy calm country song.
888,40.18667915007228,0.9890922849262868,0.0062356204725801945,0.19323191791772842,ddim,A high quality recording of a woman singing while bass and drums accompany her.
889,39.66630475067274,0.9861962227948462,0.006950482726097107,0.26761218905448914,ddim,A high quality recording of a woman singing while bass and drums accompany her.
890,40.76062560588322,0.9869135932369137,0.005997936706990004,0.1713726595044136,ddim,A high quality recording of a woman singing while bass and drums accompany her.
891,39.84424268298855,0.9823395322764619,0.006718988064676523,0.23701223731040955,ddim,A high quality recording of a woman singing while bass and drums accompany her.
892,40.72054465351896,0.9874950418514324,0.00602154154330492,0.24670320749282837,ddim,An electric guitar playing epic riffs while bass and drums are playing in the background.
893,39.56783165573285,0.9798441223939104,0.006797637790441513,0.26350638270378113,ddim,An electric guitar playing epic riffs while bass and drums are playing in the background.
894,40.011065916186936,0.9859127224607075,0.0064918105490505695,0.25251513719558716,ddim,An electric guitar playing epic riffs while bass and drums are playing in the background.
895,38.52993365869422,0.9853903342786325,0.00778801366686821,0.25767868012189865,ddim,An electric guitar playing epic riffs while bass and drums are playing in the background.
896,40.97717257821368,0.9896287210503752,0.0059308880008757114,0.17485930025577545,ddim,"strings, flutes, and harps playing an upbeat piece."
897,40.53302767593486,0.9875909582968957,0.006230301223695278,0.2976871579885483,ddim,"strings, flutes, and harps playing an upbeat piece."
898,40.191255344423446,0.986283508872087,0.006616292055696249,0.25654375553131104,ddim,"strings, flutes, and harps playing an upbeat piece."
899,39.301158823954914,0.9886342260315533,0.007241809740662575,0.185295008122921,ddim,"strings, flutes, and harps playing an upbeat piece."
900,38.96651755337242,0.9702859349990793,0.007688148412853479,0.29370643198490143,ddim,A recording of  calm jazz song.
901,39.57839551335954,0.9892172600963928,0.007344991900026798,0.16959282010793686,ddim,A recording of  calm jazz song.
902,40.49321995313313,0.9847303024322941,0.006425067316740751,0.3420179933309555,ddim,A recording of  calm jazz song.
903,39.35054891216949,0.9839249442539088,0.007366306148469448,0.2115660309791565,ddim,A recording of  calm jazz song.
904,40.69534762554508,0.9837371368720195,0.005921910051256418,0.3145667761564255,ddim,An upbeat song with electric guitars and drums playing.
905,33.198191126383044,0.9606543936069587,0.012805940583348274,0.6031087040901184,ddim,An upbeat song with electric guitars and drums playing.
906,39.30196768301187,0.9808332943370921,0.007107250392436981,0.22571037709712982,ddim,An upbeat song with electric guitars and drums playing.
907,40.56988706358531,0.9840913631541609,0.006006445270031691,0.25248076021671295,ddim,An upbeat song with electric guitars and drums playing.
908,40.94702801594082,0.9868089664513269,0.005666588433086872,0.28468507528305054,ddim,"A cool 80s rock song of a man singing while a guitar, bass and drums accompany him."
909,40.968914861937826,0.9857576271813233,0.005596510134637356,0.24604817479848862,ddim,"A cool 80s rock song of a man singing while a guitar, bass and drums accompany him."
910,40.99257271678926,0.9865942501914081,0.0058928485959768295,0.25469453632831573,ddim,"A cool 80s rock song of a man singing while a guitar, bass and drums accompany him."
911,41.20946547433376,0.9853151678294725,0.005751890130341053,0.32363882660865784,ddim,"A cool 80s rock song of a man singing while a guitar, bass and drums accompany him."
912,40.88210111704797,0.9831042222506964,0.005834902636706829,0.33012261986732483,ddim,"A country song of a woman singing while a guitar, bass and drums accompany her."
913,39.51244653842277,0.9868465052079091,0.006930248346179724,0.21385829150676727,ddim,"A country song of a woman singing while a guitar, bass and drums accompany her."
914,39.85685903021005,0.9827402187393771,0.006721205543726683,0.334571048617363,ddim,"A country song of a woman singing while a guitar, bass and drums accompany her."
915,41.23249574040729,0.9889710635538815,0.005766876507550478,0.1776462271809578,ddim,"A country song of a woman singing while a guitar, bass and drums accompany her."
916,39.48592644396771,0.9852072070735808,0.007120693568140268,0.2236476168036461,ddim,A recording of an old timey rock song from the seventies.
917,40.02977182575731,0.9862301407094405,0.006747597362846136,0.21992886066436768,ddim,A recording of an old timey rock song from the seventies.
918,40.598402443179815,0.9911345179827418,0.006684436462819576,0.14800412952899933,ddim,A recording of an old timey rock song from the seventies.
919,40.247592997136664,0.9864108638803203,0.006564437877386808,0.19774259626865387,ddim,A recording of an old timey rock song from the seventies.
920,40.31201292814622,0.9888703123943716,0.006299086380749941,0.1726757511496544,ddim,"A saxophone, guitar, bass and drums playing a cool happy song."
921,41.045729338518655,0.9862989051909354,0.005864171776920557,0.2589409202337265,ddim,"A saxophone, guitar, bass and drums playing a cool happy song."
922,40.8229250872252,0.9907679092153503,0.0060994974337518215,0.19525794684886932,ddim,"A saxophone, guitar, bass and drums playing a cool happy song."
923,40.53263110076047,0.9905390053385426,0.006412434857338667,0.16048277914524078,ddim,"A saxophone, guitar, bass and drums playing a cool happy song."
924,40.33796860821708,0.9807815421559856,0.006576944142580032,0.30152297019958496,ddim,A recording of a scary classical music score.
925,39.067540149570966,0.9747868105847316,0.007518203929066658,0.33411766588687897,ddim,A recording of a scary classical music score.
926,39.65493000259511,0.9880308806845784,0.007128383032977581,0.17805041372776031,ddim,A recording of a scary classical music score.
927,40.06176920734357,0.9841836569256873,0.007031637709587812,0.21937976777553558,ddim,A recording of a scary classical music score.
928,39.77351996986775,0.9795608628256455,0.006527170073240995,0.41914597153663635,ddim,"A man is singing in high pitched voice while a guitar, bass and drums are accompanying him in an angry metal song."
929,37.3558326214195,0.9750561887884777,0.008925633504986763,0.25315408408641815,ddim,"A man is singing in high pitched voice while a guitar, bass and drums are accompanying him in an angry metal song."
930,40.16124654902117,0.9745897542032137,0.006079299375414848,0.376870796084404,ddim,"A man is singing in high pitched voice while a guitar, bass and drums are accompanying him in an angry metal song."
931,40.208040437869755,0.9815007832275341,0.006231122650206089,0.3677671402692795,ddim,"A man is singing in high pitched voice while a guitar, bass and drums are accompanying him in an angry metal song."
932,39.41892115754272,0.985466854075547,0.007066565100103617,0.3424408435821533,ddim,A recording of Hindu instruments playing.
933,38.979012577566415,0.9681556126090388,0.006947861984372139,0.4147741496562958,ddim,A recording of Hindu instruments playing.
934,40.090933965637575,0.9903210934781894,0.006644352804869413,0.18653468787670135,ddim,A recording of Hindu instruments playing.
935,40.86877435831611,0.9852875684302921,0.006111715920269489,0.3001079857349396,ddim,A recording of Hindu instruments playing.
936,26.841931482001243,0.8837367217956372,0.0249710064381361,0.677073210477829,ddim,A recording of an old metal song.
937,39.40395227974492,0.9867280571840971,0.0069423518143594265,0.2861771583557129,ddim,A recording of an old metal song.
938,35.566470217674805,0.9760938872077098,0.010587869212031364,0.3230116069316864,ddim,A recording of an old metal song.
939,41.22072539169125,0.9875011833999884,0.005767039023339748,0.25239431858062744,ddim,A recording of an old metal song.
940,38.70451589628685,0.9823786767742274,0.007838779129087925,0.2848779410123825,ddim,A recording of an old country song.
941,39.97648087169092,0.9881654874709112,0.00668685045093298,0.1876394972205162,ddim,A recording of an old country song.
942,40.12872684680703,0.9887999699338108,0.0067804125137627125,0.20310427248477936,ddim,A recording of an old country song.
943,36.71160279352766,0.9752889984750257,0.009214526042342186,0.42130114138126373,ddim,A recording of an old country song.
944,40.41355030901176,0.984464340208186,0.006353131029754877,0.26445991545915604,ddim,A high quality recording of a rock band accompaniment.
945,41.9092685016975,0.9921705390304838,0.00527083408087492,0.15685810893774033,ddim,A high quality recording of a rock band accompaniment.
946,40.81815227708158,0.9873298143905648,0.006028289441019297,0.22333870083093643,ddim,A high quality recording of a rock band accompaniment.
947,41.75247046516943,0.9871231720891767,0.0053568570874631405,0.20777904242277145,ddim,A high quality recording of a rock band accompaniment.
948,35.82631505885095,0.9817652942586357,0.009698795154690742,0.28539490699768066,ddim,A high quality recording of violins and a trumpet playing.
949,36.65665817295133,0.9846464348294797,0.010126993060112,0.47808028757572174,ddim,A high quality recording of violins and a trumpet playing.
950,38.63296376738258,0.9884931215848307,0.006804000120609999,0.20338714122772217,ddim,A high quality recording of violins and a trumpet playing.
951,36.70789493801057,0.9809084234534252,0.009359042160212994,0.17907414585351944,ddim,A high quality recording of violins and a trumpet playing.
952,40.34086083215199,0.9910630001533189,0.006517529487609863,0.15612893551588058,ddim,A woman vocalizing playing alongside a trumpet a happy upbeat melody.
953,38.878465653069,0.9814580586560789,0.0077463737688958645,0.3142782300710678,ddim,A woman vocalizing playing alongside a trumpet a happy upbeat melody.
954,40.74249587270713,0.983021523928401,0.005911907181143761,0.23634571582078934,ddim,A woman vocalizing playing alongside a trumpet a happy upbeat melody.
955,40.68962936188821,0.9834629286737766,0.0059873429127037525,0.4397982209920883,ddim,A woman vocalizing playing alongside a trumpet a happy upbeat melody.
956,40.697359169956954,0.9865227982284357,0.0063172802329063416,0.20321643352508545,ddim,"A rock song with a guitar, piano, bass and drums playing."
957,40.20169482896194,0.9863007097426842,0.006634309887886047,0.2545052394270897,ddim,"A rock song with a guitar, piano, bass and drums playing."
958,40.01536905187125,0.9781674772177262,0.006341141182929277,0.42813944816589355,ddim,"A rock song with a guitar, piano, bass and drums playing."
959,40.40735121722343,0.9884536995001805,0.006440149620175362,0.2782677114009857,ddim,"A rock song with a guitar, piano, bass and drums playing."
960,40.08621790455468,0.9798367769368179,0.006361555773764849,0.3148992359638214,ddim,"A recording of a sneaky, quiet and dramatic metal song, that turns loud in the middle then turns quite again."
961,39.659100167732014,0.9858477343331294,0.00712584238499403,0.21879732608795166,ddim,"A recording of a sneaky, quiet and dramatic metal song, that turns loud in the middle then turns quite again."
962,41.495453285274934,0.9784374808660841,0.00555605860427022,0.316605344414711,ddim,"A recording of a sneaky, quiet and dramatic metal song, that turns loud in the middle then turns quite again."
963,38.01278057179266,0.9796066715547402,0.008082550950348377,0.4340555816888809,ddim,"A recording of a sneaky, quiet and dramatic metal song, that turns loud in the middle then turns quite again."
964,40.55914920332529,0.9872283599250897,0.006208732258528471,0.21158002316951752,ddim,A rock band playing alongside a trumpet a happy upbeat melody.
965,41.199423250709586,0.9890339530083916,0.005616414826363325,0.17002073675394058,ddim,A rock band playing alongside a trumpet a happy upbeat melody.
966,39.469664207211686,0.9887344522141938,0.007110770791769028,0.1837487444281578,ddim,A rock band playing alongside a trumpet a happy upbeat melody.
967,39.32883634932568,0.9842495382440252,0.007014889735728502,0.1813039556145668,ddim,A rock band playing alongside a trumpet a happy upbeat melody.
968,41.712430857581225,0.9905814063040352,0.005620279815047979,0.1438676416873932,ddim,A high quality recording of an epic piano hard rock solo with a rock band accompaniment.
969,40.53335074429525,0.9809222489162764,0.006148526445031166,0.27020350843667984,ddim,A high quality recording of an epic piano hard rock solo with a rock band accompaniment.
970,39.91865699114002,0.9783707478680485,0.006364358589053154,0.46529796719551086,ddim,A high quality recording of an epic piano hard rock solo with a rock band accompaniment.
971,40.37537757149067,0.9862420585654817,0.006330866366624832,0.24899090826511383,ddim,A high quality recording of an epic piano hard rock solo with a rock band accompaniment.
972,40.0468500890581,0.9880892432378208,0.006796991918236017,0.263582706451416,ddim,A recording of a cool calm arcade game soundtrack.
973,40.229939238935714,0.9824206031979186,0.006556044332683086,0.2921585887670517,ddim,A recording of a cool calm arcade game soundtrack.
974,35.540304322174606,0.9720121960425662,0.010236559435725212,0.3176822066307068,ddim,A recording of a cool calm arcade game soundtrack.
975,39.975199979480394,0.9927414590203215,0.00644189678132534,0.125641830265522,ddim,A recording of a cool calm arcade game soundtrack.
976,40.86670480693405,0.989217921469741,0.005849091336131096,0.20111261308193207,ddim,"a saxophone, trumpet, guitar, bass and drums playing."
977,30.073951329011336,0.9547208364216186,0.01534711942076683,0.4210825711488724,ddim,"a saxophone, trumpet, guitar, bass and drums playing."
978,35.295317308915116,0.9792350877421422,0.00982611533254385,0.2274347022175789,ddim,"a saxophone, trumpet, guitar, bass and drums playing."
979,37.71705578014179,0.9866649430876863,0.007631397806107998,0.2344060316681862,ddim,"a saxophone, trumpet, guitar, bass and drums playing."
980,40.45026605632341,0.9782550430355135,0.006170744076371193,0.38289986550807953,ddim,A recording of a cool mysterious rock song.
981,39.017025584831785,0.9837470829500966,0.007235208060592413,0.3136623203754425,ddim,A recording of a cool mysterious rock song.
982,40.7008466587432,0.985799074669158,0.006160936318337917,0.24097327888011932,ddim,A recording of a cool mysterious rock song.
983,38.72513148335577,0.9825875049782891,0.007867206819355488,0.29700881242752075,ddim,A recording of a cool mysterious rock song.
984,38.358326049882926,0.9815494762911643,0.008023633621633053,0.2604154944419861,ddim,A recording of calm happy jazz music.
985,40.21116309336878,0.9884826820726335,0.006587921176105738,0.2618579566478729,ddim,A recording of calm happy jazz music.
986,39.27375971673113,0.9831253711015318,0.007165408227592707,0.28306640684604645,ddim,A recording of calm happy jazz music.
987,39.131515184652564,0.9785172277368477,0.007469869218766689,0.42760926485061646,ddim,A recording of calm happy jazz music.
988,40.33983753144554,0.9844588052701645,0.006778447423130274,0.2582111358642578,ddim,An orchestra playing classical music. You can hear flutes and a piano.
989,40.63020679679039,0.985378627288822,0.006366751156747341,0.20855838060379028,ddim,An orchestra playing classical music. You can hear flutes and a piano.
990,40.162826897234645,0.9856945932040557,0.006775164511054754,0.26819872111082077,ddim,An orchestra playing classical music. You can hear flutes and a piano.
991,39.26099936638277,0.9866264468834673,0.007701725233346224,0.19978314638137817,ddim,An orchestra playing classical music. You can hear flutes and a piano.
992,33.57457487775831,0.9690449169799844,0.013967764563858509,0.42874252796173096,ddim,A high quality recording of flutes playing a wedding song.
993,41.76749157347778,0.9856775787585779,0.0054758270271122456,0.25372686237096786,ddim,A high quality recording of flutes playing a wedding song.
994,36.7037861953009,0.9882994722733789,0.008940319530665874,0.15206228941679,ddim,A high quality recording of flutes playing a wedding song.
995,37.662942465341835,0.9812720207248061,0.008219498209655285,0.24883483350276947,ddim,A high quality recording of flutes playing a wedding song.
996,40.445843254546276,0.9860562626583186,0.0063279601745307446,0.26344508677721024,ddim,A high quality recording of a piano and violins playing a happy and emotional  piece.
997,37.86523976908611,0.9873434507446658,0.008526857942342758,0.20907334983348846,ddim,A high quality recording of a piano and violins playing a happy and emotional  piece.
998,39.94117615631809,0.9856564126633205,0.006998130120337009,0.20809250324964523,ddim,A high quality recording of a piano and violins playing a happy and emotional  piece.
999,39.66708584113875,0.9873192846645966,0.007128972560167313,0.1844470500946045,ddim,A high quality recording of a piano and violins playing a happy and emotional  piece.
1000,39.61580123427946,0.9892363903968331,0.007025819271802902,0.2339436337351799,ddim,"A saxophone playing a quiet jazz melody, with an accompaniment of bass and drums."
1001,40.49659076904409,0.9884455132244815,0.0064077312126755714,0.16519923508167267,ddim,"A saxophone playing a quiet jazz melody, with an accompaniment of bass and drums."
1002,40.5540302059745,0.9888793005094662,0.0064928182400763035,0.2120838612318039,ddim,"A saxophone playing a quiet jazz melody, with an accompaniment of bass and drums."
1003,39.636082520583,0.9865055279898598,0.0067792353220283985,0.2276475429534912,ddim,"A saxophone playing a quiet jazz melody, with an accompaniment of bass and drums."
1004,40.181564938368396,0.9886978203342843,0.0065359920263290405,0.22525480389595032,ddim,"Chinese flutes, Chinese wind instruments and Chinese strings playing a dramatic Chinese music piece."
1005,39.846256392250645,0.9840124669187884,0.006716184318065643,0.2820708602666855,ddim,"Chinese flutes, Chinese wind instruments and Chinese strings playing a dramatic Chinese music piece."
1006,39.48437479435542,0.9799188736008411,0.007217498496174812,0.3772604465484619,ddim,"Chinese flutes, Chinese wind instruments and Chinese strings playing a dramatic Chinese music piece."
1007,40.15100822016826,0.9883922656305889,0.00680733285844326,0.22726624459028244,ddim,"Chinese flutes, Chinese wind instruments and Chinese strings playing a dramatic Chinese music piece."
1008,41.10514113730548,0.9890323228482841,0.005953235551714897,0.19891560822725296,ddim,"A high quality recording of guitars, flutes and drums playing."
1009,39.57951328951668,0.9856575049081997,0.007036128081381321,0.22534582763910294,ddim,"A high quality recording of guitars, flutes and drums playing."
1010,40.94325366480382,0.9891759387008923,0.006124840583652258,0.19591320306062698,ddim,"A high quality recording of guitars, flutes and drums playing."
1011,39.68366970456105,0.9856030280317922,0.006930340081453323,0.2673289477825165,ddim,"A high quality recording of guitars, flutes and drums playing."
1012,39.153345551812905,0.9808543450745394,0.007695412263274193,0.30692872405052185,ddim,A string section playing a happy calm song.
1013,39.33937502292504,0.9831565293705906,0.006947665475308895,0.2869745194911957,ddim,A string section playing a happy calm song.
1014,38.69515634677904,0.9816795737010154,0.008013646118342876,0.28079745918512344,ddim,A string section playing a happy calm song.
1015,39.70561324546077,0.985491338001,0.007161565124988556,0.17246288061141968,ddim,A string section playing a happy calm song.
1016,39.093324263244156,0.9802218298694857,0.007164454087615013,0.3347710818052292,ddim,A high quality recording of a man singing while and orchestra accompany him.
1017,39.27125286640995,0.9847537649991505,0.006923491135239601,0.217879518866539,ddim,A high quality recording of a man singing while and orchestra accompany him.
1018,39.89010136196332,0.984291597369286,0.006628694478422403,0.2705370709300041,ddim,A high quality recording of a man singing while and orchestra accompany him.
1019,40.28615281073102,0.9825516312710344,0.006371262948960066,0.27152763307094574,ddim,A high quality recording of a man singing while and orchestra accompany him.
1020,39.81032583330541,0.9823010107915513,0.006811606697738171,0.32456977665424347,ddim,"A guitar playing a quiet harsh techno melody while an electric keyboard, bass and drums play in the background."
1021,41.098338969764484,0.992444913180192,0.005423832684755325,0.11878854781389236,ddim,"A guitar playing a quiet harsh techno melody while an electric keyboard, bass and drums play in the background."
1022,37.161094189939675,0.986549220841805,0.009359353221952915,0.1647905930876732,ddim,"A guitar playing a quiet harsh techno melody while an electric keyboard, bass and drums play in the background."
1023,40.747202763591375,0.9907004840946582,0.00619977992027998,0.15660195797681808,ddim,"A guitar playing a quiet harsh techno melody while an electric keyboard, bass and drums play in the background."
0,43.343673962991346,0.9905231757781771,0.004258408211171627,0.1253867745399475,ddim_lora,A high quality recording of an epic violin solo with an orchestra accompaniment.
1,44.30278274726811,0.9959661793260621,0.00398007920011878,0.086777713149786,ddim_lora,A high quality recording of an epic violin solo with an orchestra accompaniment.
2,44.54490952656954,0.9950641632344306,0.003941718954592943,0.12307889387011528,ddim_lora,A high quality recording of an epic violin solo with an orchestra accompaniment.
3,39.25590326371023,0.9932550469470192,0.006361848209053278,0.15846270322799683,ddim_lora,A high quality recording of an epic violin solo with an orchestra accompaniment.
4,43.680766161185105,0.9937290740112561,0.0041516912169754505,0.1187831461429596,ddim_lora,A recording of a happy upbeat song in an orchestral style.
5,32.61099258771137,0.9402470603211592,0.01630268432199955,1.331076979637146,ddim_lora,A recording of a happy upbeat song in an orchestral style.
6,43.17410311150657,0.9928035007459509,0.004473177716135979,0.11493293195962906,ddim_lora,A recording of a happy upbeat song in an orchestral style.
7,44.076106157620316,0.9951534809781745,0.003992695827037096,0.08748668059706688,ddim_lora,A recording of a happy upbeat song in an orchestral style.
8,43.929717906934584,0.9951378858608625,0.004146046936511993,0.09946543350815773,ddim_lora,Strings playing a scary classical music melody with flutes and drums accompaniment in the background.
9,42.979380654668404,0.9948995742770501,0.004761992488056421,0.07986913248896599,ddim_lora,Strings playing a scary classical music melody with flutes and drums accompaniment in the background.
10,43.110483155986984,0.9924882688718715,0.004547811578959227,0.1213630735874176,ddim_lora,Strings playing a scary classical music melody with flutes and drums accompaniment in the background.
11,42.50630541946947,0.9944373700540968,0.004898443352431059,0.14537395536899567,ddim_lora,Strings playing a scary classical music melody with flutes and drums accompaniment in the background.
12,42.94988745742059,0.9925943628674107,0.004514261614531279,0.10724230110645294,ddim_lora,A recording of an upbeat Arabic song.
13,43.57578694485924,0.9942684535546407,0.004244528710842133,0.11929202079772949,ddim_lora,A recording of an upbeat Arabic song.
14,44.886820235111784,0.9954558769342141,0.0035973305348306894,0.10776877403259277,ddim_lora,A recording of an upbeat Arabic song.
15,44.12483789824654,0.9970693625974911,0.003926344681531191,0.05050162225961685,ddim_lora,A recording of an upbeat Arabic song.
16,45.02803358109521,0.9960376293093399,0.003638706635683775,0.07201891019940376,ddim_lora,"A banjo playing a funky country melody, with an accompaniment of a violin, bass and drums."
17,44.4610515223059,0.9953456120637705,0.0037711416371166706,0.07801664620637894,ddim_lora,"A banjo playing a funky country melody, with an accompaniment of a violin, bass and drums."
18,43.65164737751974,0.9943741268423592,0.00411736685782671,0.10462986677885056,ddim_lora,"A banjo playing a funky country melody, with an accompaniment of a violin, bass and drums."
19,45.333342234903775,0.9958425833829497,0.0033304777462035418,0.06173965334892273,ddim_lora,"A banjo playing a funky country melody, with an accompaniment of a violin, bass and drums."
20,46.23668109847823,0.9955549338229727,0.0030508346389979124,0.08853328973054886,ddim_lora,A recording of a quiet metal song.
21,42.26916998665189,0.9922336155424457,0.004727094434201717,0.12306700646877289,ddim_lora,A recording of a quiet metal song.
22,39.10449893828343,0.9730511106005345,0.005077708978205919,0.37410928308963776,ddim_lora,A recording of a quiet metal song.
23,46.451063859177815,0.9925267951320519,0.0030097984708845615,0.14199908822774887,ddim_lora,A recording of a quiet metal song.
24,42.44479905347131,0.9935907163221354,0.0048080631531775,0.1293298341333866,ddim_lora,A string section playing classical music.
25,44.981893902487215,0.9959886681861689,0.0038242803420871496,0.07439056038856506,ddim_lora,A string section playing classical music.
26,44.9967763207746,0.9965354628662527,0.00353805860504508,0.06539566814899445,ddim_lora,A string section playing classical music.
27,40.85176697403942,0.9926583625625577,0.00558105856180191,0.17973430454730988,ddim_lora,A string section playing classical music.
28,44.762465128529534,0.9962644981719133,0.0035490645095705986,0.06470617279410362,ddim_lora,"A recording of a sneaky, quiet and scary techno song, that turns loud in the middle then turns quite again."
29,42.61651769098607,0.9956669547683612,0.004579801578074694,0.09744526073336601,ddim_lora,"A recording of a sneaky, quiet and scary techno song, that turns loud in the middle then turns quite again."
30,45.85398262527374,0.9966955549742929,0.0032363750506192446,0.05972599610686302,ddim_lora,"A recording of a sneaky, quiet and scary techno song, that turns loud in the middle then turns quite again."
31,45.755208211552365,0.9942553614683391,0.0031437603756785393,0.11869443953037262,ddim_lora,"A recording of a sneaky, quiet and scary techno song, that turns loud in the middle then turns quite again."
32,44.15899361322592,0.9936529038462807,0.0038311327807605267,0.10906825214624405,ddim_lora,A recording of a happy upbeat rock song.
33,44.803913695281814,0.997121333904482,0.003715261584147811,0.04400237649679184,ddim_lora,A recording of a happy upbeat rock song.
34,44.96932138303529,0.9956551062873582,0.003577631898224354,0.08934495970606804,ddim_lora,A recording of a happy upbeat rock song.
35,45.76772130882312,0.9956305266064011,0.0032070328015834093,0.07270334288477898,ddim_lora,A recording of a happy upbeat rock song.
36,44.994564713455546,0.9931157449762904,0.003619222901761532,0.10296231135725975,ddim_lora,"A woman is singing a country song with a guitar, bass and drums playing in the background."
37,43.274494419047194,0.9930467420610888,0.004346100147813559,0.10825725644826889,ddim_lora,"A woman is singing a country song with a guitar, bass and drums playing in the background."
38,44.34246581174578,0.9939274931392881,0.003820902667939663,0.11558840423822403,ddim_lora,"A woman is singing a country song with a guitar, bass and drums playing in the background."
39,43.81816402178552,0.9945897947585763,0.00384336244314909,0.07273359596729279,ddim_lora,"A woman is singing a country song with a guitar, bass and drums playing in the background."
40,44.979587040646024,0.9965242603834396,0.003631236031651497,0.06559893488883972,ddim_lora,A high quality recording of a violin playing a melody while another violin and drums are playing in the background.
41,45.960162952774574,0.9961437078384509,0.0033598144073039293,0.051127782091498375,ddim_lora,A high quality recording of a violin playing a melody while another violin and drums are playing in the background.
42,38.35788136095591,0.989592049837774,0.007862797006964684,0.30199746787548065,ddim_lora,A high quality recording of a violin playing a melody while another violin and drums are playing in the background.
43,44.84412730335386,0.9952910124765452,0.0036258301697671413,0.10369575396180153,ddim_lora,A high quality recording of a violin playing a melody while another violin and drums are playing in the background.
44,43.13984462341581,0.9909747625181088,0.004176969174295664,0.14483128488063812,ddim_lora,"A woman is singing while a guitar, bass and drums playing in the background."
45,43.9224346596464,0.9928964112291949,0.004123104270547628,0.10500473529100418,ddim_lora,"A woman is singing while a guitar, bass and drums playing in the background."
46,40.48573067548784,0.9875900425837046,0.005662976298481226,0.18265818804502487,ddim_lora,"A woman is singing while a guitar, bass and drums playing in the background."
47,41.998536959185344,0.9922510952232437,0.004966319538652897,0.11396413296461105,ddim_lora,"A woman is singing while a guitar, bass and drums playing in the background."
48,44.10916023613521,0.9939771759191757,0.003986448980867863,0.1796141117811203,ddim_lora,"A country song with a guitar, piano, bass and drums playing."
49,45.21376342297831,0.9963343880125393,0.003652081359177828,0.07282309979200363,ddim_lora,"A country song with a guitar, piano, bass and drums playing."
50,46.350992675006765,0.9970192925810455,0.003121963469311595,0.05256384052336216,ddim_lora,"A country song with a guitar, piano, bass and drums playing."
51,45.12202970624533,0.9949649841270045,0.003407267387956381,0.13412249833345413,ddim_lora,"A country song with a guitar, piano, bass and drums playing."
52,44.85207578528609,0.9953987512938332,0.003581665689125657,0.11854390799999237,ddim_lora,A recording of a happy upbeat blues song.
53,44.74968409545382,0.9950384317422727,0.0036209961399435997,0.11801334470510483,ddim_lora,A recording of a happy upbeat blues song.
54,46.16503728281864,0.9972335403633015,0.0031860938761383295,0.04686819575726986,ddim_lora,A recording of a happy upbeat blues song.
55,44.456327687104995,0.9952042663370888,0.0038462411612272263,0.07767118886113167,ddim_lora,A recording of a happy upbeat blues song.
56,40.63361989233036,0.988994649057965,0.005917859263718128,0.14748737961053848,ddim_lora,"A harp playing alongside a piano, bass and drums in an upbeat old-timey cool classical song."
57,44.240693533497065,0.9952438678135465,0.003948836121708155,0.07102568447589874,ddim_lora,"A harp playing alongside a piano, bass and drums in an upbeat old-timey cool classical song."
58,40.76121016762613,0.9926945882954374,0.005619099363684654,0.08641962707042694,ddim_lora,"A harp playing alongside a piano, bass and drums in an upbeat old-timey cool classical song."
59,45.170719921549804,0.9971496492865315,0.003602538025006652,0.041294198483228683,ddim_lora,"A harp playing alongside a piano, bass and drums in an upbeat old-timey cool classical song."
60,42.65480222669961,0.9911291896379166,0.004448008723556995,0.13333087414503098,ddim_lora,A recording of angry metal music.
61,43.78360873976099,0.9911845417622726,0.0041539231315255165,0.12595973908901215,ddim_lora,A recording of angry metal music.
62,44.423499990669896,0.9940283179801513,0.003950213547796011,0.1138032115995884,ddim_lora,A recording of angry metal music.
63,44.39643084720679,0.9927680513509126,0.0036228415556252003,0.10273848101496696,ddim_lora,A recording of angry metal music.
64,44.59819312377158,0.9951303636552533,0.003868287894874811,0.07823038846254349,ddim_lora,A country song of a woman singing while bass and drums accompany her.
65,43.857975431374705,0.9963828875057944,0.004068931099027395,0.10336913913488388,ddim_lora,A country song of a woman singing while bass and drums accompany her.
66,45.300810963715314,0.9929312226048282,0.003345956327393651,0.12098109722137451,ddim_lora,A country song of a woman singing while bass and drums accompany her.
67,43.199268872563266,0.9883333212921638,0.004276670515537262,0.2238866090774536,ddim_lora,A country song of a woman singing while bass and drums accompany her.
68,42.97112396649359,0.9925835871086528,0.004186858423054218,0.12347446382045746,ddim_lora,"A violin playing while a guitar, bass and drums playing in the background a calm country song."
69,44.014452089748,0.9938013971997559,0.003966623451560736,0.11395079642534256,ddim_lora,"A violin playing while a guitar, bass and drums playing in the background a calm country song."
70,37.75929249397278,0.9879574048049575,0.007945424877107143,0.22714514285326004,ddim_lora,"A violin playing while a guitar, bass and drums playing in the background a calm country song."
71,45.39481537109366,0.9953464797549931,0.0033774184994399548,0.11593380942940712,ddim_lora,"A violin playing while a guitar, bass and drums playing in the background a calm country song."
72,45.049257579398436,0.9933190139484609,0.0034128788392990828,0.13206874579191208,ddim_lora,A recording of an upbeat angry punk song.
73,43.56592395576416,0.9931281746888071,0.003805900225415826,0.13380765914916992,ddim_lora,A recording of an upbeat angry punk song.
74,44.193236498229524,0.9942013866225458,0.003829807275906205,0.14392396807670593,ddim_lora,A recording of an upbeat angry punk song.
75,42.561618276631314,0.9883875930256046,0.004382522311061621,0.13674310967326164,ddim_lora,A recording of an upbeat angry punk song.
76,39.96434044440536,0.9895297166492438,0.006056836806237698,0.2060266062617302,ddim_lora,"A kid is singing while a piano, bass and drums are accompanying him in a happy upbeat rock song."
77,44.796000713719266,0.9938087966632837,0.0034941290505230427,0.14715296030044556,ddim_lora,"A kid is singing while a piano, bass and drums are accompanying him in a happy upbeat rock song."
78,43.10179627348986,0.9958375787883034,0.004459461197257042,0.0789906270802021,ddim_lora,"A kid is singing while a piano, bass and drums are accompanying him in a happy upbeat rock song."
79,43.5425328175453,0.9942714781126779,0.004050636664032936,0.10540633276104927,ddim_lora,"A kid is singing while a piano, bass and drums are accompanying him in a happy upbeat rock song."
80,44.58358228412188,0.9949787173419309,0.003638039343059063,0.06854844838380814,ddim_lora,A strings section playing techno music.
81,45.097673720410384,0.9940125105473875,0.003457847982645035,0.08483297377824783,ddim_lora,A strings section playing techno music.
82,42.66771953776473,0.9912522459170535,0.004123142920434475,0.21192710101604462,ddim_lora,A strings section playing techno music.
83,43.97287242138798,0.9953865959016543,0.003976466599851847,0.10778721421957016,ddim_lora,A strings section playing techno music.
84,44.8743225772522,0.9954108687490906,0.003574284026399255,0.11223860457539558,ddim_lora,"A metal song of a man singing while a guitar, bass and drums accompany him."
85,42.42418309746213,0.9955007926051676,0.004910806659609079,0.0671469084918499,ddim_lora,"A metal song of a man singing while a guitar, bass and drums accompany him."
86,44.8579986251353,0.9943941386666727,0.0033787947613745928,0.08641307055950165,ddim_lora,"A metal song of a man singing while a guitar, bass and drums accompany him."
87,45.216661060440515,0.9956628581385641,0.003644393989816308,0.08310123905539513,ddim_lora,"A metal song of a man singing while a guitar, bass and drums accompany him."
88,43.86054822922539,0.9934491108288471,0.003973097540438175,0.11167604476213455,ddim_lora,A recording of an old rock song from the nineties.
89,41.85082109107558,0.9905107635027067,0.005337134934961796,0.19614987075328827,ddim_lora,A recording of an old rock song from the nineties.
90,43.499338670918746,0.9953324530813352,0.004223234485834837,0.07437408342957497,ddim_lora,A recording of an old rock song from the nineties.
91,44.97574917568872,0.9962834938238657,0.003569527994841337,0.0719219408929348,ddim_lora,A recording of an old rock song from the nineties.
92,40.93835540649995,0.9918147062729677,0.005277781747281551,0.14999568834900856,ddim_lora,A recording of a slow and cool jazz song.
93,42.11883452162244,0.9933034744572428,0.004926382098346949,0.1801576465368271,ddim_lora,A recording of a slow and cool jazz song.
94,43.054797517525245,0.993132727257528,0.004418633412569761,0.11428383737802505,ddim_lora,A recording of a slow and cool jazz song.
95,43.332689323167266,0.9917561899409117,0.004255910404026508,0.12243252992630005,ddim_lora,A recording of a slow and cool jazz song.
96,42.96885672743489,0.9916995954890327,0.003913935739547014,0.11916319280862808,ddim_lora,"A high quality recording of strings, drums and flutes playing."
97,44.12503495405307,0.9951377663288514,0.003946032840758562,0.10810409113764763,ddim_lora,"A high quality recording of strings, drums and flutes playing."
98,42.50865358655109,0.9935161114124262,0.004983858205378056,0.11786655709147453,ddim_lora,"A high quality recording of strings, drums and flutes playing."
99,44.3673601574918,0.9961573096875721,0.0038352846167981625,0.07492410764098167,ddim_lora,"A high quality recording of strings, drums and flutes playing."
100,44.71231579243523,0.9955841529835687,0.003638248657807708,0.07591061294078827,ddim_lora,A recording of a slow cool hip hop song.
101,45.27579183079244,0.9966629433844086,0.0033424203284084797,0.07501409947872162,ddim_lora,A recording of a slow cool hip hop song.
102,43.944953220767985,0.9956973108969858,0.003907452337443829,0.09275297448039055,ddim_lora,A recording of a slow cool hip hop song.
103,35.881715858830944,0.9725866451933095,0.010448035784065723,0.3439602255821228,ddim_lora,A recording of a slow cool hip hop song.
104,41.98644101065228,0.9891915198393204,0.004793090745806694,0.2933884784579277,ddim_lora,"Chinese strings, flutes, and harps playing an upbeat piece."
105,43.68464263028754,0.9945127192634701,0.00400242954492569,0.11053869873285294,ddim_lora,"Chinese strings, flutes, and harps playing an upbeat piece."
106,43.712361354853506,0.9918991840513809,0.004058465361595154,0.10807070881128311,ddim_lora,"Chinese strings, flutes, and harps playing an upbeat piece."
107,45.0415472097336,0.9967798262008584,0.0038138467352837324,0.06778194382786751,ddim_lora,"Chinese strings, flutes, and harps playing an upbeat piece."
108,45.0591009325731,0.9961492849612155,0.0036987715866416693,0.07875033095479012,ddim_lora,A recording of a calm and cool jazz song.
109,43.52325940953505,0.9941172533503466,0.004131171852350235,0.10908269509673119,ddim_lora,A recording of a calm and cool jazz song.
110,45.14026514167075,0.9945495260987749,0.0034568412229418755,0.09086965397000313,ddim_lora,A recording of a calm and cool jazz song.
111,44.87061279279655,0.9950756369207979,0.0035204857122153044,0.09048441797494888,ddim_lora,A recording of a calm and cool jazz song.
112,43.94209749837319,0.9938387410930601,0.0038277963176369667,0.1122383289039135,ddim_lora,A recording of a funky jazz song.
113,44.435590063911135,0.994927680205784,0.0036937743425369263,0.09802598506212234,ddim_lora,A recording of a funky jazz song.
114,45.2230068348905,0.9954582263467631,0.003514958079904318,0.08340080454945564,ddim_lora,A recording of a funky jazz song.
115,45.09379684989314,0.9940008083227616,0.00350431096740067,0.11459629982709885,ddim_lora,A recording of a funky jazz song.
116,44.8426947564553,0.995802984981423,0.003687589894980192,0.08528530597686768,ddim_lora,A recording of a classical music piece.
117,39.30162968299485,0.9899313438836663,0.006847877986729145,0.215913325548172,ddim_lora,A recording of a classical music piece.
118,43.17449588386489,0.9941611119591158,0.004302044864743948,0.09855841845273972,ddim_lora,A recording of a classical music piece.
119,41.78713581056655,0.9893529481602421,0.0045338706113398075,0.2235679067671299,ddim_lora,A recording of a classical music piece.
120,43.440458028736984,0.9949240922960129,0.003956850152462721,0.11671960726380348,ddim_lora,A high quality recording of an electric guitar playing a cool metal solo with accompaniment.
121,41.38547993963435,0.993066991130082,0.005237147677689791,0.1301378421485424,ddim_lora,A high quality recording of an electric guitar playing a cool metal solo with accompaniment.
122,39.32562511991399,0.9748333001049242,0.005831211339682341,0.39410439133644104,ddim_lora,A high quality recording of an electric guitar playing a cool metal solo with accompaniment.
123,44.12825916507441,0.9952475872393901,0.003924884833395481,0.14926784485578537,ddim_lora,A high quality recording of an electric guitar playing a cool metal solo with accompaniment.
124,43.048069057919164,0.9937472860727055,0.0043805669993162155,0.16495338082313538,ddim_lora,A recording of a happy calm Chinese song.
125,43.555977250162144,0.9954302163096814,0.004364184103906155,0.1002248227596283,ddim_lora,A recording of a happy calm Chinese song.
126,44.231623292165374,0.9925371494013978,0.003901534713804722,0.1361769288778305,ddim_lora,A recording of a happy calm Chinese song.
127,43.97752016528409,0.9945472345138854,0.004217866342514753,0.11420370265841484,ddim_lora,A recording of a happy calm Chinese song.
128,46.04780976247305,0.9956263147892312,0.0030184094794094563,0.06831789016723633,ddim_lora,A recording of a funky arcade game soundtrack.
129,39.69749974044075,0.9894616161904389,0.0063605536706745625,0.16069142520427704,ddim_lora,A recording of a funky arcade game soundtrack.
130,39.21677090552327,0.984377815858579,0.006677605677396059,0.20028788596391678,ddim_lora,A recording of a funky arcade game soundtrack.
131,40.49079070122065,0.986749170415555,0.005926068872213364,0.18313924223184586,ddim_lora,A recording of a funky arcade game soundtrack.
132,44.65317738615517,0.9943395481731342,0.0035691813100129366,0.10318553447723389,ddim_lora,A recording of a calm arcade game soundtrack.
133,43.3946493955243,0.9944157316902076,0.0041851201094686985,0.12363645434379578,ddim_lora,A recording of a calm arcade game soundtrack.
134,42.2037824195107,0.9965468938762309,0.004951973911374807,0.06907673180103302,ddim_lora,A recording of a calm arcade game soundtrack.
135,37.41820873120635,0.9904642731595744,0.00816374272108078,0.18118806183338165,ddim_lora,A recording of a calm arcade game soundtrack.
136,43.806675547617075,0.99170011996997,0.004253738094121218,0.1420104242861271,ddim_lora,"A jazz song with 2 trumpets, piano, bass and drums playing."
137,40.08281869228385,0.9896654747092443,0.005929602775722742,0.4552280157804489,ddim_lora,"A jazz song with 2 trumpets, piano, bass and drums playing."
138,43.67703227371531,0.9937903572601665,0.004187339451164007,0.08570941537618637,ddim_lora,"A jazz song with 2 trumpets, piano, bass and drums playing."
139,45.021102386860235,0.9972323911066431,0.003693785984069109,0.052384331822395325,ddim_lora,"A jazz song with 2 trumpets, piano, bass and drums playing."
140,43.38436339832577,0.9901149891404378,0.004241297021508217,0.1375642716884613,ddim_lora,"A recording of a sneaky, quiet and dramatic Chinese music piece, that turns loud in the middle then turns quite again."
141,44.25009004279393,0.9967761817845688,0.003983252681791782,0.05204378440976143,ddim_lora,"A recording of a sneaky, quiet and dramatic Chinese music piece, that turns loud in the middle then turns quite again."
142,44.20024053090864,0.9923812081509567,0.004110334906727076,0.13236255198717117,ddim_lora,"A recording of a sneaky, quiet and dramatic Chinese music piece, that turns loud in the middle then turns quite again."
143,44.22500553016488,0.9958514682387608,0.003955216612666845,0.07637438178062439,ddim_lora,"A recording of a sneaky, quiet and dramatic Chinese music piece, that turns loud in the middle then turns quite again."
144,44.911484204135704,0.9949816272955111,0.0037168555427342653,0.09472154080867767,ddim_lora,"A woman is singing while a guitar, bass and drums playing in the background a calm country song."
145,44.489762108065406,0.992253203404494,0.003804170759394765,0.13888586312532425,ddim_lora,"A woman is singing while a guitar, bass and drums playing in the background a calm country song."
146,46.118744018490545,0.9964564548164514,0.003170100273564458,0.05493471026420593,ddim_lora,"A woman is singing while a guitar, bass and drums playing in the background a calm country song."
147,44.07287296250553,0.9956782292236165,0.003855357877910137,0.0746050551533699,ddim_lora,"A woman is singing while a guitar, bass and drums playing in the background a calm country song."
148,44.284674371628874,0.9931143575864598,0.0037268511950969696,0.12265429273247719,ddim_lora,"A cool 70s rock song of a man singing while a guitar, bass and drums accompany him."
149,44.77627308895706,0.9931674078351442,0.003540090285241604,0.12618711218237877,ddim_lora,"A cool 70s rock song of a man singing while a guitar, bass and drums accompany him."
150,42.468203110395734,0.9902158720146956,0.004473789595067501,0.16076256334781647,ddim_lora,"A cool 70s rock song of a man singing while a guitar, bass and drums accompany him."
151,43.779087804272095,0.9941099726362304,0.003889140672981739,0.09402233362197876,ddim_lora,"A cool 70s rock song of a man singing while a guitar, bass and drums accompany him."
152,44.113047157650975,0.987473811684863,0.003851295681670308,0.24823372066020966,ddim_lora,"A high quality recording of a saxophone playing, and a guitar, bass and drums playing."
153,42.91673079382085,0.9939975448519779,0.0042653572745621204,0.24446389079093933,ddim_lora,"A high quality recording of a saxophone playing, and a guitar, bass and drums playing."
154,45.76470879155704,0.996311532986563,0.00321763614192605,0.07601587101817131,ddim_lora,"A high quality recording of a saxophone playing, and a guitar, bass and drums playing."
155,42.55412923845971,0.9945924896424783,0.00431307265534997,0.2234273999929428,ddim_lora,"A high quality recording of a saxophone playing, and a guitar, bass and drums playing."
156,42.21920253724947,0.9938554451228083,0.004836718086153269,0.13107814639806747,ddim_lora,A recording of a cool jazz song.
157,43.22427834301337,0.9937293856881209,0.0044086105190217495,0.1493687555193901,ddim_lora,A recording of a cool jazz song.
158,45.82315246920351,0.9964755881555165,0.003210433293133974,0.062389109283685684,ddim_lora,A recording of a cool jazz song.
159,43.394743826760205,0.9941012363432467,0.004242585506290197,0.09331458061933517,ddim_lora,A recording of a cool jazz song.
160,45.09050650630194,0.9948941015607431,0.0035240191500633955,0.10270928964018822,ddim_lora,A recording of an old rock song.
161,40.749117981086016,0.9893709325632272,0.005816807970404625,0.19183333963155746,ddim_lora,A recording of an old rock song.
162,44.53942245328519,0.9928088458652348,0.003753369441255927,0.13290495425462723,ddim_lora,A recording of an old rock song.
163,44.34735236417548,0.9943802589150049,0.0037550940178334713,0.10392813012003899,ddim_lora,A recording of an old rock song.
164,44.991745830652796,0.9944995558103334,0.0035594378132373095,0.07334192469716072,ddim_lora,A recording of a death metal song.
165,44.23359411684131,0.9947591937408,0.0037558870390057564,0.1089993454515934,ddim_lora,A recording of a death metal song.
166,43.70592241071836,0.9916929859115986,0.003892875276505947,0.14422067999839783,ddim_lora,A recording of a death metal song.
167,43.599240908221404,0.9922805322975012,0.004167755134403706,0.1721256896853447,ddim_lora,A recording of a death metal song.
168,45.90671320819412,0.9945022015195463,0.00315246288664639,0.1303154155611992,ddim_lora,A high quality recording of a rock band playing a happy song.
169,43.39734296773105,0.9924219765359305,0.003958777990192175,0.15179894119501114,ddim_lora,A high quality recording of a rock band playing a happy song.
170,43.26120464546693,0.9911104274497597,0.004219881724566221,0.12825607135891914,ddim_lora,A high quality recording of a rock band playing a happy song.
171,44.56611557820472,0.9929646829310893,0.0035614834632724524,0.15656034648418427,ddim_lora,A high quality recording of a rock band playing a happy song.
172,45.615426449288854,0.9969213527262116,0.003170123789459467,0.061719777062535286,ddim_lora,A recording of an old upbeat cool arcade game soundtrack.
173,44.00954648334121,0.997389391902207,0.003959988709539175,0.06528662703931332,ddim_lora,A recording of an old upbeat cool arcade game soundtrack.
174,42.35807481894797,0.9926406002977343,0.004516016226261854,0.1264055147767067,ddim_lora,A recording of an old upbeat cool arcade game soundtrack.
175,45.067372374274456,0.9972143214697572,0.0033942158333957195,0.044497912749648094,ddim_lora,A recording of an old upbeat cool arcade game soundtrack.
176,40.32835657494295,0.9927010174443212,0.005546770058572292,0.09934135526418686,ddim_lora,A recording of a happy upbeat song in a retro arcade game soundtrack style.
177,45.79368174979165,0.9954302774593554,0.00308693153783679,0.09087764844298363,ddim_lora,A recording of a happy upbeat song in a retro arcade game soundtrack style.
178,42.408065369054384,0.9937761562372246,0.004318873398005962,0.10435198619961739,ddim_lora,A recording of a happy upbeat song in a retro arcade game soundtrack style.
179,40.37912155779327,0.9928526999306903,0.005919024348258972,0.1518717035651207,ddim_lora,A recording of a happy upbeat song in a retro arcade game soundtrack style.
180,43.980076384231765,0.9943567590188513,0.0039301300421357155,0.11793798208236694,ddim_lora,"A high quality recording of a trumpet, saxophone, electric keyboard, bass and drums playing."
181,43.735797095520425,0.9926312168856078,0.0038191862404346466,0.14792278409004211,ddim_lora,"A high quality recording of a trumpet, saxophone, electric keyboard, bass and drums playing."
182,41.60103263278798,0.9918672958084671,0.0051245661452412605,0.17925472557544708,ddim_lora,"A high quality recording of a trumpet, saxophone, electric keyboard, bass and drums playing."
183,42.6406184892954,0.993848995444803,0.0045128315687179565,0.2059592753648758,ddim_lora,"A high quality recording of a trumpet, saxophone, electric keyboard, bass and drums playing."
184,41.04122848436617,0.9909101024530756,0.0051865242421627045,0.1091290321201086,ddim_lora,"A trumpet and a guitar playing a cool jazz melody, with an accompaniment of a piano, bass and drums."
185,45.12957084867851,0.9961357011068437,0.0036214569117873907,0.06538199819624424,ddim_lora,"A trumpet and a guitar playing a cool jazz melody, with an accompaniment of a piano, bass and drums."
186,41.745052558332496,0.992633740262192,0.004802040755748749,0.16656409204006195,ddim_lora,"A trumpet and a guitar playing a cool jazz melody, with an accompaniment of a piano, bass and drums."
187,44.381287708640514,0.9955038445894901,0.003862053621560335,0.08410129696130753,ddim_lora,"A trumpet and a guitar playing a cool jazz melody, with an accompaniment of a piano, bass and drums."
188,38.8864890072523,0.9912210236412269,0.006914687342941761,0.10397005826234818,ddim_lora,A recording of a Arabic song.
189,41.966375105426906,0.9939921777725043,0.005189769435673952,0.12061775475740433,ddim_lora,A recording of a Arabic song.
190,43.78865695380647,0.9962672916139541,0.004035914782434702,0.05191240832209587,ddim_lora,A recording of a Arabic song.
191,41.09906137163907,0.9909759009262821,0.005319719668477774,0.13901901990175247,ddim_lora,A recording of a Arabic song.
192,43.077572765693695,0.9911842090858186,0.004501778166741133,0.14274971187114716,ddim_lora,A high quality recording of an epic guitar country solo with a country band accompaniment.
193,44.64226992338132,0.9931000676900497,0.0038019451312720776,0.11396396532654762,ddim_lora,A high quality recording of an epic guitar country solo with a country band accompaniment.
194,44.095577177726256,0.9937390262396992,0.0040087089873850346,0.11739783361554146,ddim_lora,A high quality recording of an epic guitar country solo with a country band accompaniment.
195,44.99320242662375,0.9962798082948735,0.0036224026698619127,0.05078950710594654,ddim_lora,A high quality recording of an epic guitar country solo with a country band accompaniment.
196,45.06529179209156,0.9954561432742544,0.003430737182497978,0.09699288755655289,ddim_lora,"An electric guitar playing epic riffs while a piano, bass and drums are playing in the background."
197,42.822963549571924,0.9952857636059244,0.004653286188840866,0.12291219830513,ddim_lora,"An electric guitar playing epic riffs while a piano, bass and drums are playing in the background."
198,43.34129487874257,0.9940633955869065,0.0037962300702929497,0.09651647508144379,ddim_lora,"An electric guitar playing epic riffs while a piano, bass and drums are playing in the background."
199,43.803876644449645,0.9957891260906749,0.0033704773522913456,0.12373127788305283,ddim_lora,"An electric guitar playing epic riffs while a piano, bass and drums are playing in the background."
200,45.10863312566528,0.9923648468756497,0.0034984552767127752,0.2513747215270996,ddim_lora,A recording of an upbeat angry movie soundtrack.
201,43.623826806871016,0.9950749450532931,0.00392720103263855,0.0783386267721653,ddim_lora,A recording of an upbeat angry movie soundtrack.
202,44.31815799263279,0.9915123716219117,0.003364969277754426,0.169644795358181,ddim_lora,A recording of an upbeat angry movie soundtrack.
203,46.40391120333484,0.9970984165287111,0.00324641284532845,0.05960436537861824,ddim_lora,A recording of an upbeat angry movie soundtrack.
204,45.83456704306856,0.996759037212738,0.003053836291655898,0.05608367174863815,ddim_lora,A recording of a sneaky arcade game soundtrack.
205,37.697788448869474,0.9837601382058064,0.008311515673995018,0.31243494153022766,ddim_lora,A recording of a sneaky arcade game soundtrack.
206,45.92890383090926,0.9963350199123376,0.0030492625664919615,0.06719514727592468,ddim_lora,A recording of a sneaky arcade game soundtrack.
207,39.808839771655,0.9837115269863668,0.00592211214825511,0.34991880506277084,ddim_lora,A recording of a sneaky arcade game soundtrack.
208,44.26778366421084,0.994969511637409,0.00403810478746891,0.08824190124869347,ddim_lora,A recording of a romantic country song.
209,42.92975546181645,0.9923263365952264,0.004578670486807823,0.15340960025787354,ddim_lora,A recording of a romantic country song.
210,43.81183244429014,0.994194081253515,0.004199892282485962,0.10569919645786285,ddim_lora,A recording of a romantic country song.
211,42.998103748864324,0.9898419916107386,0.004528879653662443,0.13405082374811172,ddim_lora,A recording of a romantic country song.
212,45.41115972615084,0.9941984461919535,0.0033427004236727953,0.11167269945144653,ddim_lora,A high quality recording of a metal band playing a happy song.
213,44.297203616731096,0.9949335051322725,0.00359717826358974,0.0881107747554779,ddim_lora,A high quality recording of a metal band playing a happy song.
214,44.81757899154732,0.9927974170885903,0.003494305768981576,0.1471557691693306,ddim_lora,A high quality recording of a metal band playing a happy song.
215,45.50415488575963,0.9938675356822539,0.0033547000493854284,0.13945388421416283,ddim_lora,A high quality recording of a metal band playing a happy song.
216,44.516645002129245,0.9921788516012264,0.003736254060640931,0.07503092661499977,ddim_lora,A high quality recording of a trumpet playing a melody while another trumpet and drums are playing in the background.
217,43.37027137061138,0.9954452416641951,0.004320835694670677,0.07009341567754745,ddim_lora,A high quality recording of a trumpet playing a melody while another trumpet and drums are playing in the background.
218,44.70853852392493,0.9953297630170772,0.003835453651845455,0.08166847378015518,ddim_lora,A high quality recording of a trumpet playing a melody while another trumpet and drums are playing in the background.
219,40.591254381301226,0.9917244811596445,0.005479637533426285,0.4692664295434952,ddim_lora,A high quality recording of a trumpet playing a melody while another trumpet and drums are playing in the background.
220,43.083615728437124,0.989859580167687,0.004290704149752855,0.1964385323226452,ddim_lora,A recording of a slow cool metal song.
221,44.19108312770737,0.9923958314882673,0.0038397584576159716,0.13480458408594131,ddim_lora,A recording of a slow cool metal song.
222,43.600785004035814,0.9949907363136788,0.0042917365208268166,0.07746036723256111,ddim_lora,A recording of a slow cool metal song.
223,44.496006440439444,0.9942004788750292,0.0036655734293162823,0.12839733436703682,ddim_lora,A recording of a slow cool metal song.
224,42.102423142785156,0.991022697285038,0.0049439482390880585,0.14220651239156723,ddim_lora,"A jazz song with a guitar, trumpet, piano, bass and drums playing."
225,43.107385317950545,0.9941386391533954,0.004320557229220867,0.12998732551932335,ddim_lora,"A jazz song with a guitar, trumpet, piano, bass and drums playing."
226,42.435753727551116,0.994983205406691,0.004795003682374954,0.13121574372053146,ddim_lora,"A jazz song with a guitar, trumpet, piano, bass and drums playing."
227,42.84833763451743,0.9952503605032689,0.00462269876152277,0.08498023450374603,ddim_lora,"A jazz song with a guitar, trumpet, piano, bass and drums playing."
228,44.46516046007508,0.9914295688477762,0.0037372917868196964,0.19646566361188889,ddim_lora,"A metal song with an electric guitar, bass and drums playing."
229,44.99404885638985,0.9928812605306576,0.003541443729773164,0.14707447588443756,ddim_lora,"A metal song with an electric guitar, bass and drums playing."
230,44.41640469276523,0.9933340113371392,0.003630709834396839,0.10286947339773178,ddim_lora,"A metal song with an electric guitar, bass and drums playing."
231,44.959683356816356,0.9939193304373865,0.0034577473998069763,0.0877428948879242,ddim_lora,"A metal song with an electric guitar, bass and drums playing."
232,43.71670654968041,0.9927473689930026,0.004139632452279329,0.1264105699956417,ddim_lora,A cello playing a melody and then slowly a violin joins and more strings and they play a happy emotional song.
233,44.295898927,0.9951447518052339,0.004040750674903393,0.09277258068323135,ddim_lora,A cello playing a melody and then slowly a violin joins and more strings and they play a happy emotional song.
234,43.497699197845705,0.9920606704670896,0.004287521354854107,0.1573990285396576,ddim_lora,A cello playing a melody and then slowly a violin joins and more strings and they play a happy emotional song.
235,45.024229940190125,0.9968697839215146,0.0038170262705534697,0.05165709927678108,ddim_lora,A cello playing a melody and then slowly a violin joins and more strings and they play a happy emotional song.
236,44.85492285496647,0.9949791141330625,0.0036897058598697186,0.07878482714295387,ddim_lora,"A recording of a sneaky, quiet and dramatic arcade game soundtrack, that turns loud in the middle then turns quite again."
237,44.76806725570651,0.9957288626160001,0.0037769332993775606,0.10546640679240227,ddim_lora,"A recording of a sneaky, quiet and dramatic arcade game soundtrack, that turns loud in the middle then turns quite again."
238,38.913086575636704,0.9917748507309806,0.007512474432587624,0.27071355283260345,ddim_lora,"A recording of a sneaky, quiet and dramatic arcade game soundtrack, that turns loud in the middle then turns quite again."
239,45.56278821660786,0.9964870379897391,0.003220769576728344,0.04905574209988117,ddim_lora,"A recording of a sneaky, quiet and dramatic arcade game soundtrack, that turns loud in the middle then turns quite again."
240,42.92186339526896,0.9929936081604693,0.004630219656974077,0.18853529542684555,ddim_lora,A high quality recording of a cello and violins playing a happy and emotional piece.
241,34.900675753031635,0.9822793124420025,0.00968006532639265,0.3190402537584305,ddim_lora,A high quality recording of a cello and violins playing a happy and emotional piece.
242,42.15085820065805,0.9876047657256659,0.004884063731878996,0.19288833439350128,ddim_lora,A high quality recording of a cello and violins playing a happy and emotional piece.
243,43.64074260388145,0.9934143455600316,0.004088388755917549,0.13329342007637024,ddim_lora,A high quality recording of a cello and violins playing a happy and emotional piece.
244,43.04381212391971,0.9941371586301727,0.0044773658737540245,0.10867571085691452,ddim_lora,"A cool 60s jazz song of a saxophone playing while a guitar, bass and drums accompany him."
245,44.42667218595197,0.9927545514384211,0.0036541076842695475,0.1261666789650917,ddim_lora,"A cool 60s jazz song of a saxophone playing while a guitar, bass and drums accompany him."
246,44.06628273772328,0.9944691323599861,0.0039222766645252705,0.08235263451933861,ddim_lora,"A cool 60s jazz song of a saxophone playing while a guitar, bass and drums accompany him."
247,44.16261819375357,0.9955108100873945,0.003786859568208456,0.07282315567135811,ddim_lora,"A cool 60s jazz song of a saxophone playing while a guitar, bass and drums accompany him."
248,44.637842430713334,0.9907799808754179,0.003536820411682129,0.14395160228013992,ddim_lora,"A techno song of a synthesizer playing while an electric guitar, bass and drums are playing in the background."
249,42.77828070385106,0.9935740262793388,0.004354179836809635,0.09515482187271118,ddim_lora,"A techno song of a synthesizer playing while an electric guitar, bass and drums are playing in the background."
250,44.230173788071674,0.9960126410962393,0.003892868757247925,0.09564346075057983,ddim_lora,"A techno song of a synthesizer playing while an electric guitar, bass and drums are playing in the background."
251,45.362605837710326,0.9961062280178747,0.003357360837981105,0.06776037067174911,ddim_lora,"A techno song of a synthesizer playing while an electric guitar, bass and drums are playing in the background."
252,41.75797174346255,0.9921226666083066,0.004894710145890713,0.24019131064414978,ddim_lora,A man singing a melody and then slowly a woman joins and strings and they play a happy emotional song.
253,44.080180276792156,0.9917124679431807,0.0038676306139677763,0.19683197140693665,ddim_lora,A man singing a melody and then slowly a woman joins and strings and they play a happy emotional song.
254,44.334057492642756,0.9921539297124374,0.0038236042018979788,0.1267511323094368,ddim_lora,A man singing a melody and then slowly a woman joins and strings and they play a happy emotional song.
255,41.81461079987615,0.9935158629672934,0.005297487135976553,0.21068988740444183,ddim_lora,A man singing a melody and then slowly a woman joins and strings and they play a happy emotional song.
256,45.44293689012583,0.9954488307992995,0.003400131594389677,0.11219536885619164,ddim_lora,"A clarinet playing a quiet jazz melody, with an accompaniment of bass and drums."
257,44.5800890741436,0.9969609381931615,0.003937624394893646,0.07644460164010525,ddim_lora,"A clarinet playing a quiet jazz melody, with an accompaniment of bass and drums."
258,44.194619983392485,0.9938685522025492,0.003894864348694682,0.13596335798501968,ddim_lora,"A clarinet playing a quiet jazz melody, with an accompaniment of bass and drums."
259,38.481984662549344,0.9855372620047033,0.00754469633102417,0.18406015634536743,ddim_lora,"A clarinet playing a quiet jazz melody, with an accompaniment of bass and drums."
260,43.0756381336607,0.993715154863865,0.004449078347533941,0.14200924336910248,ddim_lora,A recording of a happy movie score.
261,43.13053852096285,0.9944714429451041,0.004404001869261265,0.13105834275484085,ddim_lora,A recording of a happy movie score.
262,44.15990933262148,0.9934676241624182,0.003989726770669222,0.1330019272863865,ddim_lora,A recording of a happy movie score.
263,43.61047509454059,0.9940731862221373,0.004206931218504906,0.10459586977958679,ddim_lora,A recording of a happy movie score.
264,40.445842988585085,0.9956900926163699,0.005464879330247641,0.10525088384747505,ddim_lora,"A high quality recording of strings, flutes and drums playing."
265,44.7301295488358,0.9945840459893204,0.0038029449060559273,0.07903462275862694,ddim_lora,"A high quality recording of strings, flutes and drums playing."
266,45.26195831818348,0.9954521619236041,0.003295541275292635,0.07058103010058403,ddim_lora,"A high quality recording of strings, flutes and drums playing."
267,43.83287130760073,0.9943075858787459,0.0043396553955972195,0.09977880120277405,ddim_lora,"A high quality recording of strings, flutes and drums playing."
268,43.28834380198491,0.9883924757999428,0.003956339787691832,0.14480570703744888,ddim_lora,A high quality recording of an epic saxophone jazz solo with a jazz band accompaniment.
269,45.51830167591595,0.9967348209565345,0.0033825491555035114,0.07184964418411255,ddim_lora,A high quality recording of an epic saxophone jazz solo with a jazz band accompaniment.
270,45.377225681524365,0.9966298772687678,0.0033387725707143545,0.09233541041612625,ddim_lora,A high quality recording of an epic saxophone jazz solo with a jazz band accompaniment.
271,43.46166869947457,0.9948133042496371,0.004236814100295305,0.07671511173248291,ddim_lora,A high quality recording of an epic saxophone jazz solo with a jazz band accompaniment.
272,38.48252348854767,0.9886048353931383,0.006884271278977394,0.16239427775144577,ddim_lora,A high quality recording of wind instruments playing.
273,43.28039213874688,0.9961445022769347,0.0043940129689872265,0.057891134172677994,ddim_lora,A high quality recording of wind instruments playing.
274,43.305395964523676,0.9925075508988185,0.00419360026717186,0.11941755563020706,ddim_lora,A high quality recording of wind instruments playing.
275,43.109300072551484,0.995375379167157,0.004266240168362856,0.11435046792030334,ddim_lora,A high quality recording of wind instruments playing.
276,44.994551858295864,0.9961049228453813,0.0036294138990342617,0.0891910120844841,ddim_lora,A recording of a dramatic metal song.
277,44.0867120304145,0.9900500007566996,0.003689342876896262,0.15392429381608963,ddim_lora,A recording of a dramatic metal song.
278,44.447445580314266,0.9961836484145289,0.003867850871756673,0.10459151491522789,ddim_lora,A recording of a dramatic metal song.
279,44.508799369192865,0.9945243843478934,0.003772304393351078,0.09250783547759056,ddim_lora,A recording of a dramatic metal song.
280,44.12537506465541,0.9938934772197198,0.003888684557750821,0.12561705708503723,ddim_lora,"A high quality recording of a saxophone playing and drums, guitar and bass playing a song, and later a trumpet is playing."
281,44.46538582870193,0.9961469191251675,0.003888467326760292,0.06657811626791954,ddim_lora,"A high quality recording of a saxophone playing and drums, guitar and bass playing a song, and later a trumpet is playing."
282,44.32425253352317,0.9947906699782801,0.00373906921595335,0.12797091901302338,ddim_lora,"A high quality recording of a saxophone playing and drums, guitar and bass playing a song, and later a trumpet is playing."
283,44.068767073265455,0.9956602894569233,0.0038862349465489388,0.08098885044455528,ddim_lora,"A high quality recording of a saxophone playing and drums, guitar and bass playing a song, and later a trumpet is playing."
284,38.06973646108318,0.9843693963152387,0.007724981755018234,0.2760104238986969,ddim_lora,Flutes and strings playing a happy calm classical score.
285,43.650531144039746,0.9929050346402476,0.00403189193457365,0.12057140097022057,ddim_lora,Flutes and strings playing a happy calm classical score.
286,43.65365561839813,0.995382921272581,0.004313663113862276,0.08808379620313644,ddim_lora,Flutes and strings playing a happy calm classical score.
287,43.48894617526103,0.9897044256588218,0.004373327363282442,0.12337661907076836,ddim_lora,Flutes and strings playing a happy calm classical score.
288,44.77487920906949,0.9958315258005792,0.003752144519239664,0.09503065049648285,ddim_lora,"Strings, flutes, and harp playing an upbeat happy piece."
289,44.78438413913399,0.9965309281001611,0.003759177401661873,0.055143002420663834,ddim_lora,"Strings, flutes, and harp playing an upbeat happy piece."
290,42.28184203184243,0.9926461109333138,0.004813633393496275,0.11818277835845947,ddim_lora,"Strings, flutes, and harp playing an upbeat happy piece."
291,43.12320492234474,0.9921510634482893,0.004413303453475237,0.1558225303888321,ddim_lora,"Strings, flutes, and harp playing an upbeat happy piece."
292,40.0706793299814,0.9883424127341115,0.005922897253185511,0.12009430676698685,ddim_lora,"Flutes, wind instruments and strings playing a dramatic classical music piece."
293,42.876701983564445,0.9936169740106969,0.004503556527197361,0.12604252994060516,ddim_lora,"Flutes, wind instruments and strings playing a dramatic classical music piece."
294,44.25887160551507,0.9944506210403988,0.0039613861590623856,0.106166310608387,ddim_lora,"Flutes, wind instruments and strings playing a dramatic classical music piece."
295,43.31971630970326,0.9933183002710334,0.0044190408661961555,0.1344306394457817,ddim_lora,"Flutes, wind instruments and strings playing a dramatic classical music piece."
296,46.09157971967769,0.9934080599949875,0.0030428809113800526,0.11245164275169373,ddim_lora,"A high quality recording of a saxophone playing and drums, guitar and bass playing a song, and later a woman is singing."
297,44.28631969143241,0.9925067913989715,0.0037898244336247444,0.12269831448793411,ddim_lora,"A high quality recording of a saxophone playing and drums, guitar and bass playing a song, and later a woman is singing."
298,43.471439187876875,0.9957369001009497,0.0040052649565041065,0.10279085487127304,ddim_lora,"A high quality recording of a saxophone playing and drums, guitar and bass playing a song, and later a woman is singing."
299,44.75602182866707,0.9964207136136037,0.003645127872005105,0.10685838386416435,ddim_lora,"A high quality recording of a saxophone playing and drums, guitar and bass playing a song, and later a woman is singing."
300,43.56816770747551,0.9880446184307164,0.004035880323499441,0.19416850060224533,ddim_lora,A recording of a cool movie soundtrack.
301,45.89890584379753,0.9969586115450848,0.003418299602344632,0.052162544801831245,ddim_lora,A recording of a cool movie soundtrack.
302,44.96729904521806,0.9951818854676653,0.0036126705817878246,0.06899663805961609,ddim_lora,A recording of a cool movie soundtrack.
303,43.7272413773698,0.9952679504539708,0.004082321189343929,0.10759419202804565,ddim_lora,A recording of a cool movie soundtrack.
304,44.53977223777181,0.9951158805626232,0.003927788231521845,0.08948879316449165,ddim_lora,A recording of a happy orchestral score.
305,44.60308900517785,0.9951901216381258,0.003983067814260721,0.06682395935058594,ddim_lora,A recording of a happy orchestral score.
306,44.611415521368876,0.9942308480481578,0.003860016353428364,0.10072920843958855,ddim_lora,A recording of a happy orchestral score.
307,43.104868617967604,0.9920002727271586,0.004573960322886705,0.1392545998096466,ddim_lora,A recording of a happy orchestral score.
308,42.07928211523012,0.9929033558450009,0.004979702644050121,0.214503675699234,ddim_lora,"A jazz song with a saxophone, violin, bass and drums playing."
309,43.25101967577475,0.9941011535631639,0.004225100390613079,0.10478482395410538,ddim_lora,"A jazz song with a saxophone, violin, bass and drums playing."
310,44.93480026015034,0.9946835276602586,0.0035487059503793716,0.12249002978205681,ddim_lora,"A jazz song with a saxophone, violin, bass and drums playing."
311,44.151914018191746,0.9940327916132093,0.0037272486370056868,0.11951980739831924,ddim_lora,"A jazz song with a saxophone, violin, bass and drums playing."
312,45.30591482015042,0.9967904829681635,0.003337747184559703,0.05519620329141617,ddim_lora,A high quality recording of a synthesizer playing with a guitar and drums playing in the background.
313,42.94185649026328,0.9937124607222225,0.004187614191323519,0.07459713518619537,ddim_lora,A high quality recording of a synthesizer playing with a guitar and drums playing in the background.
314,45.21446522965625,0.9939663502757414,0.0033557016868144274,0.09058403596282005,ddim_lora,A high quality recording of a synthesizer playing with a guitar and drums playing in the background.
315,42.867503102311694,0.9957497385210896,0.004400467965751886,0.13025736063718796,ddim_lora,A high quality recording of a synthesizer playing with a guitar and drums playing in the background.
316,45.38496678700244,0.9976205748997946,0.0034920379985123873,0.04490165412425995,ddim_lora,A recording of hip hop music.
317,42.58784095142939,0.9924802588121987,0.0045624664053320885,0.14644093066453934,ddim_lora,A recording of hip hop music.
318,42.79701131593063,0.9935716345963238,0.004407729487866163,0.08853323385119438,ddim_lora,A recording of hip hop music.
319,39.34265099922078,0.9885894872626614,0.006605003494769335,0.178390271961689,ddim_lora,A recording of hip hop music.
320,44.00408833592955,0.99544068948274,0.0039667533710598946,0.07922904938459396,ddim_lora,"Guitars, trumpets, and piano playing a happy song."
321,43.4278519745699,0.9937133010577552,0.004361821338534355,0.1469818726181984,ddim_lora,"Guitars, trumpets, and piano playing a happy song."
322,43.939505807843204,0.9938627605456224,0.004067321307957172,0.10133461281657219,ddim_lora,"Guitars, trumpets, and piano playing a happy song."
323,44.95897266175085,0.9964547347037757,0.0037227000575512648,0.07231895811855793,ddim_lora,"Guitars, trumpets, and piano playing a happy song."
324,41.38787374887747,0.992866145038011,0.0054430547170341015,0.1403936743736267,ddim_lora,"A jazz song with a trumpet, piano, bass and drums playing."
325,44.390366920282965,0.9946200708986591,0.003648988204076886,0.07340974174439907,ddim_lora,"A jazz song with a trumpet, piano, bass and drums playing."
326,44.29081151072107,0.9918304281351163,0.003840868128463626,0.09422499686479568,ddim_lora,"A jazz song with a trumpet, piano, bass and drums playing."
327,43.82107203267262,0.9947587631173611,0.004055273253470659,0.0852116160094738,ddim_lora,"A jazz song with a trumpet, piano, bass and drums playing."
328,42.69532736245205,0.9924202011259335,0.0048743961378932,0.1372784823179245,ddim_lora,"A cool 90s hip hop song of a man singing while a guitar, bass and drums accompany him."
329,46.561570123297656,0.9965128311327979,0.003006323240697384,0.1087304875254631,ddim_lora,"A cool 90s hip hop song of a man singing while a guitar, bass and drums accompany him."
330,45.11945404123098,0.9958628375761553,0.003317351220175624,0.09994431585073471,ddim_lora,"A cool 90s hip hop song of a man singing while a guitar, bass and drums accompany him."
331,45.48365528642443,0.9954602062462155,0.0033081895671784878,0.07737670093774796,ddim_lora,"A cool 90s hip hop song of a man singing while a guitar, bass and drums accompany him."
332,41.08785233453971,0.9878106867777733,0.005786769092082977,0.1393040269613266,ddim_lora,A recording of an old timey Chinese song from the forties.
333,45.05299026267749,0.9962496087285356,0.0036036865785717964,0.08232998847961426,ddim_lora,A recording of an old timey Chinese song from the forties.
334,42.415125323350026,0.9872353043250758,0.0042902329005301,0.26903872936964035,ddim_lora,A recording of an old timey Chinese song from the forties.
335,44.41148619968534,0.9953623713232701,0.0038797303568571806,0.11680997163057327,ddim_lora,A recording of an old timey Chinese song from the forties.
336,44.81382577436797,0.9935742887366359,0.003565605264157057,0.13569952547550201,ddim_lora,A high quality recording of a woman singing with an orchestra rock band accompaniment.
337,44.638254751541695,0.9950633758443862,0.0037265170831233263,0.08141883462667465,ddim_lora,A high quality recording of a woman singing with an orchestra rock band accompaniment.
338,43.921605475876,0.9944417555327504,0.0038511306047439575,0.09687966853380203,ddim_lora,A high quality recording of a woman singing with an orchestra rock band accompaniment.
339,45.88844129894281,0.9959975317191652,0.0032360421027988195,0.08750790357589722,ddim_lora,A high quality recording of a woman singing with an orchestra rock band accompaniment.
340,43.14998172206273,0.9924675999018614,0.003988726530224085,0.14494763314723969,ddim_lora,A recording of happy techno music.
341,43.16295062029489,0.9903774767249801,0.004388692323118448,0.2500472813844681,ddim_lora,A recording of happy techno music.
342,45.05708836266435,0.9954040027361409,0.0035099319647997618,0.09658234193921089,ddim_lora,A recording of happy techno music.
343,44.28924814195091,0.9955178967067132,0.003865730483084917,0.1043609268963337,ddim_lora,A recording of happy techno music.
344,43.9121754824118,0.9942348291396224,0.0042767575941979885,0.15580026805400848,ddim_lora,"Strings playing a mysterious song, alongside drums and flutes."
345,44.92801149604588,0.9958298412528217,0.003766436828300357,0.06577028334140778,ddim_lora,"Strings playing a mysterious song, alongside drums and flutes."
346,42.72243789541051,0.9961085843447319,0.004747019615024328,0.07427792996168137,ddim_lora,"Strings playing a mysterious song, alongside drums and flutes."
347,43.675968445570064,0.9928669330361838,0.004148317500948906,0.1215481162071228,ddim_lora,"Strings playing a mysterious song, alongside drums and flutes."
348,43.284902735268446,0.9963265406781253,0.004404098726809025,0.12938490509986877,ddim_lora,A high quality recording of a choir and violins playing a happy and emotional  piece.
349,43.46990399402906,0.994593340504783,0.004490782506763935,0.12907937169075012,ddim_lora,A high quality recording of a choir and violins playing a happy and emotional  piece.
350,44.576383607609515,0.9938089447460627,0.003857717616483569,0.11919804662466049,ddim_lora,A high quality recording of a choir and violins playing a happy and emotional  piece.
351,43.694481653760455,0.9931939982868911,0.004242092836648226,0.14947059750556946,ddim_lora,A high quality recording of a choir and violins playing a happy and emotional  piece.
352,38.107968548386495,0.9790226675176127,0.00690992409363389,0.5110712647438049,ddim_lora,"A classical piece with a string section, piano, bass and drums playing."
353,46.03194726663146,0.9953509763002694,0.003254844108596444,0.06693137064576149,ddim_lora,"A classical piece with a string section, piano, bass and drums playing."
354,44.61489362824024,0.9941066395110525,0.003773719072341919,0.11497290059924126,ddim_lora,"A classical piece with a string section, piano, bass and drums playing."
355,43.54999168282416,0.9941794273131294,0.003997538238763809,0.13172393664717674,ddim_lora,"A classical piece with a string section, piano, bass and drums playing."
356,42.84744937907226,0.9924828520993372,0.0046402825973927975,0.13626382499933243,ddim_lora,A recording of an old classical song.
357,44.335349682612524,0.9961656396701483,0.0037700620014220476,0.13986686617136002,ddim_lora,A recording of an old classical song.
358,44.25091989880773,0.9950721449188151,0.0040314458310604095,0.08232545480132103,ddim_lora,A recording of an old classical song.
359,44.309723062885524,0.9950372654983611,0.003893064334988594,0.14169349148869514,ddim_lora,A recording of an old classical song.
360,43.9376690310055,0.9939281149661414,0.0039922636933624744,0.08916067332029343,ddim_lora,"A high quality recording of a man singing, and a piano, bass and drums playing."
361,44.16171519877259,0.9943623197766102,0.003995583858340979,0.07614525407552719,ddim_lora,"A high quality recording of a man singing, and a piano, bass and drums playing."
362,42.95774720013906,0.9939936350486851,0.004360079765319824,0.09279413521289825,ddim_lora,"A high quality recording of a man singing, and a piano, bass and drums playing."
363,45.83627758660167,0.9957837728337666,0.003228955203667283,0.08659172803163528,ddim_lora,"A high quality recording of a man singing, and a piano, bass and drums playing."
364,44.37669599479132,0.9946380260087427,0.003931804560124874,0.10727675259113312,ddim_lora,A recording of a dramatic Chinese music piece.
365,43.131993941953574,0.9912632264305035,0.004579000174999237,0.11240869760513306,ddim_lora,A recording of a dramatic Chinese music piece.
366,42.82465786026202,0.99125947485353,0.004692689515650272,0.15681641548871994,ddim_lora,A recording of a dramatic Chinese music piece.
367,43.66534810109049,0.9898615806285332,0.0039076730608940125,0.1510740891098976,ddim_lora,A recording of a dramatic Chinese music piece.
368,42.962668062990836,0.9948159801151574,0.004416035488247871,0.0849805660545826,ddim_lora,A saxophone playing a melody and then slowly a violin joins and more strings and they play a happy emotional song.
369,44.227107142803476,0.9948809544463911,0.003868281841278076,0.07324730604887009,ddim_lora,A saxophone playing a melody and then slowly a violin joins and more strings and they play a happy emotional song.
370,43.124026389875766,0.9927312944295309,0.004559299908578396,0.15026487410068512,ddim_lora,A saxophone playing a melody and then slowly a violin joins and more strings and they play a happy emotional song.
371,44.18134514998841,0.9933528780971485,0.003824738785624504,0.08025410398840904,ddim_lora,A saxophone playing a melody and then slowly a violin joins and more strings and they play a happy emotional song.
372,43.24283693219705,0.994624624562616,0.004199923947453499,0.08797891438007355,ddim_lora,"A woman is singing a country song with a violin, bass and drums playing in the background."
373,45.23503947061534,0.9940161447424819,0.003440205240622163,0.10327990353107452,ddim_lora,"A woman is singing a country song with a violin, bass and drums playing in the background."
374,44.74201887864743,0.9947217041568899,0.0035975852515548468,0.08497197180986404,ddim_lora,"A woman is singing a country song with a violin, bass and drums playing in the background."
375,45.558134168667394,0.9959130819166725,0.0034439389128237963,0.08481625467538834,ddim_lora,"A woman is singing a country song with a violin, bass and drums playing in the background."
376,45.175642721439914,0.9953570005567033,0.0035554117057472467,0.09592811390757561,ddim_lora,A recording of a classical song.
377,43.518625958642104,0.991721655950462,0.004258918575942516,0.14079076796770096,ddim_lora,A recording of a classical song.
378,40.51895199418776,0.9901941169559081,0.005715867504477501,0.2830105125904083,ddim_lora,A recording of a classical song.
379,44.113550253970246,0.9955900364376188,0.004059852100908756,0.084503885358572,ddim_lora,A recording of a classical song.
380,40.51934429934528,0.9888703813639911,0.005753178149461746,0.2609994411468506,ddim_lora,Flutes playing alongside a woman vocalizing a happy upbeat melody.
381,42.56474197905867,0.9882957652205643,0.004742039367556572,0.14120613783597946,ddim_lora,Flutes playing alongside a woman vocalizing a happy upbeat melody.
382,42.92753673448036,0.9922624031981697,0.00432741129770875,0.10794062912464142,ddim_lora,Flutes playing alongside a woman vocalizing a happy upbeat melody.
383,42.66196437193499,0.9914044721780633,0.004686674568802118,0.15074454247951508,ddim_lora,Flutes playing alongside a woman vocalizing a happy upbeat melody.
384,42.1419336062649,0.9943249047716226,0.005046995356678963,0.13706369325518608,ddim_lora,"Trumpets playing alongside a piano, bass and drums in an upbeat old-timey cool jazz song."
385,44.24556448565845,0.9952155338447553,0.00400079321116209,0.11444487422704697,ddim_lora,"Trumpets playing alongside a piano, bass and drums in an upbeat old-timey cool jazz song."
386,44.78931666024395,0.9960096732171747,0.0038137994706630707,0.06565859913825989,ddim_lora,"Trumpets playing alongside a piano, bass and drums in an upbeat old-timey cool jazz song."
387,38.44341924404383,0.990818514649267,0.004633236210793257,0.20327475666999817,ddim_lora,"Trumpets playing alongside a piano, bass and drums in an upbeat old-timey cool jazz song."
388,44.12179012655713,0.9971910683294911,0.00357192219235003,0.06863884627819061,ddim_lora,"A high quality recording of a man singing while a piano, bass and drums accompany him."
389,45.59949911469596,0.9971031602151237,0.003450970631092787,0.07262269034981728,ddim_lora,"A high quality recording of a man singing while a piano, bass and drums accompany him."
390,44.515370891098684,0.9921380691536631,0.003627077443525195,0.12158390134572983,ddim_lora,"A high quality recording of a man singing while a piano, bass and drums accompany him."
391,44.177265167714836,0.9935127798363116,0.0037451430689543486,0.09906759858131409,ddim_lora,"A high quality recording of a man singing while a piano, bass and drums accompany him."
392,42.57988302480072,0.9944576329638085,0.004215732216835022,0.13840484619140625,ddim_lora,"A techno song of a synthesizer playing while a guitar, bass and drums are playing in the background."
393,45.843307641000706,0.9958736661331596,0.0034167333506047726,0.10575461760163307,ddim_lora,"A techno song of a synthesizer playing while a guitar, bass and drums are playing in the background."
394,46.76087792794534,0.9961074794965695,0.0028483024798333645,0.09832590818405151,ddim_lora,"A techno song of a synthesizer playing while a guitar, bass and drums are playing in the background."
395,43.08732434054568,0.991494290749275,0.004387941211462021,0.17334716767072678,ddim_lora,"A techno song of a synthesizer playing while a guitar, bass and drums are playing in the background."
396,37.9341939601011,0.9792059956659969,0.007511266972869635,0.2880549430847168,ddim_lora,"strings, bass and drums playing."
397,43.3746048816502,0.9917473525423063,0.00425413902848959,0.13384419679641724,ddim_lora,"strings, bass and drums playing."
398,42.06999685193642,0.995241705841681,0.004571632947772741,0.09683021903038025,ddim_lora,"strings, bass and drums playing."
399,45.86422450878458,0.9953696865786724,0.003134200582280755,0.09930451959371567,ddim_lora,"strings, bass and drums playing."
400,45.80641392205451,0.9960388349867937,0.0033095714170485735,0.08299002051353455,ddim_lora,"A rock song of a guitar, bass and drums are playing in the background."
401,43.263237308946586,0.9916704777456864,0.0042648641392588615,0.11222833022475243,ddim_lora,"A rock song of a guitar, bass and drums are playing in the background."
402,42.79698359522173,0.9932496252227268,0.00439817737787962,0.15085051953792572,ddim_lora,"A rock song of a guitar, bass and drums are playing in the background."
403,41.520038132713196,0.990673288379739,0.0054404097609221935,0.16031957417726517,ddim_lora,"A rock song of a guitar, bass and drums are playing in the background."
404,44.38727185905434,0.9930215597441142,0.003753357334062457,0.14284495264291763,ddim_lora,A high quality recording of a rock band playing a slow metal song.
405,45.84759001367644,0.997032465449582,0.003244621679186821,0.05506022274494171,ddim_lora,A high quality recording of a rock band playing a slow metal song.
406,43.94408614806618,0.9950071744955371,0.00384464836679399,0.07124421000480652,ddim_lora,A high quality recording of a rock band playing a slow metal song.
407,44.20209780608947,0.9937516321808484,0.003782598301768303,0.1114114299416542,ddim_lora,A high quality recording of a rock band playing a slow metal song.
408,44.47833205717931,0.995423103586227,0.0038359840400516987,0.08979637920856476,ddim_lora,"Arabic strings, flutes, and harp playing calm happy Arabic music."
409,44.73645146026904,0.9958042386495815,0.0038732828106731176,0.09591617062687874,ddim_lora,"Arabic strings, flutes, and harp playing calm happy Arabic music."
410,43.77243843413345,0.9933045890021779,0.004187919199466705,0.17409034818410873,ddim_lora,"Arabic strings, flutes, and harp playing calm happy Arabic music."
411,43.69588179615154,0.9930405834062762,0.004030898679047823,0.13812526315450668,ddim_lora,"Arabic strings, flutes, and harp playing calm happy Arabic music."
412,44.94616375686103,0.9943441724838539,0.0035401114728301764,0.14436958730220795,ddim_lora,A recording of a scary techno song.
413,43.65021154318801,0.9885989693872279,0.004142812918871641,0.17513078451156616,ddim_lora,A recording of a scary techno song.
414,45.16926096587898,0.9967422277458403,0.0033993597608059645,0.05055178888142109,ddim_lora,A recording of a scary techno song.
415,44.67996760451819,0.9948792845653175,0.003742008237168193,0.08523104712367058,ddim_lora,A recording of a scary techno song.
416,45.59576730287258,0.9962312969728668,0.003324260702356696,0.07593254372477531,ddim_lora,A rock band playing rock music. You can hear guitars and a piano.
417,44.524437296723406,0.9938043642992466,0.003585648024454713,0.09574337303638458,ddim_lora,A rock band playing rock music. You can hear guitars and a piano.
418,45.40242136911839,0.9959972819115425,0.003279500175267458,0.09239043295383453,ddim_lora,A rock band playing rock music. You can hear guitars and a piano.
419,40.63443071031308,0.9898850277274487,0.005988417658954859,0.1589467003941536,ddim_lora,A rock band playing rock music. You can hear guitars and a piano.
420,43.03810729655233,0.9897132436931284,0.004323130939155817,0.1419583559036255,ddim_lora,A recording of a dramatic epic Arabic piece.
421,44.074769306064866,0.9943176300697071,0.0038167117163538933,0.09130452573299408,ddim_lora,A recording of a dramatic epic Arabic piece.
422,43.51256600490076,0.9933746533186552,0.0039563290774822235,0.09519479423761368,ddim_lora,A recording of a dramatic epic Arabic piece.
423,43.32275853710884,0.9932117522365934,0.0044324989430606365,0.13301578536629677,ddim_lora,A recording of a dramatic epic Arabic piece.
424,42.33319923217952,0.9946207310254955,0.004391202703118324,0.14871496707201004,ddim_lora,A high quality recording of a violin playing while an orchestra play in the background.
425,40.1318630137813,0.9942437846553067,0.006102312356233597,0.10785665363073349,ddim_lora,A high quality recording of a violin playing while an orchestra play in the background.
426,43.887352413082525,0.9906029305636856,0.0038572431076318026,0.13860361278057098,ddim_lora,A high quality recording of a violin playing while an orchestra play in the background.
427,45.01556921205956,0.9977427426177126,0.003574262373149395,0.048418695107102394,ddim_lora,A high quality recording of a violin playing while an orchestra play in the background.
428,45.0193812984333,0.9938618451037192,0.00366844586096704,0.1082037054002285,ddim_lora,A high quality recording of drums and strings playing.
429,42.88892988945322,0.9891477203864115,0.004228944890201092,0.15022601932287216,ddim_lora,A high quality recording of drums and strings playing.
430,44.31834843452623,0.9921432873596899,0.0038205841556191444,0.1839059181511402,ddim_lora,A high quality recording of drums and strings playing.
431,41.94740781138286,0.9909552900158876,0.005181684624403715,0.13486136496067047,ddim_lora,A high quality recording of drums and strings playing.
432,43.59689645400245,0.9951545193406645,0.004337773658335209,0.0731276161968708,ddim_lora,"A trumpet playing a cool jazz melody, with an accompaniment of a piano, bass and drums."
433,43.03990940498329,0.992228050081021,0.004484422039240599,0.10819195210933685,ddim_lora,"A trumpet playing a cool jazz melody, with an accompaniment of a piano, bass and drums."
434,43.22104130111206,0.9939398292272709,0.004340081941336393,0.09794826805591583,ddim_lora,"A trumpet playing a cool jazz melody, with an accompaniment of a piano, bass and drums."
435,39.37773110530729,0.988678742619296,0.006264847703278065,0.16277966648340225,ddim_lora,"A trumpet playing a cool jazz melody, with an accompaniment of a piano, bass and drums."
436,44.63342272519644,0.9946434844224361,0.003733225166797638,0.1134120486676693,ddim_lora,A high quality recording of a woman singing with an orchestra accompaniment.
437,43.33654366718441,0.9932137939150267,0.00349511974491179,0.141308955848217,ddim_lora,A high quality recording of a woman singing with an orchestra accompaniment.
438,44.185018613579096,0.9949606134637892,0.0038570831529796124,0.08199992403388023,ddim_lora,A high quality recording of a woman singing with an orchestra accompaniment.
439,40.145471393028494,0.9918567233849312,0.006146268453449011,0.13000887632369995,ddim_lora,A high quality recording of a woman singing with an orchestra accompaniment.
440,43.407112981900376,0.9939766827472668,0.004268431570380926,0.11127785593271255,ddim_lora,"A jazz song with a trumpet, bass and drums playing."
441,43.66216096749096,0.9921917902102572,0.004381515085697174,0.12260917574167252,ddim_lora,"A jazz song with a trumpet, bass and drums playing."
442,42.25799412641102,0.9937418149901761,0.004786230158060789,0.10617237165570259,ddim_lora,"A jazz song with a trumpet, bass and drums playing."
443,44.75754687899755,0.9958693830933709,0.0036232417915016413,0.09835692122578621,ddim_lora,"A jazz song with a trumpet, bass and drums playing."
444,46.237843542675,0.9962340409033779,0.002949390560388565,0.05509371869266033,ddim_lora,A rhythmic song with a synthesizer and drums playing.
445,46.94741989477967,0.9970159444664622,0.002861598739400506,0.06531303934752941,ddim_lora,A rhythmic song with a synthesizer and drums playing.
446,46.492964459186325,0.9965972564750176,0.0029869936406612396,0.059838566929101944,ddim_lora,A rhythmic song with a synthesizer and drums playing.
447,46.169735445502354,0.996931632105007,0.0031364583410322666,0.051498278975486755,ddim_lora,A rhythmic song with a synthesizer and drums playing.
448,43.43678470525344,0.9945670190938519,0.004021659959107637,0.10430577397346497,ddim_lora,"a saxophone, flute, piano, bass and drums playing."
449,43.80923360589236,0.9950125063913073,0.004100678488612175,0.07638287916779518,ddim_lora,"a saxophone, flute, piano, bass and drums playing."
450,45.809052337384756,0.996136289043905,0.0033280279021710157,0.07235046848654747,ddim_lora,"a saxophone, flute, piano, bass and drums playing."
451,43.845041689012035,0.9949639501565524,0.0038605176378041506,0.12600035220384598,ddim_lora,"a saxophone, flute, piano, bass and drums playing."
452,43.326284252948916,0.993860768630845,0.0043258098885416985,0.0921945720911026,ddim_lora,A recording of a sad and mysterious classical music piece.
453,34.56799018053201,0.9534244221332264,0.010985301807522774,0.3158525973558426,ddim_lora,A recording of a sad and mysterious classical music piece.
454,42.726628401820086,0.9916600115413953,0.004703076556324959,0.15648844838142395,ddim_lora,A recording of a sad and mysterious classical music piece.
455,43.49069375467715,0.9933207977623275,0.00437695998698473,0.11260723322629929,ddim_lora,A recording of a sad and mysterious classical music piece.
456,44.79193245190381,0.9962860359576288,0.0034879641607403755,0.05151774734258652,ddim_lora,A synthesizer playing a scary arcade game melody with another synthesizer accompaniment in the background.
457,41.555859457384,0.9919840558642725,0.004258598666638136,0.23483479022979736,ddim_lora,A synthesizer playing a scary arcade game melody with another synthesizer accompaniment in the background.
458,45.600570683900166,0.9953139867339981,0.0033153819385915995,0.0756947509944439,ddim_lora,A synthesizer playing a scary arcade game melody with another synthesizer accompaniment in the background.
459,43.00072434149299,0.9933486523283246,0.004202407784759998,0.12552135437726974,ddim_lora,A synthesizer playing a scary arcade game melody with another synthesizer accompaniment in the background.
460,45.49826396144556,0.9955821338774875,0.00341223762370646,0.09034630283713341,ddim_lora,"Strings, flutes, and harp playing an angry metal song."
461,41.97678932568274,0.9848243047328114,0.004043318331241608,0.2825061231851578,ddim_lora,"Strings, flutes, and harp playing an angry metal song."
462,45.72852308469731,0.9948201374458439,0.0031356217805296183,0.09887818992137909,ddim_lora,"Strings, flutes, and harp playing an angry metal song."
463,43.571614017552136,0.9934188784316471,0.004183914512395859,0.11373898386955261,ddim_lora,"Strings, flutes, and harp playing an angry metal song."
464,43.53021126537868,0.9933775359382283,0.004288884811103344,0.12850574404001236,ddim_lora,A recording of a string quartet playing.
465,44.297142604114455,0.9955355491120942,0.0040518371388316154,0.07953504472970963,ddim_lora,A recording of a string quartet playing.
466,41.253854070038244,0.9926160125527735,0.005428011994808912,0.13591473549604416,ddim_lora,A recording of a string quartet playing.
467,43.24690184389453,0.996388830495911,0.0043915146961808205,0.0749579519033432,ddim_lora,A recording of a string quartet playing.
468,43.52486793613071,0.994963502457112,0.004096778109669685,0.06393654644489288,ddim_lora,A recording of a slow reggae song.
469,44.296376322230245,0.9955910891702924,0.003599517047405243,0.09907575696706772,ddim_lora,A recording of a slow reggae song.
470,43.63238543373068,0.9934291614571956,0.003970141522586346,0.12276207655668259,ddim_lora,A recording of a slow reggae song.
471,44.2652851070567,0.9947059429247348,0.003791591851040721,0.12271035462617874,ddim_lora,A recording of a slow reggae song.
472,45.156440832247505,0.9969448453550802,0.003441473701968789,0.07573894783854485,ddim_lora,A recording of a happy upbeat arcade game soundtrack.
473,42.983390735422034,0.9968289786998982,0.004332053940743208,0.04576103016734123,ddim_lora,A recording of a happy upbeat arcade game soundtrack.
474,44.39714453798252,0.9956758991743577,0.003688391065225005,0.0748930461704731,ddim_lora,A recording of a happy upbeat arcade game soundtrack.
475,40.09594695935205,0.988162609209339,0.005909786093980074,0.32004013657569885,ddim_lora,A recording of a happy upbeat arcade game soundtrack.
476,31.508078310375826,0.9339669489331272,0.01843028888106346,1.6588237285614014,ddim_lora,A recording of an upbeat hip hop song.
477,43.79084813929239,0.9947151029470193,0.0038784341886639595,0.12289118766784668,ddim_lora,A recording of an upbeat hip hop song.
478,44.43772226495534,0.9963735919808184,0.0037739721592515707,0.0628614742308855,ddim_lora,A recording of an upbeat hip hop song.
479,44.45904997343018,0.9944196590939245,0.0035565842408686876,0.09205520153045654,ddim_lora,A recording of an upbeat hip hop song.
480,44.32323847099359,0.9942658401942246,0.0036769253201782703,0.08762475103139877,ddim_lora,"A man is singing while a guitar, bass and drums playing in the background an angry metal song."
481,41.869258692306566,0.9926598796128121,0.0049192700535058975,0.12010577693581581,ddim_lora,"A man is singing while a guitar, bass and drums playing in the background an angry metal song."
482,42.403077743374844,0.9888327910102913,0.004505537915974855,0.1435781642794609,ddim_lora,"A man is singing while a guitar, bass and drums playing in the background an angry metal song."
483,45.506056522439835,0.9970862722028545,0.003581855446100235,0.05257747694849968,ddim_lora,"A man is singing while a guitar, bass and drums playing in the background an angry metal song."
484,45.06950781870821,0.9931290441519726,0.003405150957405567,0.13661004602909088,ddim_lora,"A high quality recording of a saxophone, bass and drums playing."
485,41.44839887004993,0.9934242652778129,0.005231963004916906,0.13494382798671722,ddim_lora,"A high quality recording of a saxophone, bass and drums playing."
486,43.519998561469784,0.9956998346991589,0.004171566106379032,0.07460402697324753,ddim_lora,"A high quality recording of a saxophone, bass and drums playing."
487,44.00695842449242,0.993337521906702,0.004035440739244223,0.12026175484061241,ddim_lora,"A high quality recording of a saxophone, bass and drums playing."
488,45.187038095146164,0.9975160433321789,0.003429318545386195,0.03855526074767113,ddim_lora,A recording of a cool calm techno song.
489,38.01380971944844,0.9829741815873876,0.0070568411611020565,0.21643028408288956,ddim_lora,A recording of a cool calm techno song.
490,42.393604054262745,0.9927087070949913,0.004565555136650801,0.13852659612894058,ddim_lora,A recording of a cool calm techno song.
491,44.352357992377264,0.9888728971152712,0.0038331435061991215,0.18835040926933289,ddim_lora,A recording of a cool calm techno song.
492,45.13831351412392,0.9969746425240089,0.0035594834480434656,0.05769410729408264,ddim_lora,"A high quality recording of a guitars, bass, drums and piano playing."
493,43.77605401592187,0.9945537988064329,0.0036378945223987103,0.13062553852796555,ddim_lora,"A high quality recording of a guitars, bass, drums and piano playing."
494,44.68636382804148,0.9951942100264224,0.003698115237057209,0.11256787180900574,ddim_lora,"A high quality recording of a guitars, bass, drums and piano playing."
495,45.285929000251585,0.9968145646041172,0.00336896232329309,0.05792045593261719,ddim_lora,"A high quality recording of a guitars, bass, drums and piano playing."
496,46.88929526567179,0.9975319455754781,0.002873033983632922,0.04820598103106022,ddim_lora,A high quality recording of flutes and a trumpet playing.
497,37.99371789655228,0.9905913600512863,0.007076064124703407,0.30822649598121643,ddim_lora,A high quality recording of flutes and a trumpet playing.
498,45.757245343853505,0.9956215387167073,0.003343889955431223,0.07748297974467278,ddim_lora,A high quality recording of flutes and a trumpet playing.
499,44.12266926870626,0.9915176229391649,0.003948849160224199,0.14944195002317429,ddim_lora,A high quality recording of flutes and a trumpet playing.
500,41.783116133794486,0.9916912178546095,0.005061491392552853,0.17184454947710037,ddim_lora,"A high quality recording of strings, trumpets and drums playing."
501,45.55216210903612,0.994744216592811,0.0034344263840466738,0.07943901419639587,ddim_lora,"A high quality recording of strings, trumpets and drums playing."
502,45.85798969374798,0.9953222923400071,0.0032769946847110987,0.10990395396947861,ddim_lora,"A high quality recording of strings, trumpets and drums playing."
503,44.83405262477791,0.9950537517163068,0.003557722782716155,0.09762865677475929,ddim_lora,"A high quality recording of strings, trumpets and drums playing."
504,42.364081101240714,0.9936838740483745,0.004415038041770458,0.08295978605747223,ddim_lora,A recording of Arabic instruments playing.
505,43.73038861359359,0.9942389429150078,0.0040290928445756435,0.11491748318076134,ddim_lora,A recording of Arabic instruments playing.
506,39.24470187548008,0.9924985813891228,0.006520749069750309,0.2078918293118477,ddim_lora,A recording of Arabic instruments playing.
507,42.63252022423919,0.9950659434378504,0.004595737438648939,0.08192657679319382,ddim_lora,A recording of Arabic instruments playing.
508,42.630393171567526,0.9891330146290542,0.004557157400995493,0.17398236691951752,ddim_lora,A cool old rock song of a man singing while a guitar and drums accompany him.
509,43.107880843823835,0.9934442037031544,0.0043706526048481464,0.12571510300040245,ddim_lora,A cool old rock song of a man singing while a guitar and drums accompany him.
510,45.50522157811446,0.9950360365980696,0.003302944591268897,0.09606543555855751,ddim_lora,A cool old rock song of a man singing while a guitar and drums accompany him.
511,44.433803121122,0.9942479982595469,0.003780359635129571,0.13177676498889923,ddim_lora,A cool old rock song of a man singing while a guitar and drums accompany him.
512,43.576750777413054,0.99394954248397,0.004337199032306671,0.13964949548244476,ddim_lora,A recording of a happy classical music piece.
513,41.892672848476636,0.9907641954633541,0.00527166947722435,0.18760909885168076,ddim_lora,A recording of a happy classical music piece.
514,44.12165625056571,0.9952634470659901,0.0040563116781413555,0.07106141746044159,ddim_lora,A recording of a happy classical music piece.
515,43.74170803198125,0.9957618946535108,0.004122999496757984,0.12407002598047256,ddim_lora,A recording of a happy classical music piece.
516,44.35550698547385,0.9957356225473659,0.003941842820495367,0.04419117420911789,ddim_lora,A recording of a scary classical music piece.
517,43.43761561520351,0.9924408883488701,0.0043374295346438885,0.13780977576971054,ddim_lora,A recording of a scary classical music piece.
518,43.41636704645029,0.9880715173245493,0.004263106733560562,0.17400088161230087,ddim_lora,A recording of a scary classical music piece.
519,45.01984440739904,0.9945452559567527,0.0037203116808086634,0.11546549201011658,ddim_lora,A recording of a scary classical music piece.
520,46.09924127460396,0.9978896531573505,0.003266618587076664,0.04237876087427139,ddim_lora,A recording of a mysterious Arabic song.
521,44.39920071069228,0.995134303889167,0.0039407298900187016,0.12619933858513832,ddim_lora,A recording of a mysterious Arabic song.
522,43.24991542451366,0.9946719289989803,0.004351826850324869,0.14216210693120956,ddim_lora,A recording of a mysterious Arabic song.
523,45.81437973998243,0.9970488936563203,0.003331429325044155,0.040575407445430756,ddim_lora,A recording of a mysterious Arabic song.
524,40.19351651653267,0.9878374157466322,0.006210383493453264,0.21373669058084488,ddim_lora,"A high quality recording of electric keyboard, bass and drums playing."
525,45.297640823764816,0.9936817947184268,0.003325364086776972,0.09649517387151718,ddim_lora,"A high quality recording of electric keyboard, bass and drums playing."
526,45.009783435106065,0.9946242897259451,0.0034222775138914585,0.102011539041996,ddim_lora,"A high quality recording of electric keyboard, bass and drums playing."
527,44.09752679933251,0.994508252791804,0.0039274366572499275,0.07028188370168209,ddim_lora,"A high quality recording of electric keyboard, bass and drums playing."
528,43.82048884445094,0.9944621173566031,0.00412479555234313,0.08933933265507221,ddim_lora,An orchestra playing classical music. You can hear flutes and strings.
529,44.05841235402023,0.9926974423385256,0.004005884286016226,0.1167619451880455,ddim_lora,An orchestra playing classical music. You can hear flutes and strings.
530,42.52388877717054,0.9937976430662231,0.004759283736348152,0.17802122235298157,ddim_lora,An orchestra playing classical music. You can hear flutes and strings.
531,45.28619336569562,0.9959173789454299,0.003644744399935007,0.10232977569103241,ddim_lora,An orchestra playing classical music. You can hear flutes and strings.
532,43.90721048116426,0.9956810902314381,0.004050144925713539,0.09207717701792717,ddim_lora,A high quality recording of a guitar and violins playing a happy and emotional  piece.
533,42.470819224273946,0.9885895098173648,0.004686533473432064,0.18627065420150757,ddim_lora,A high quality recording of a guitar and violins playing a happy and emotional  piece.
534,46.13093177107504,0.9971202967199253,0.003261793404817581,0.08522386103868484,ddim_lora,A high quality recording of a guitar and violins playing a happy and emotional  piece.
535,42.93704109146993,0.994414369957745,0.004626010078936815,0.09630240872502327,ddim_lora,A high quality recording of a guitar and violins playing a happy and emotional  piece.
536,42.66760827361503,0.9898393896797063,0.00466885743662715,0.1529535874724388,ddim_lora,A recording of a tense classical music score.
537,44.76159680673446,0.9954250747661478,0.003732870100066066,0.06554232351481915,ddim_lora,A recording of a tense classical music score.
538,44.019973317525476,0.9943182909493922,0.003986950498074293,0.10902412980794907,ddim_lora,A recording of a tense classical music score.
539,44.862099193115206,0.9951865911647142,0.0038623358123004436,0.059639642015099525,ddim_lora,A recording of a tense classical music score.
540,45.06460317384051,0.9938567999500393,0.0033517417032271624,0.09166714176535606,ddim_lora,A metal band playing metal music.
541,42.84420209474155,0.9947518449405144,0.004551101475954056,0.14405582472682,ddim_lora,A metal band playing metal music.
542,45.283454407822305,0.9930872968548522,0.0034641155507415533,0.1424650102853775,ddim_lora,A metal band playing metal music.
543,45.4369506502914,0.9958104198747293,0.0032804266083985567,0.07317919656634331,ddim_lora,A metal band playing metal music.
544,45.47171064136829,0.9956616325189384,0.003510398557409644,0.08382624387741089,ddim_lora,A recording of happy Chinese music.
545,41.3552044425142,0.995442312318078,0.005379663314670324,0.06386185809969902,ddim_lora,A recording of happy Chinese music.
546,45.38039803638013,0.9955526591033074,0.0034033097326755524,0.08897685259580612,ddim_lora,A recording of happy Chinese music.
547,44.870427075494376,0.9962736465268068,0.003705390729010105,0.08131194114685059,ddim_lora,A recording of happy Chinese music.
548,44.32516549832283,0.995146347227397,0.00393421296030283,0.13638892769813538,ddim_lora,"Strings, flutes, and harp playing calm happy rock music."
549,44.12449140859223,0.9934596882762491,0.003840823657810688,0.09672868996858597,ddim_lora,"Strings, flutes, and harp playing calm happy rock music."
550,43.168438489138,0.9916412855686422,0.004423803649842739,0.2256680205464363,ddim_lora,"Strings, flutes, and harp playing calm happy rock music."
551,44.022935656318644,0.9933669162143092,0.004136699717491865,0.12449786067008972,ddim_lora,"Strings, flutes, and harp playing calm happy rock music."
552,42.96823113640166,0.9923497952354696,0.004475259222090244,0.1258620098233223,ddim_lora,A recording of an old timey rock song from the sixties.
553,43.629668629870864,0.9941758966712975,0.004012154880911112,0.10430742427706718,ddim_lora,A recording of an old timey rock song from the sixties.
554,44.000662796532524,0.9935235040947683,0.0038751668762415648,0.11760349199175835,ddim_lora,A recording of an old timey rock song from the sixties.
555,45.3025617329099,0.9964220229088645,0.003356690052896738,0.05099397897720337,ddim_lora,A recording of an old timey rock song from the sixties.
556,42.981274692474436,0.9937543013261977,0.004560668021440506,0.12875088304281235,ddim_lora,"A jazz song with a saxophone, trumpet, guitar, bass and drums playing."
557,43.552361292150046,0.9930045336655346,0.004120556637644768,0.12436030432581902,ddim_lora,"A jazz song with a saxophone, trumpet, guitar, bass and drums playing."
558,44.20790782464916,0.9934777317636166,0.0036337918136268854,0.08708469197154045,ddim_lora,"A jazz song with a saxophone, trumpet, guitar, bass and drums playing."
559,44.51984500587882,0.9950669682167906,0.003729524789378047,0.08895210176706314,ddim_lora,"A jazz song with a saxophone, trumpet, guitar, bass and drums playing."
560,43.544390680675455,0.9935590475278273,0.004107524640858173,0.0969611406326294,ddim_lora,"A banjo is playing a country song, accompanied by guitar and drums."
561,40.74354209968434,0.9901467767456761,0.005613168701529503,0.2011149600148201,ddim_lora,"A banjo is playing a country song, accompanied by guitar and drums."
562,44.56172597635117,0.9933153463375717,0.003747233422473073,0.113716721534729,ddim_lora,"A banjo is playing a country song, accompanied by guitar and drums."
563,40.39594049019048,0.9920794450154801,0.005969583056867123,0.18442191183567047,ddim_lora,"A banjo is playing a country song, accompanied by guitar and drums."
564,46.057827953825225,0.9971458478561452,0.003356229281052947,0.06668053194880486,ddim_lora,A recording of a jazz song.
565,42.79643821485385,0.9957422012494287,0.004651657305657864,0.0884244479238987,ddim_lora,A recording of a jazz song.
566,46.084107178768804,0.9970864082279514,0.0032199639827013016,0.04953136667609215,ddim_lora,A recording of a jazz song.
567,44.676819657347565,0.9937071234410372,0.0034456653520464897,0.14946915954351425,ddim_lora,A recording of a jazz song.
568,45.55018610797301,0.9960521783228796,0.0034597550984472036,0.06447963416576385,ddim_lora,A high quality recording of a woman singing while a piano and drums play in the background.
569,43.17522936315547,0.9904151697283222,0.004346293862909079,0.1873389035463333,ddim_lora,A high quality recording of a woman singing while a piano and drums play in the background.
570,44.215854055867126,0.9937235884968985,0.0038269779179245234,0.08176859840750694,ddim_lora,A high quality recording of a woman singing while a piano and drums play in the background.
571,44.24619162554801,0.9951896676788967,0.003908347804099321,0.07896210253238678,ddim_lora,A high quality recording of a woman singing while a piano and drums play in the background.
572,41.964188696499164,0.9958236894457559,0.005325383506715298,0.05481521412730217,ddim_lora,"A death metal song of a man singing while an electric guitar, bass and drums are playing in the background."
573,39.56326649607447,0.9786773890852908,0.006267893128097057,0.3153579980134964,ddim_lora,"A death metal song of a man singing while an electric guitar, bass and drums are playing in the background."
574,45.52287611713653,0.9963718806300316,0.003245164407417178,0.08306283503770828,ddim_lora,"A death metal song of a man singing while an electric guitar, bass and drums are playing in the background."
575,45.27211041806184,0.9950333207866866,0.0033336367923766375,0.10652672126889229,ddim_lora,"A death metal song of a man singing while an electric guitar, bass and drums are playing in the background."
576,42.93259074536102,0.9914898683089242,0.004474961664527655,0.15880075097084045,ddim_lora,"A jazz song with a saxophone, trumpet, piano, bass and drums playing."
577,42.584691399745374,0.9943429188610782,0.004520548041909933,0.10749029740691185,ddim_lora,"A jazz song with a saxophone, trumpet, piano, bass and drums playing."
578,42.99550572229354,0.9952834136376892,0.004552699159830809,0.08169250562787056,ddim_lora,"A jazz song with a saxophone, trumpet, piano, bass and drums playing."
579,44.40034161167593,0.9932858373438185,0.003718865802511573,0.1138533279299736,ddim_lora,"A jazz song with a saxophone, trumpet, piano, bass and drums playing."
580,43.316315210513665,0.9932834428269054,0.0042493874207139015,0.11398891359567642,ddim_lora,"Guitars, saxophones, and piano playing calm happy jazz music."
581,43.241265756516555,0.9934078553260182,0.004181033931672573,0.0981513112783432,ddim_lora,"Guitars, saxophones, and piano playing calm happy jazz music."
582,40.70544831375702,0.9916383624399565,0.005910302512347698,0.1366351991891861,ddim_lora,"Guitars, saxophones, and piano playing calm happy jazz music."
583,42.79327744721555,0.9919456347027937,0.004613525699824095,0.13473127037286758,ddim_lora,"Guitars, saxophones, and piano playing calm happy jazz music."
584,42.357544976469356,0.9850258830678729,0.00471805315464735,0.30619657039642334,ddim_lora,"A high quality recording of a rock song. a woman singing while a guitar, bass and drums playing in the background, when later a man joins."
585,44.97063163493662,0.9954068676942754,0.0035985796712338924,0.07458416372537613,ddim_lora,"A high quality recording of a rock song. a woman singing while a guitar, bass and drums playing in the background, when later a man joins."
586,43.45484500869783,0.9883869533875498,0.0038844095543026924,0.17401473969221115,ddim_lora,"A high quality recording of a rock song. a woman singing while a guitar, bass and drums playing in the background, when later a man joins."
587,41.982960540229755,0.9885673715644212,0.00551169877871871,0.12646975368261337,ddim_lora,"A high quality recording of a rock song. a woman singing while a guitar, bass and drums playing in the background, when later a man joins."
588,43.521315495410505,0.9953055036735189,0.0040665073320269585,0.09266290813684464,ddim_lora,"A saxophone, piano, bass and drums playing a cool happy song."
589,44.81494331712924,0.9958700725646685,0.003664609044790268,0.1032293550670147,ddim_lora,"A saxophone, piano, bass and drums playing a cool happy song."
590,45.039911314824785,0.9958776426329023,0.0034515548031777143,0.06591018103063107,ddim_lora,"A saxophone, piano, bass and drums playing a cool happy song."
591,45.57321259227564,0.9970648936156569,0.0034301350824534893,0.06776491552591324,ddim_lora,"A saxophone, piano, bass and drums playing a cool happy song."
592,44.27916938957858,0.9952774815353894,0.003583519486710429,0.0923420675098896,ddim_lora,"A guitar playing a cool rock melody while an electric keyboard, bass and drums play in the background."
593,40.27580896770543,0.983083433290814,0.005809680558741093,0.1254376508295536,ddim_lora,"A guitar playing a cool rock melody while an electric keyboard, bass and drums play in the background."
594,45.556923134983236,0.9937710244469399,0.0032484647817909718,0.11190374195575714,ddim_lora,"A guitar playing a cool rock melody while an electric keyboard, bass and drums play in the background."
595,44.646376307349826,0.9945661667974535,0.0034850218798965216,0.10486864671111107,ddim_lora,"A guitar playing a cool rock melody while an electric keyboard, bass and drums play in the background."
596,45.00226406427825,0.9928710344452846,0.0037295694928616285,0.12999481335282326,ddim_lora,An orchestra playing an epic movie soundtrack score. You can hear flutes and strings.
597,44.11026746972931,0.9924150163044377,0.0036666756495833397,0.14129768311977386,ddim_lora,An orchestra playing an epic movie soundtrack score. You can hear flutes and strings.
598,38.924344018942364,0.9860942495684205,0.006164912600070238,0.2428361475467682,ddim_lora,An orchestra playing an epic movie soundtrack score. You can hear flutes and strings.
599,44.22679199815995,0.9943020936730856,0.00393371656537056,0.1425245925784111,ddim_lora,An orchestra playing an epic movie soundtrack score. You can hear flutes and strings.
600,42.999305780992934,0.995723484275563,0.004464392084628344,0.09810060262680054,ddim_lora,Flutes playing classical music.
601,41.00088611142269,0.9942938212045239,0.005756378173828125,0.08954749628901482,ddim_lora,Flutes playing classical music.
602,42.86423576204794,0.9944759276939009,0.004655573051422834,0.09152496233582497,ddim_lora,Flutes playing classical music.
603,39.46611060070647,0.9872989844523131,0.006190917920321226,0.1594119518995285,ddim_lora,Flutes playing classical music.
604,41.478365237091765,0.9920368766019011,0.005269697401672602,0.14684560149908066,ddim_lora,A recording of a cool rhythmic arcade game soundtrack.
605,43.12626249285068,0.9968401759621868,0.004160238429903984,0.0693716462701559,ddim_lora,A recording of a cool rhythmic arcade game soundtrack.
606,43.555821309791426,0.9953477087591607,0.004173103254288435,0.15308382362127304,ddim_lora,A recording of a cool rhythmic arcade game soundtrack.
607,39.940739616482915,0.9853904024767458,0.006148317828774452,0.22352586686611176,ddim_lora,A recording of a cool rhythmic arcade game soundtrack.
608,42.589179260652,0.9927548401874356,0.004687718115746975,0.12624890357255936,ddim_lora,A recording of an old upbeat cool jazz song.
609,43.06064482890221,0.9936011057287936,0.004321178421378136,0.09183221310377121,ddim_lora,A recording of an old upbeat cool jazz song.
610,44.125274042992416,0.9934916794254697,0.0038919164799153805,0.11427515372633934,ddim_lora,A recording of an old upbeat cool jazz song.
611,45.97891670600893,0.9965800623109766,0.0032205632887780666,0.060988541692495346,ddim_lora,A recording of an old upbeat cool jazz song.
612,43.873527265661465,0.9946032310767785,0.0040823533199727535,0.10078029334545135,ddim_lora,A recording of a dark and sad gospel song.
613,43.86629722099141,0.9935390460416954,0.003665950382128358,0.10654141753911972,ddim_lora,A recording of a dark and sad gospel song.
614,44.207557047419314,0.9963787717093655,0.004161641001701355,0.06219235062599182,ddim_lora,A recording of a dark and sad gospel song.
615,43.60905092098761,0.9920167416603423,0.0045181275345385075,0.11468768492341042,ddim_lora,A recording of a dark and sad gospel song.
616,42.883303146887954,0.9949838004970764,0.004420986864715815,0.1097954772412777,ddim_lora,A jazz song of a saxophone playing while bass and drums accompany him.
617,44.1431127234798,0.9934928621629713,0.003788578324019909,0.1313609629869461,ddim_lora,A jazz song of a saxophone playing while bass and drums accompany him.
618,42.88059444052906,0.9949346300516955,0.004459933843463659,0.08651752769947052,ddim_lora,A jazz song of a saxophone playing while bass and drums accompany him.
619,44.991431200228355,0.9935619038703062,0.0035060159862041473,0.09595805779099464,ddim_lora,A jazz song of a saxophone playing while bass and drums accompany him.
620,44.67031603406009,0.9918617125792066,0.003497876226902008,0.1239735409617424,ddim_lora,A recording of an angry metal song.
621,39.372796671593846,0.9915096209697168,0.006625885609537363,0.22551382333040237,ddim_lora,A recording of an angry metal song.
622,37.299257875592055,0.9754772056172105,0.00903971679508686,0.3547704517841339,ddim_lora,A recording of an angry metal song.
623,40.909517178891484,0.9885914099781324,0.005018515978008509,0.18349430710077286,ddim_lora,A recording of an angry metal song.
624,43.24365624899465,0.9913571720409545,0.004305313806980848,0.20112921297550201,ddim_lora,"A trumpet playing an epic solo while a guitar, bass and drums are playing in the background."
625,44.91556181277846,0.9916718157218122,0.003593133296817541,0.10313476994633675,ddim_lora,"A trumpet playing an epic solo while a guitar, bass and drums are playing in the background."
626,45.60521208301076,0.995231972229323,0.003301131073385477,0.06254555284976959,ddim_lora,"A trumpet playing an epic solo while a guitar, bass and drums are playing in the background."
627,42.915779604743875,0.9941449571832143,0.004385223612189293,0.15480051934719086,ddim_lora,"A trumpet playing an epic solo while a guitar, bass and drums are playing in the background."
628,43.49478894047885,0.9940075759389333,0.004295813851058483,0.07685882225632668,ddim_lora,A high quality recording of a woman singing while a bass and drums play in the background.
629,44.65429418276309,0.9951659811085233,0.0036109413485974073,0.07402852550148964,ddim_lora,A high quality recording of a woman singing while a bass and drums play in the background.
630,40.108542873527846,0.9875334892324262,0.0060839345678687096,0.17182066291570663,ddim_lora,A high quality recording of a woman singing while a bass and drums play in the background.
631,39.39350169669021,0.9896618299846044,0.004919573664665222,0.21962326020002365,ddim_lora,A high quality recording of a woman singing while a bass and drums play in the background.
632,36.85178859050109,0.9809651894670812,0.008412562310695648,0.3136556148529053,ddim_lora,"A high quality recording of a trumpet, bass and drums playing."
633,44.876355446883736,0.9945565288932,0.003699522465467453,0.07345789670944214,ddim_lora,"A high quality recording of a trumpet, bass and drums playing."
634,37.82430032717151,0.9826278484943518,0.008069534786045551,0.38247326016426086,ddim_lora,"A high quality recording of a trumpet, bass and drums playing."
635,42.28476014498277,0.9897407814736802,0.005033242981880903,0.211423359811306,ddim_lora,"A high quality recording of a trumpet, bass and drums playing."
636,42.81009046389832,0.9956399858288344,0.003945576958358288,0.14902453124523163,ddim_lora,A recording of a techno song.
637,39.11669613104454,0.9925621544424077,0.006912809796631336,0.10398140922188759,ddim_lora,A recording of a techno song.
638,45.635392057671645,0.9976951174939983,0.003103001043200493,0.06583625450730324,ddim_lora,A recording of a techno song.
639,45.03931499629119,0.9947208290662682,0.0033786939457058907,0.132629856467247,ddim_lora,A recording of a techno song.
640,44.16287631246468,0.9938238260084504,0.0038834577426314354,0.12953264266252518,ddim_lora,A recording of an upbeat country song.
641,44.53905248600118,0.9950492909063862,0.0037519324105232954,0.11796056106686592,ddim_lora,A recording of an upbeat country song.
642,44.45096879165898,0.9932378351936477,0.003573657013475895,0.09429728239774704,ddim_lora,A recording of an upbeat country song.
643,44.280878585262904,0.9942930482834964,0.0038489168509840965,0.10473576933145523,ddim_lora,A recording of an upbeat country song.
644,41.0819637282126,0.991698239627076,0.005526527762413025,0.20979474484920502,ddim_lora,A high quality recording of a flute playing a cool rock solo with accompaniment.
645,44.58977255313705,0.994506784123554,0.0037149647250771523,0.08066010475158691,ddim_lora,A high quality recording of a flute playing a cool rock solo with accompaniment.
646,40.88690819233628,0.9893755388539849,0.005392278544604778,0.18735960125923157,ddim_lora,A high quality recording of a flute playing a cool rock solo with accompaniment.
647,36.983988610081,0.9875259452310134,0.009320490062236786,0.2127338945865631,ddim_lora,A high quality recording of a flute playing a cool rock solo with accompaniment.
648,43.89824103897959,0.992556929514697,0.004097165539860725,0.14080534875392914,ddim_lora,A recording of harsh and scary Chinese music.
649,44.614551292332784,0.9948930803055183,0.0038128721062093973,0.0811290591955185,ddim_lora,A recording of harsh and scary Chinese music.
650,44.5604689828383,0.9951017877199635,0.0038301190361380577,0.08884283155202866,ddim_lora,A recording of harsh and scary Chinese music.
651,44.23051700585739,0.9939773470523382,0.003914813045412302,0.10952163115143776,ddim_lora,A recording of harsh and scary Chinese music.
652,43.70655773466468,0.9932923275072366,0.00406068516895175,0.1386369988322258,ddim_lora,"A banjo playing alongside a piano, bass and drums in an upbeat old-timey cool country song."
653,44.807229364611004,0.9964912063786796,0.0036612171679735184,0.0861645806580782,ddim_lora,"A banjo playing alongside a piano, bass and drums in an upbeat old-timey cool country song."
654,45.800185154111176,0.9960378629546662,0.0033137788996100426,0.07712503522634506,ddim_lora,"A banjo playing alongside a piano, bass and drums in an upbeat old-timey cool country song."
655,43.98683378275203,0.994869936024258,0.0038671523798257113,0.10546669736504555,ddim_lora,"A banjo playing alongside a piano, bass and drums in an upbeat old-timey cool country song."
656,45.34369972592593,0.9943998819799182,0.003595599438995123,0.1179317943751812,ddim_lora,A recording of a movie soundtrack.
657,44.876532056564585,0.9919037355803333,0.003676709020510316,0.14198443293571472,ddim_lora,A recording of a movie soundtrack.
658,43.67452841683715,0.9918778951807614,0.00418748939409852,0.18356798589229584,ddim_lora,A recording of a movie soundtrack.
659,45.55155373409026,0.994446242277378,0.003444202011451125,0.07420753315091133,ddim_lora,A recording of a movie soundtrack.
660,44.70088840615948,0.9955736608647408,0.003595266491174698,0.07377195358276367,ddim_lora,A rap song of a man singing while bass and drums accompany him.
661,43.473127460564,0.9948910730534014,0.004006328526884317,0.07699544355273247,ddim_lora,A rap song of a man singing while bass and drums accompany him.
662,43.811840053702305,0.995115519900164,0.004028357099741697,0.06925591826438904,ddim_lora,A rap song of a man singing while bass and drums accompany him.
663,43.09560988967786,0.994957691361257,0.004178715404123068,0.06569201499223709,ddim_lora,A rap song of a man singing while bass and drums accompany him.
664,44.754727856391185,0.9942100543563714,0.0035499613732099533,0.09071841090917587,ddim_lora,A recording of an old timey rock song from the eighties.
665,43.91337678387075,0.9944594334764959,0.004078250844031572,0.08968093618750572,ddim_lora,A recording of an old timey rock song from the eighties.
666,45.374756650466274,0.9951791205703415,0.003398904809728265,0.09549606591463089,ddim_lora,A recording of an old timey rock song from the eighties.
667,44.46130694859505,0.9937938628890648,0.0037216534838080406,0.12886400148272514,ddim_lora,A recording of an old timey rock song from the eighties.
668,43.792328240646,0.994292259089237,0.0041177221573889256,0.08998391032218933,ddim_lora,"A high quality recording of a piano, flutes and drums playing."
669,43.40505852058067,0.9963662440478469,0.004396422766149044,0.05225686728954315,ddim_lora,"A high quality recording of a piano, flutes and drums playing."
670,43.18900639548548,0.9937848090149256,0.004326654132455587,0.1512201651930809,ddim_lora,"A high quality recording of a piano, flutes and drums playing."
671,43.975635155046255,0.9957693568046821,0.004077218472957611,0.07276960276067257,ddim_lora,"A high quality recording of a piano, flutes and drums playing."
672,44.89019313518517,0.9904584802752973,0.0034698075614869595,0.14375707507133484,ddim_lora,A recording of a cool mysterious orchestral movie soundtrack song.
673,43.45550948821832,0.9951979363534637,0.004117196891456842,0.11319882795214653,ddim_lora,A recording of a cool mysterious orchestral movie soundtrack song.
674,44.133486665411866,0.9948059673486984,0.0040302276611328125,0.0905318446457386,ddim_lora,A recording of a cool mysterious orchestral movie soundtrack song.
675,42.11209979618178,0.9904104751676864,0.004700059071183205,0.1607104390859604,ddim_lora,A recording of a cool mysterious orchestral movie soundtrack song.
676,41.82271234509973,0.9898366887014104,0.0052092899568378925,0.15653078258037567,ddim_lora,"A guitar, piano, bass and drums playing a cool happy song."
677,44.41044458619282,0.9959760620367636,0.003797481069341302,0.10729486867785454,ddim_lora,"A guitar, piano, bass and drums playing a cool happy song."
678,45.44761597935239,0.9961608636238455,0.0033373937476426363,0.07677048444747925,ddim_lora,"A guitar, piano, bass and drums playing a cool happy song."
679,44.81495608250459,0.9953927698252282,0.0036881500855088234,0.0881149023771286,ddim_lora,"A guitar, piano, bass and drums playing a cool happy song."
680,40.59377894547738,0.9899397403458637,0.005395669024437666,0.2577468454837799,ddim_lora,A recording of an epic classical score.
681,42.506441811450316,0.9956491732995912,0.004783130716532469,0.10487357527017593,ddim_lora,A recording of an epic classical score.
682,41.52651739260514,0.9893040209257286,0.005099039990454912,0.20094378292560577,ddim_lora,A recording of an epic classical score.
683,44.1202741787363,0.9950317136739371,0.004270717967301607,0.10530022159218788,ddim_lora,A recording of an epic classical score.
684,43.67360163991707,0.9939108851776806,0.004077659919857979,0.11582978069782257,ddim_lora,"A high quality recording of violins playing a melody and a piano, bass and drums accompany them."
685,45.12493379220363,0.9947139712161556,0.0034900950267910957,0.115189079195261,ddim_lora,"A high quality recording of violins playing a melody and a piano, bass and drums accompany them."
686,41.96296591061746,0.9948056248584853,0.005139125045388937,0.12977271899580956,ddim_lora,"A high quality recording of violins playing a melody and a piano, bass and drums accompany them."
687,42.98592897683147,0.9899150249786673,0.004485799465328455,0.14447879791259766,ddim_lora,"A high quality recording of violins playing a melody and a piano, bass and drums accompany them."
688,43.815639577315864,0.9953137091198837,0.0040440866723656654,0.08576874807476997,ddim_lora,A recording of a pop song.
689,45.23038717886861,0.9916370469434004,0.0033327837008982897,0.12734536826610565,ddim_lora,A recording of a pop song.
690,45.77792665387109,0.9965299692935643,0.003176761092618108,0.06814477033913136,ddim_lora,A recording of a pop song.
691,44.913892859167476,0.9965444364588796,0.003519723890349269,0.051033759489655495,ddim_lora,A recording of a pop song.
692,43.8453409884477,0.9908567761453911,0.003947066608816385,0.1617090106010437,ddim_lora,A recording of a grunge rock song.
693,44.83206589926324,0.9949462781528996,0.0035603418946266174,0.13053327053785324,ddim_lora,A recording of a grunge rock song.
694,45.517025198651446,0.9951372409624472,0.0030857534147799015,0.10096317157149315,ddim_lora,A recording of a grunge rock song.
695,44.895249813594546,0.9954499966448517,0.0036307694390416145,0.07273823767900467,ddim_lora,A recording of a grunge rock song.
696,41.24302550360155,0.9932622720895009,0.005514460150152445,0.15499043464660645,ddim_lora,A high quality recording of flutes and drums playing.
697,43.93294430742537,0.991152045345642,0.003931935410946608,0.5762497633695602,ddim_lora,A high quality recording of flutes and drums playing.
698,45.27206709596828,0.9927134295816264,0.0035585667937994003,0.1364848092198372,ddim_lora,A high quality recording of flutes and drums playing.
699,46.254683322643224,0.9973425229613678,0.003183655207976699,0.04106352850794792,ddim_lora,A high quality recording of flutes and drums playing.
700,39.24311613669955,0.9877569360247498,0.007161133922636509,0.1241077333688736,ddim_lora,A recording of an epic soundtrack.
701,42.83427772942123,0.9947286994601421,0.004764018580317497,0.08402737230062485,ddim_lora,A recording of an epic soundtrack.
702,44.02330845677176,0.994220020803218,0.003913803491741419,0.12408483400940895,ddim_lora,A recording of an epic soundtrack.
703,43.97083146777654,0.9924686242753828,0.004111291840672493,0.15325738489627838,ddim_lora,A recording of an epic soundtrack.
704,43.995765508420845,0.9950144908512181,0.00404353579506278,0.11378386616706848,ddim_lora,"A trumpet, piano, bass and drums playing a cool happy song."
705,41.726427824256646,0.9901226910857887,0.005052382126450539,0.15942831337451935,ddim_lora,"A trumpet, piano, bass and drums playing a cool happy song."
706,45.80759327873138,0.9957567323831885,0.003193645505234599,0.07924138009548187,ddim_lora,"A trumpet, piano, bass and drums playing a cool happy song."
707,44.44463172816719,0.9954767413816816,0.003698133397847414,0.12104734033346176,ddim_lora,"A trumpet, piano, bass and drums playing a cool happy song."
708,43.983654211828885,0.9941340138291285,0.0038338678423315287,0.1095212921500206,ddim_lora,A recording of a cool rock song.
709,43.760757824969474,0.9931874118939716,0.003917195368558168,0.10542533174157143,ddim_lora,A recording of a cool rock song.
710,45.276042406316385,0.9946620741109066,0.003382344264537096,0.10975542664527893,ddim_lora,A recording of a cool rock song.
711,45.21829271029827,0.9923943106783073,0.003460245206952095,0.15941904485225677,ddim_lora,A recording of a cool rock song.
712,45.55261551631898,0.9944241470164855,0.00320184463635087,0.0773405209183693,ddim_lora,A high quality recording of a rock band playing.
713,45.561574001008026,0.9950356936419273,0.0033275673631578684,0.08942480757832527,ddim_lora,A high quality recording of a rock band playing.
714,45.18243396448577,0.9956246460275978,0.0035629395861178637,0.09664766117930412,ddim_lora,A high quality recording of a rock band playing.
715,43.8503606875102,0.9922369639182316,0.003919645212590694,0.23541052639484406,ddim_lora,A high quality recording of a rock band playing.
716,43.84556294307287,0.9942669621849499,0.004100435879081488,0.1077149398624897,ddim_lora,A high quality recording of a jazz band playing a happy song.
717,42.38665054759774,0.9928429754674868,0.004776336252689362,0.12635688483715057,ddim_lora,A high quality recording of a jazz band playing a happy song.
718,41.95015501366835,0.9927259124231792,0.004962848499417305,0.10900559276342392,ddim_lora,A high quality recording of a jazz band playing a happy song.
719,41.77787646328365,0.9901774968587744,0.0050350078381598,0.24534636735916138,ddim_lora,A high quality recording of a jazz band playing a happy song.
720,44.40494369884136,0.9955417756342306,0.0037299287505447865,0.09138932824134827,ddim_lora,"a saxophone, violin, piano, bass and drums playing."
721,41.774111159648044,0.9914516974750467,0.005177977494895458,0.13611358776688576,ddim_lora,"a saxophone, violin, piano, bass and drums playing."
722,45.23487310775985,0.9952416019808246,0.0033693627920001745,0.08090740442276001,ddim_lora,"a saxophone, violin, piano, bass and drums playing."
723,43.851433271880325,0.9941840373656096,0.003708342555910349,0.08048233017325401,ddim_lora,"a saxophone, violin, piano, bass and drums playing."
724,46.24708232170843,0.9964501020214586,0.0031752861104905605,0.051243651658296585,ddim_lora,"A metal song with a singer, bass and drums playing."
725,36.416680321360445,0.9668398146108784,0.008189188316464424,0.36616215109825134,ddim_lora,"A metal song with a singer, bass and drums playing."
726,44.57191684471613,0.9918196069694429,0.0036079559940844774,0.16046540439128876,ddim_lora,"A metal song with a singer, bass and drums playing."
727,45.009688080261334,0.9923529796324253,0.0033092654775828123,0.17719649523496628,ddim_lora,"A metal song with a singer, bass and drums playing."
728,42.203149974189465,0.9942555791187809,0.004765803460031748,0.1103133074939251,ddim_lora,"A high quality recording of a trumpet, a piano, a bass guitar and drums playing."
729,43.111762748616734,0.9875998903482054,0.004419630393385887,0.1318696364760399,ddim_lora,"A high quality recording of a trumpet, a piano, a bass guitar and drums playing."
730,40.76796281412432,0.9899699720361019,0.00567694753408432,0.166629821062088,ddim_lora,"A high quality recording of a trumpet, a piano, a bass guitar and drums playing."
731,40.103305974736834,0.9890495129591447,0.005575983785092831,0.31227971613407135,ddim_lora,"A high quality recording of a trumpet, a piano, a bass guitar and drums playing."
732,43.15610120723989,0.9936362701516672,0.004501395393162966,0.12667274475097656,ddim_lora,A high quality recording of a piano playing a melody while another piano and drums are playing in the background.
733,43.9362570346269,0.9938570730642056,0.004241700284183025,0.10795188695192337,ddim_lora,A high quality recording of a piano playing a melody while another piano and drums are playing in the background.
734,43.11694947565799,0.9908002047731422,0.003948355559259653,0.14368100464344025,ddim_lora,A high quality recording of a piano playing a melody while another piano and drums are playing in the background.
735,44.69003235559591,0.9973111909471193,0.0037762499414384365,0.0522709246724844,ddim_lora,A high quality recording of a piano playing a melody while another piano and drums are playing in the background.
736,45.241890863750676,0.9954716263658556,0.0034829231444746256,0.08928197622299194,ddim_lora,"A woman humming a quiet jazz melody, with an accompaniment of bass and drums."
737,44.30679050127232,0.9936912016599764,0.0038235208485275507,0.09798803925514221,ddim_lora,"A woman humming a quiet jazz melody, with an accompaniment of bass and drums."
738,42.04468560187656,0.9941655432732995,0.004764653742313385,0.13519668579101562,ddim_lora,"A woman humming a quiet jazz melody, with an accompaniment of bass and drums."
739,44.20053151668804,0.9928999553012838,0.0037863317411392927,0.1285678744316101,ddim_lora,"A woman humming a quiet jazz melody, with an accompaniment of bass and drums."
740,44.150901811820574,0.9954704162751853,0.0039765783585608006,0.1048198752105236,ddim_lora,A high quality recording of a man singing and violins playing a happy and emotional  piece.
741,43.89875456420231,0.9949660577629549,0.003996758721768856,0.10792245343327522,ddim_lora,A high quality recording of a man singing and violins playing a happy and emotional  piece.
742,42.79994330873855,0.9961476038958247,0.004469832871109247,0.08687850087881088,ddim_lora,A high quality recording of a man singing and violins playing a happy and emotional  piece.
743,44.45053708749679,0.9956131977152087,0.0038319043815135956,0.07943138480186462,ddim_lora,A high quality recording of a man singing and violins playing a happy and emotional  piece.
744,43.92055702891808,0.9921607080641416,0.003871653461828828,0.11331048607826233,ddim_lora,A high quality recording of a rock band playing a somber rock song.
745,43.222349645853356,0.9906617460824018,0.00419573113322258,0.14345165342092514,ddim_lora,A high quality recording of a rock band playing a somber rock song.
746,44.894357558179905,0.9952760251184546,0.003492782125249505,0.08460484445095062,ddim_lora,A high quality recording of a rock band playing a somber rock song.
747,45.31888178332892,0.9952739988207264,0.003412663470953703,0.06312138959765434,ddim_lora,A high quality recording of a rock band playing a somber rock song.
748,45.48646212625583,0.9944373608625849,0.003174077020958066,0.11941999942064285,ddim_lora,A recording of an old upbeat cool rock song.
749,43.6164733790378,0.9957577938646404,0.004096006974577904,0.08660009130835533,ddim_lora,A recording of an old upbeat cool rock song.
750,44.379221147983614,0.995974360741777,0.003959269728511572,0.08979348093271255,ddim_lora,A recording of an old upbeat cool rock song.
751,44.41568294350873,0.9943779567458586,0.003780410159379244,0.11022639274597168,ddim_lora,A recording of an old upbeat cool rock song.
752,44.4614689424915,0.9928296827976685,0.0036438440438359976,0.12182958424091339,ddim_lora,A recording of a heavy metal song.
753,42.79982072717563,0.9933344666760027,0.004874272271990776,0.1183767020702362,ddim_lora,A recording of a heavy metal song.
754,39.70847853554476,0.9897782695932416,0.006703351158648729,0.13947579264640808,ddim_lora,A recording of a heavy metal song.
755,42.2980273651395,0.9923842142442815,0.00510344048961997,0.11636897176504135,ddim_lora,A recording of a heavy metal song.
756,43.99501055587211,0.9925779071254685,0.003843048820272088,0.12706343829631805,ddim_lora,A recording of a Chinese song.
757,44.695647369581664,0.9942970467545225,0.0036343634128570557,0.12145540118217468,ddim_lora,A recording of a Chinese song.
758,45.27211114971763,0.9938512750889967,0.0035397587344050407,0.08813578635454178,ddim_lora,A recording of a Chinese song.
759,40.12599182277626,0.9928582871516123,0.006044011563062668,0.16629065573215485,ddim_lora,A recording of a Chinese song.
760,45.802991003427124,0.9964223095188407,0.00329076056368649,0.08429047837853432,ddim_lora,"A high quality recording of a trumpet, a guitar, a piano, a bass guitar and drums playing."
761,45.66912449564882,0.9953048303816622,0.00324613181874156,0.12188698351383209,ddim_lora,"A high quality recording of a trumpet, a guitar, a piano, a bass guitar and drums playing."
762,45.46552453137668,0.9969279459840227,0.003265833482146263,0.061426831409335136,ddim_lora,"A high quality recording of a trumpet, a guitar, a piano, a bass guitar and drums playing."
763,45.14072703066658,0.9955885221607523,0.003534811083227396,0.07908612489700317,ddim_lora,"A high quality recording of a trumpet, a guitar, a piano, a bass guitar and drums playing."
764,43.734530798421474,0.9918962912938142,0.004033311270177364,0.19708310812711716,ddim_lora,A recording of calm happy rock song.
765,43.98088035696947,0.9932865443641065,0.003836740041151643,0.11675706878304482,ddim_lora,A recording of calm happy rock song.
766,41.13836650381959,0.9919591217366803,0.0055333953350782394,0.11632136255502701,ddim_lora,A recording of calm happy rock song.
767,44.16949344838127,0.9940472333843763,0.0038619008846580982,0.10436699539422989,ddim_lora,A recording of calm happy rock song.
768,41.44709928776848,0.9916557874295446,0.00512788025662303,0.15644550323486328,ddim_lora,A recording of a rave techno song.
769,41.94097652681186,0.9925862323196644,0.0049410792998969555,0.21428659558296204,ddim_lora,A recording of a rave techno song.
770,43.44043395469811,0.9956412806581036,0.004169469699263573,0.06794461607933044,ddim_lora,A recording of a rave techno song.
771,45.85045813024805,0.9964256827431739,0.0032584676519036293,0.05914638191461563,ddim_lora,A recording of a rave techno song.
772,41.77471157057258,0.9966712598389028,0.004965394735336304,0.04870030842721462,ddim_lora,A high quality recording of a woman vocalizing an epic opera solo with accompaniment.
773,43.78100282328228,0.9933549427503273,0.003988450393080711,0.1306629776954651,ddim_lora,A high quality recording of a woman vocalizing an epic opera solo with accompaniment.
774,43.332398047737044,0.9934243918108636,0.004406564403325319,0.10216987133026123,ddim_lora,A high quality recording of a woman vocalizing an epic opera solo with accompaniment.
775,45.24541437638533,0.9942849075115294,0.0036732484586536884,0.08839337155222893,ddim_lora,A high quality recording of a woman vocalizing an epic opera solo with accompaniment.
776,41.09366031365952,0.9951046485089395,0.004877790808677673,0.05267835035920143,ddim_lora,A high quality recording of Arabic instruments playing.
777,42.7959126885319,0.9944907738714185,0.0046106139197945595,0.1420920565724373,ddim_lora,A high quality recording of Arabic instruments playing.
778,45.629503880061584,0.9969066720342302,0.0033622996415942907,0.07560095191001892,ddim_lora,A high quality recording of Arabic instruments playing.
779,36.54502307587314,0.9881960837732321,0.007945097982883453,0.3476925194263458,ddim_lora,A high quality recording of Arabic instruments playing.
780,42.34406119450497,0.9939168365918369,0.004843974020332098,0.1379886232316494,ddim_lora,A calm song with violins and drums playing.
781,43.585116515366884,0.9951313521149138,0.004236312583088875,0.08008942008018494,ddim_lora,A calm song with violins and drums playing.
782,43.03185163868092,0.9910367430375879,0.004405532032251358,0.18069396167993546,ddim_lora,A calm song with violins and drums playing.
783,43.19114135905336,0.9950478349301679,0.004320914391428232,0.09919075667858124,ddim_lora,A calm song with violins and drums playing.
784,44.32066747683304,0.9941170572445908,0.003936493303626776,0.11302053928375244,ddim_lora,Flutes and guitars playing a happy calm song.
785,44.851685703110576,0.9954948395148763,0.0038066557608544827,0.08690798282623291,ddim_lora,Flutes and guitars playing a happy calm song.
786,44.15914861350167,0.997058314022076,0.004064393695443869,0.06973796710371971,ddim_lora,Flutes and guitars playing a happy calm song.
787,40.70140891298546,0.9910283760933145,0.005536946002393961,0.187582865357399,ddim_lora,Flutes and guitars playing a happy calm song.
788,43.166616830403754,0.9941537673612694,0.004416113253682852,0.10968425869941711,ddim_lora,"A violin and a saxophone playing a cool jazz melody, with an accompaniment of a piano, bass and drums."
789,44.16387164163513,0.9937632996761021,0.0038911360315978527,0.14797381311655045,ddim_lora,"A violin and a saxophone playing a cool jazz melody, with an accompaniment of a piano, bass and drums."
790,42.76743105155157,0.9942945052712449,0.004676501732319593,0.120975062251091,ddim_lora,"A violin and a saxophone playing a cool jazz melody, with an accompaniment of a piano, bass and drums."
791,41.4874358322278,0.9955011901456181,0.005447328090667725,0.07736589014530182,ddim_lora,"A violin and a saxophone playing a cool jazz melody, with an accompaniment of a piano, bass and drums."
792,43.44793778818825,0.9941381711204832,0.004035449121147394,0.10748615488409996,ddim_lora,A recording of upbeat pop music.
793,42.77712801918955,0.9920854909890542,0.00456283101812005,0.1453268639743328,ddim_lora,A recording of upbeat pop music.
794,42.94673175545283,0.9928346227723763,0.00458384957164526,0.13758588582277298,ddim_lora,A recording of upbeat pop music.
795,46.0908859486175,0.996526161101154,0.0030195731669664383,0.08612141385674477,ddim_lora,A recording of upbeat pop music.
796,43.29790581100088,0.9937834827535903,0.004236780107021332,0.11193178594112396,ddim_lora,"A saxophone playing while a guitar, bass and drums playing in the background."
797,41.30612680616048,0.9912563885316393,0.004975454416126013,0.17803288251161575,ddim_lora,"A saxophone playing while a guitar, bass and drums playing in the background."
798,44.19858736198077,0.995184652067345,0.0037796380929648876,0.08927653729915619,ddim_lora,"A saxophone playing while a guitar, bass and drums playing in the background."
799,44.09796720862932,0.9948259980451605,0.003804730251431465,0.08106726035475731,ddim_lora,"A saxophone playing while a guitar, bass and drums playing in the background."
800,43.20430697793525,0.9930374385537982,0.004436364397406578,0.12628882005810738,ddim_lora,A recording of a happy country song.
801,43.17487476233338,0.9916111638437394,0.004468962550163269,0.12353809550404549,ddim_lora,A recording of a happy country song.
802,43.862442464597564,0.9940197118891584,0.004186703823506832,0.11208710074424744,ddim_lora,A recording of a happy country song.
803,43.01043097722777,0.9925472422522065,0.004354691598564386,0.11201034486293793,ddim_lora,A recording of a happy country song.
804,43.69609401751387,0.9938923272056743,0.00421221973374486,0.08403174579143524,ddim_lora,"A woman is singing a country song with a trumpet, bass and drums playing in the background."
805,42.547966393746385,0.9937612319268139,0.004719750490039587,0.12044720351696014,ddim_lora,"A woman is singing a country song with a trumpet, bass and drums playing in the background."
806,42.99473034200665,0.9940281265155341,0.004445791244506836,0.12271763011813164,ddim_lora,"A woman is singing a country song with a trumpet, bass and drums playing in the background."
807,40.96253427009819,0.9894874394898051,0.005295560695230961,0.20297692716121674,ddim_lora,"A woman is singing a country song with a trumpet, bass and drums playing in the background."
808,43.79859171839111,0.9956356802499741,0.003996444400399923,0.0756608434021473,ddim_lora,A recording of an old upbeat cool Arabic song.
809,46.45630003878089,0.9971992975735413,0.00298722623847425,0.047873321920633316,ddim_lora,A recording of an old upbeat cool Arabic song.
810,42.31541551548802,0.9934640301854827,0.00471516465768218,0.20800674706697464,ddim_lora,A recording of an old upbeat cool Arabic song.
811,45.55723024776188,0.9953662466962125,0.003215286647900939,0.08745251595973969,ddim_lora,A recording of an old upbeat cool Arabic song.
812,45.67934950963404,0.9952340200364395,0.003294779686257243,0.07185600697994232,ddim_lora,"A guitar playing a romantic country melody while a piano, bass and drums play in the background."
813,43.950963455580904,0.9939728482207818,0.003976142965257168,0.10020770877599716,ddim_lora,"A guitar playing a romantic country melody while a piano, bass and drums play in the background."
814,44.83590492547105,0.9945909333724846,0.003612375818192959,0.10706699639558792,ddim_lora,"A guitar playing a romantic country melody while a piano, bass and drums play in the background."
815,44.757212471761115,0.9946036746796729,0.003689379431307316,0.11154981330037117,ddim_lora,"A guitar playing a romantic country melody while a piano, bass and drums play in the background."
816,38.14513776105804,0.9861532241698026,0.007266942877322435,0.10605288296937943,ddim_lora,A high quality recording of a retro arcade soundtrack playing.
817,44.72913454209898,0.9942513013867524,0.003463743021711707,0.08904948830604553,ddim_lora,A high quality recording of a retro arcade soundtrack playing.
818,43.15007141640797,0.9918721801106899,0.004134060349315405,0.16022253036499023,ddim_lora,A high quality recording of a retro arcade soundtrack playing.
819,33.147720016686684,0.9820073407829705,0.011884698644280434,0.23075047135353088,ddim_lora,A high quality recording of a retro arcade soundtrack playing.
820,39.54113368113558,0.9934545235078608,0.006879834923893213,0.15712270140647888,ddim_lora,Strings playing a scary death metal melody with trumpets and drums accompaniment in the background.
821,45.40948859986837,0.9946865641509235,0.003605425823479891,0.09909076616168022,ddim_lora,Strings playing a scary death metal melody with trumpets and drums accompaniment in the background.
822,42.91585244907708,0.9936892799704068,0.0047253635711967945,0.1625836193561554,ddim_lora,Strings playing a scary death metal melody with trumpets and drums accompaniment in the background.
823,45.61614933389141,0.9936329775734208,0.0033981390297412872,0.129411019384861,ddim_lora,Strings playing a scary death metal melody with trumpets and drums accompaniment in the background.
824,45.44264042497712,0.9953986128926992,0.003230480710044503,0.08166169747710228,ddim_lora,"A punk song of a man singing while a guitar, bass and drums accompany him."
825,44.87957819662565,0.9940357759602734,0.003391118021681905,0.10239697247743607,ddim_lora,"A punk song of a man singing while a guitar, bass and drums accompany him."
826,44.33095475021539,0.9940488694583554,0.0038092045579105616,0.16415933892130852,ddim_lora,"A punk song of a man singing while a guitar, bass and drums accompany him."
827,45.22953394480688,0.9937805071927454,0.003438273910433054,0.11624011397361755,ddim_lora,"A punk song of a man singing while a guitar, bass and drums accompany him."
828,45.69321705598858,0.9963932942133508,0.0032482855021953583,0.06151481345295906,ddim_lora,A recording of a calm reggae song.
829,43.35924926791169,0.9956444311239188,0.004362462088465691,0.1129404604434967,ddim_lora,A recording of a calm reggae song.
830,42.84209893184904,0.9944405975444583,0.004151652567088604,0.083073440939188,ddim_lora,A recording of a calm reggae song.
831,42.912057328936584,0.9918832427860093,0.0043244375847280025,0.19758431613445282,ddim_lora,A recording of a calm reggae song.
832,42.12867641524346,0.9935218162093645,0.0044864509254693985,0.11213681101799011,ddim_lora,A recording of an upbeat cool jazz song.
833,44.9794045950876,0.9947068238858624,0.00374971074052155,0.0830274187028408,ddim_lora,A recording of an upbeat cool jazz song.
834,46.052373964034246,0.9960358254463998,0.003146812552586198,0.08235253766179085,ddim_lora,A recording of an upbeat cool jazz song.
835,41.65663722447985,0.9880536107669075,0.005279023665934801,0.24909836798906326,ddim_lora,A recording of an upbeat cool jazz song.
836,43.87362379686319,0.9967241714403781,0.004133947659283876,0.05917227640748024,ddim_lora,A recording of a happy upbeat classical music piece.
837,44.59747748879579,0.9959046787822078,0.003846424864605069,0.08908474817872047,ddim_lora,A recording of a happy upbeat classical music piece.
838,44.05666086684879,0.9966528265836303,0.004280766937881708,0.05298319272696972,ddim_lora,A recording of a happy upbeat classical music piece.
839,45.05639325299172,0.9946499651412077,0.003621137235313654,0.08435643464326859,ddim_lora,A recording of a happy upbeat classical music piece.
840,45.65182697405875,0.994852935070556,0.0031650743912905455,0.11872053518891335,ddim_lora,A high quality recording of strings playing.
841,45.858620579947626,0.997699323166349,0.0034884484484791756,0.038444818928837776,ddim_lora,A high quality recording of strings playing.
842,46.44956849367699,0.9932125773305945,0.0028118037153035402,0.10593153536319733,ddim_lora,A high quality recording of strings playing.
843,45.164735421293926,0.9959747491038264,0.0034300945699214935,0.08078170195221901,ddim_lora,A high quality recording of strings playing.
844,40.00432015871405,0.9888031479882805,0.006781788542866707,0.12951411306858063,ddim_lora,"A high quality recording of a woman singing, and a piano, bass and drums playing."
845,44.748065590039694,0.9965605978646911,0.0037776262033730745,0.07819202914834023,ddim_lora,"A high quality recording of a woman singing, and a piano, bass and drums playing."
846,44.353877101144725,0.9935313340173486,0.003786292392760515,0.13324406743049622,ddim_lora,"A high quality recording of a woman singing, and a piano, bass and drums playing."
847,45.465592576106886,0.99600997551545,0.003374525113031268,0.058299778029322624,ddim_lora,"A high quality recording of a woman singing, and a piano, bass and drums playing."
848,44.60902545507694,0.995324539491188,0.003510486101731658,0.10592196881771088,ddim_lora,"A woman is singing while another woman, guitars, drums and bass are playing in the background."
849,45.438174236861364,0.9963775255535585,0.0033974475227296352,0.06665438041090965,ddim_lora,"A woman is singing while another woman, guitars, drums and bass are playing in the background."
850,32.70749101533694,0.9576605385799438,0.013631847687065601,0.9242049157619476,ddim_lora,"A woman is singing while another woman, guitars, drums and bass are playing in the background."
851,39.50518287922164,0.9927016232157797,0.0068366737104952335,0.13290170580148697,ddim_lora,"A woman is singing while another woman, guitars, drums and bass are playing in the background."
852,44.6223135610996,0.9956122453993482,0.0035338890738785267,0.08766931295394897,ddim_lora,A reggae song of a woman singing while bass and drums accompany her.
853,42.85771042303128,0.994370178892376,0.004337673541158438,0.10583841800689697,ddim_lora,A reggae song of a woman singing while bass and drums accompany her.
854,44.22518680014069,0.9942602785439392,0.0037051676772534847,0.0781317874789238,ddim_lora,A reggae song of a woman singing while bass and drums accompany her.
855,42.47277189645972,0.9944620639956109,0.004670309368520975,0.09295272827148438,ddim_lora,A reggae song of a woman singing while bass and drums accompany her.
856,43.22493644867247,0.9945190730629336,0.004272082354873419,0.10573621839284897,ddim_lora,A high quality recording of flutes and a saxophone playing.
857,45.68341509847569,0.996034305291968,0.0032275260891765356,0.11050616204738617,ddim_lora,A high quality recording of flutes and a saxophone playing.
858,42.57827642797565,0.9941370720878632,0.004239162430167198,0.09712262079119682,ddim_lora,A high quality recording of flutes and a saxophone playing.
859,37.71608665123479,0.9886717906803237,0.006449277978390455,0.11252067796885967,ddim_lora,A high quality recording of flutes and a saxophone playing.
860,44.51100591729706,0.9958333756967163,0.0038469296414405107,0.06857546418905258,ddim_lora,A high quality recording of a woman singing while an orchestra play in the background.
861,44.70855882743245,0.9956498667786865,0.0036800920497626066,0.07392883859574795,ddim_lora,A high quality recording of a woman singing while an orchestra play in the background.
862,41.959461846438124,0.9898628782308123,0.00484359310939908,0.15630505979061127,ddim_lora,A high quality recording of a woman singing while an orchestra play in the background.
863,43.83776289481577,0.9935514707247992,0.004076285287737846,0.10256873443722725,ddim_lora,A high quality recording of a woman singing while an orchestra play in the background.
864,42.97194380332782,0.9961275499018956,0.004471140448004007,0.09336094185709953,ddim_lora,"A woman vocalizing a slow cool jazz melody while an electric keyboard, bass and drums play in the background, later a saxophone preforms a solo as well."
865,42.88869806388235,0.9957676796865788,0.004486375022679567,0.11426231637597084,ddim_lora,"A woman vocalizing a slow cool jazz melody while an electric keyboard, bass and drums play in the background, later a saxophone preforms a solo as well."
866,43.10935749869899,0.9920364987182155,0.0041204714216291904,0.14113328605890274,ddim_lora,"A woman vocalizing a slow cool jazz melody while an electric keyboard, bass and drums play in the background, later a saxophone preforms a solo as well."
867,43.462011505132295,0.9924910333173851,0.0041480595245957375,0.12483664229512215,ddim_lora,"A woman vocalizing a slow cool jazz melody while an electric keyboard, bass and drums play in the background, later a saxophone preforms a solo as well."
868,43.819544153745056,0.9930730294491054,0.003347838530316949,0.10986264422535896,ddim_lora,"A high quality recording of a woman singing while a guitar, bass and drums accompany her."
869,45.10975693485457,0.9968314629646531,0.0034752634819597006,0.052027732133865356,ddim_lora,"A high quality recording of a woman singing while a guitar, bass and drums accompany her."
870,44.666135091454166,0.9965079027922004,0.003739980747923255,0.051198361441493034,ddim_lora,"A high quality recording of a woman singing while a guitar, bass and drums accompany her."
871,46.29012459553686,0.9965976090482607,0.0029693476390093565,0.0746608767658472,ddim_lora,"A high quality recording of a woman singing while a guitar, bass and drums accompany her."
872,43.65714367490102,0.9934423398170401,0.004194039385765791,0.14489831775426865,ddim_lora,Guitars playing alongside a trumpet a happy upbeat melody.
873,43.24137567546897,0.9936998871999612,0.004230274353176355,0.10290449112653732,ddim_lora,Guitars playing alongside a trumpet a happy upbeat melody.
874,44.943704558361716,0.9961259759245764,0.0038067169953137636,0.08698650449514389,ddim_lora,Guitars playing alongside a trumpet a happy upbeat melody.
875,40.23356230747353,0.9889857362282506,0.00596886221319437,0.13622718676924706,ddim_lora,Guitars playing alongside a trumpet a happy upbeat melody.
876,44.41931985372555,0.9945839550837152,0.003882711986079812,0.08351809531450272,ddim_lora,"A violin playing a slow cool jazz melody while an electric keyboard, bass and drums play in the background, later a saxophone preforms a solo as well."
877,43.61883830927398,0.9946068850879818,0.004093815106898546,0.09946945309638977,ddim_lora,"A violin playing a slow cool jazz melody while an electric keyboard, bass and drums play in the background, later a saxophone preforms a solo as well."
878,39.984247926833156,0.9906390246655234,0.005924255587160587,0.15151328593492508,ddim_lora,"A violin playing a slow cool jazz melody while an electric keyboard, bass and drums play in the background, later a saxophone preforms a solo as well."
879,44.3618577093208,0.993484963565255,0.0037801526486873627,0.12658315151929855,ddim_lora,"A violin playing a slow cool jazz melody while an electric keyboard, bass and drums play in the background, later a saxophone preforms a solo as well."
880,44.18490357576479,0.9932392851369909,0.003844943828880787,0.16291041672229767,ddim_lora,A recording of a calm rock song.
881,45.76991598400406,0.9965449418508399,0.003277722978964448,0.0626708846539259,ddim_lora,A recording of a calm rock song.
882,44.60000007995535,0.9931937497883077,0.0036271573044359684,0.12611114233732224,ddim_lora,A recording of a calm rock song.
883,43.20754628333897,0.9898495283115859,0.004237872548401356,0.14551187306642532,ddim_lora,A recording of a calm rock song.
884,44.729803151437665,0.9947531047333219,0.0038744208868592978,0.09746070951223373,ddim_lora,A recording of a happy calm country song.
885,44.9652158071692,0.9960757041779441,0.003658529371023178,0.11175867170095444,ddim_lora,A recording of a happy calm country song.
886,45.3612695375746,0.9964366368338007,0.003469261107966304,0.12517683394253254,ddim_lora,A recording of a happy calm country song.
887,43.342641386408815,0.9934170101988776,0.004191545769572258,0.12751180678606033,ddim_lora,A recording of a happy calm country song.
888,44.39115581437866,0.9958375995019814,0.00350517057813704,0.09653371572494507,ddim_lora,A high quality recording of a woman singing while bass and drums accompany her.
889,43.83445729064682,0.9947778856281112,0.00396013306453824,0.112115528434515,ddim_lora,A high quality recording of a woman singing while bass and drums accompany her.
890,45.33374068500404,0.995341291291787,0.0034297683741897345,0.05706297978758812,ddim_lora,A high quality recording of a woman singing while bass and drums accompany her.
891,43.64460881304857,0.9925088777259249,0.004130881745368242,0.09472240880131721,ddim_lora,A high quality recording of a woman singing while bass and drums accompany her.
892,44.862783208398405,0.9952003136017509,0.0034779817797243595,0.09739857539534569,ddim_lora,An electric guitar playing epic riffs while bass and drums are playing in the background.
893,43.331527078908834,0.9907705363832042,0.004133394453674555,0.11725402250885963,ddim_lora,An electric guitar playing epic riffs while bass and drums are playing in the background.
894,45.05152454894991,0.9954650709299964,0.003461607964709401,0.0793905220925808,ddim_lora,An electric guitar playing epic riffs while bass and drums are playing in the background.
895,41.94506634376047,0.9930753193800471,0.004938063211739063,0.13491292297840118,ddim_lora,An electric guitar playing epic riffs while bass and drums are playing in the background.
896,44.213539149330785,0.9947584939494738,0.0038367449305951595,0.07876469939947128,ddim_lora,"strings, flutes, and harps playing an upbeat piece."
897,43.93458155987547,0.9938555147207262,0.0040010372176766396,0.15003224462270737,ddim_lora,"strings, flutes, and harps playing an upbeat piece."
898,44.166179803525466,0.9945038103588559,0.00411824369803071,0.11181539297103882,ddim_lora,"strings, flutes, and harps playing an upbeat piece."
899,42.4443097888969,0.9946158435242958,0.0046880426816642284,0.1028975397348404,ddim_lora,"strings, flutes, and harps playing an upbeat piece."
900,42.50614052286528,0.9889132824328453,0.004957466386258602,0.14060251414775848,ddim_lora,A recording of  calm jazz song.
901,43.23606499098336,0.9951425431557369,0.00455099530518055,0.0827692374587059,ddim_lora,A recording of  calm jazz song.
902,45.033990707286264,0.9946220716660908,0.0035325586795806885,0.12457406148314476,ddim_lora,A recording of  calm jazz song.
903,43.8306572435532,0.9939532819982189,0.004071111790835857,0.07084505259990692,ddim_lora,A recording of  calm jazz song.
904,45.05612430023855,0.9941409842374421,0.003430723212659359,0.11770008876919746,ddim_lora,An upbeat song with electric guitars and drums playing.
905,35.588823590034124,0.9763402067812352,0.009810960851609707,0.39450643956661224,ddim_lora,An upbeat song with electric guitars and drums playing.
906,42.89892146815177,0.9913206651752876,0.004397429525852203,0.10387701168656349,ddim_lora,An upbeat song with electric guitars and drums playing.
907,45.37714079204741,0.9944132449556247,0.0032878483179956675,0.09172448515892029,ddim_lora,An upbeat song with electric guitars and drums playing.
908,45.465433210183875,0.9954626342011105,0.003220079466700554,0.09137018024921417,ddim_lora,"A cool 80s rock song of a man singing while a guitar, bass and drums accompany him."
909,45.464294302615386,0.9947137587433769,0.0030779943335801363,0.09551622346043587,ddim_lora,"A cool 80s rock song of a man singing while a guitar, bass and drums accompany him."
910,45.08337539302731,0.9947483059301105,0.0034116932656615973,0.09500839188694954,ddim_lora,"A cool 80s rock song of a man singing while a guitar, bass and drums accompany him."
911,45.22460756476335,0.994043642990658,0.003452969714999199,0.12037387862801552,ddim_lora,"A cool 80s rock song of a man singing while a guitar, bass and drums accompany him."
912,44.68930983660891,0.9927166583739676,0.0035741524770855904,0.1479882299900055,ddim_lora,"A country song of a woman singing while a guitar, bass and drums accompany her."
913,43.548198919215736,0.9949211518311314,0.003994664177298546,0.09085232019424438,ddim_lora,"A country song of a woman singing while a guitar, bass and drums accompany her."
914,43.933901031177555,0.9932795046795879,0.00385821470990777,0.1435716524720192,ddim_lora,"A country song of a woman singing while a guitar, bass and drums accompany her."
915,45.13226745343733,0.9952838234102934,0.0033950291108340025,0.07175605185329914,ddim_lora,"A country song of a woman singing while a guitar, bass and drums accompany her."
916,43.173390305267176,0.9932436813884917,0.004390563815832138,0.09269275516271591,ddim_lora,A recording of an old timey rock song from the seventies.
917,44.207827435321754,0.9947442210100617,0.003879969473928213,0.08705336600542068,ddim_lora,A recording of an old timey rock song from the seventies.
918,45.34005441900575,0.9966835826075641,0.0036583400797098875,0.050850462168455124,ddim_lora,A recording of an old timey rock song from the seventies.
919,45.17732838873045,0.9957290228976521,0.003527310909703374,0.06615058332681656,ddim_lora,A recording of an old timey rock song from the seventies.
920,44.01336483670602,0.9949149746319343,0.0038323213811963797,0.06671206839382648,ddim_lora,"A saxophone, guitar, bass and drums playing a cool happy song."
921,44.80974926061238,0.9940941863760142,0.003563239937648177,0.10805753245949745,ddim_lora,"A saxophone, guitar, bass and drums playing a cool happy song."
922,44.87509327557923,0.9961719019710059,0.003622660180553794,0.08305318653583527,ddim_lora,"A saxophone, guitar, bass and drums playing a cool happy song."
923,45.691436399416105,0.9970867062864729,0.0033528078347444534,0.04988454654812813,ddim_lora,"A saxophone, guitar, bass and drums playing a cool happy song."
924,44.46780689581558,0.991644748730416,0.003743257839232683,0.12035825848579407,ddim_lora,A recording of a scary classical music score.
925,42.619592899063015,0.9881689592180856,0.0046779499389231205,0.16361530125141144,ddim_lora,A recording of a scary classical music score.
926,44.66088677510878,0.9962113154621876,0.003788673086091876,0.049981897696852684,ddim_lora,A recording of a scary classical music score.
927,44.3978501073413,0.9939661705793654,0.004125431180000305,0.0962350182235241,ddim_lora,A recording of a scary classical music score.
928,43.77300276352549,0.9919766915324157,0.0038387782406061888,0.19667712599039078,ddim_lora,"A man is singing in high pitched voice while a guitar, bass and drums are accompanying him in an angry metal song."
929,41.48358432122211,0.9891304406709168,0.005231994669884443,0.10235917568206787,ddim_lora,"A man is singing in high pitched voice while a guitar, bass and drums are accompanying him in an angry metal song."
930,43.888292309507676,0.9888696666669654,0.0037921175826340914,0.17207596823573112,ddim_lora,"A man is singing in high pitched voice while a guitar, bass and drums are accompanying him in an angry metal song."
931,44.192607173607,0.9937340158572443,0.003648561192676425,0.16816045343875885,ddim_lora,"A man is singing in high pitched voice while a guitar, bass and drums are accompanying him in an angry metal song."
932,43.688832533835075,0.9945101472930954,0.003998057451099157,0.13011563196778297,ddim_lora,A recording of Hindu instruments playing.
933,42.88644205870401,0.9870661306831422,0.004141023848205805,0.15594013035297394,ddim_lora,A recording of Hindu instruments playing.
934,43.40239901233887,0.995356682170761,0.004161183722317219,0.09963750839233398,ddim_lora,A recording of Hindu instruments playing.
935,45.36344254173672,0.9947470757248139,0.0034904959611594677,0.10633702948689461,ddim_lora,A recording of Hindu instruments playing.
936,31.432894286013727,0.9450259204219319,0.01178496703505516,0.35439278185367584,ddim_lora,A recording of an old metal song.
937,43.04461259349095,0.9947293382056703,0.004301974084228277,0.1802157163619995,ddim_lora,A recording of an old metal song.
938,40.99668817123821,0.9922814412345491,0.005582842044532299,0.12723475322127342,ddim_lora,A recording of an old metal song.
939,46.02624091463455,0.9958572328213705,0.0031439003068953753,0.07601434364914894,ddim_lora,A recording of an old metal song.
940,43.87485526968887,0.9945997207764865,0.0042215194553136826,0.0836494080722332,ddim_lora,A recording of an old country song.
941,43.54960820033713,0.994567865398724,0.004153888206928968,0.08477871492505074,ddim_lora,A recording of an old country song.
942,44.09810540861217,0.9955404653526523,0.004118472337722778,0.09909048676490784,ddim_lora,A recording of an old country song.
943,38.882818081848185,0.9853423269507986,0.006595000624656677,0.21019209176301956,ddim_lora,A recording of an old country song.
944,44.2456263061666,0.9932934014800276,0.0037731353659182787,0.11602798104286194,ddim_lora,A high quality recording of a rock band accompaniment.
945,45.21897254704902,0.9971299257533716,0.003291612258180976,0.06693200021982193,ddim_lora,A high quality recording of a rock band accompaniment.
946,44.71117049324421,0.9945578185639677,0.0035458256024867296,0.1058511808514595,ddim_lora,A high quality recording of a rock band accompaniment.
947,45.77773648581339,0.9946475888893231,0.0032301517203450203,0.08110151812434196,ddim_lora,A high quality recording of a rock band accompaniment.
948,38.53834980412782,0.9902260313847094,0.006516607478260994,0.15919268131256104,ddim_lora,A high quality recording of violins and a trumpet playing.
949,40.05542984749634,0.9930323093553706,0.006523642688989639,0.23569418489933014,ddim_lora,A high quality recording of violins and a trumpet playing.
950,40.41757530210771,0.9928653252986654,0.004873891826719046,0.13162852078676224,ddim_lora,A high quality recording of violins and a trumpet playing.
951,39.451094460999,0.989090245097451,0.006425151601433754,0.12332799285650253,ddim_lora,A high quality recording of violins and a trumpet playing.
952,44.486922064715095,0.9964985624018758,0.003732488490641117,0.06305908411741257,ddim_lora,A woman vocalizing playing alongside a trumpet a happy upbeat melody.
953,43.20447750343567,0.9929419211302791,0.004440973047167063,0.11229558289051056,ddim_lora,A woman vocalizing playing alongside a trumpet a happy upbeat melody.
954,45.13650958864021,0.9939519945259914,0.003502925857901573,0.08494369871914387,ddim_lora,A woman vocalizing playing alongside a trumpet a happy upbeat melody.
955,45.794147453712235,0.9948791336113255,0.003241065889596939,0.16316962614655495,ddim_lora,A woman vocalizing playing alongside a trumpet a happy upbeat melody.
956,43.954191942392136,0.9933244628499379,0.00410576444119215,0.10996273905038834,ddim_lora,"A rock song with a guitar, piano, bass and drums playing."
957,44.04575493003424,0.9942117384603869,0.0039126090705394745,0.12800413370132446,ddim_lora,"A rock song with a guitar, piano, bass and drums playing."
958,44.56407210855077,0.9924996768470981,0.0035626355092972517,0.17284847795963287,ddim_lora,"A rock song with a guitar, piano, bass and drums playing."
959,44.92149261017667,0.9958568289817995,0.003581574186682701,0.09371677786111832,ddim_lora,"A rock song with a guitar, piano, bass and drums playing."
960,44.307049323848005,0.9922104180726475,0.0036733001470565796,0.11594020575284958,ddim_lora,"A recording of a sneaky, quiet and dramatic metal song, that turns loud in the middle then turns quite again."
961,43.42783112995714,0.9938029906946666,0.0041685281321406364,0.1075386293232441,ddim_lora,"A recording of a sneaky, quiet and dramatic metal song, that turns loud in the middle then turns quite again."
962,46.00129164428892,0.9923459842323568,0.003146375995129347,0.12234519049525261,ddim_lora,"A recording of a sneaky, quiet and dramatic metal song, that turns loud in the middle then turns quite again."
963,41.314160466761564,0.9903877631179258,0.005117415450513363,0.19287613034248352,ddim_lora,"A recording of a sneaky, quiet and dramatic metal song, that turns loud in the middle then turns quite again."
964,44.536845462419365,0.9947978665336877,0.0037674917839467525,0.08696659281849861,ddim_lora,A rock band playing alongside a trumpet a happy upbeat melody.
965,45.44954069611797,0.9958726508452571,0.003297245129942894,0.06580660492181778,ddim_lora,A rock band playing alongside a trumpet a happy upbeat melody.
966,43.83383539907375,0.9954557729765411,0.003964893985539675,0.06602069921791553,ddim_lora,A rock band playing alongside a trumpet a happy upbeat melody.
967,42.779614234968236,0.9925566254071643,0.004737190902233124,0.07719041779637337,ddim_lora,A rock band playing alongside a trumpet a happy upbeat melody.
968,45.79597789684562,0.9961863556475709,0.0033313073217868805,0.05621672421693802,ddim_lora,A high quality recording of an epic piano hard rock solo with a rock band accompaniment.
969,44.8001268873595,0.9925808205301517,0.0035522026009857655,0.11523225530982018,ddim_lora,A high quality recording of an epic piano hard rock solo with a rock band accompaniment.
970,44.966454185217025,0.9929213202545064,0.003237542463466525,0.16011232137680054,ddim_lora,A high quality recording of an epic piano hard rock solo with a rock band accompaniment.
971,44.67109170041712,0.9946288818250246,0.0036960856523364782,0.10331776738166809,ddim_lora,A high quality recording of an epic piano hard rock solo with a rock band accompaniment.
972,44.76702965620965,0.9957754788295956,0.0036822273395955563,0.0986906848847866,ddim_lora,A recording of a cool calm arcade game soundtrack.
973,44.35818530656406,0.9930149024941587,0.0036908979527652264,0.11841893941164017,ddim_lora,A recording of a cool calm arcade game soundtrack.
974,37.97913063015665,0.9830334178625848,0.007256101351231337,0.18005286902189255,ddim_lora,A recording of a cool calm arcade game soundtrack.
975,42.94891383241413,0.9961180320157524,0.004337702412158251,0.06814439594745636,ddim_lora,A recording of a cool calm arcade game soundtrack.
976,44.47462610982222,0.9951997818797499,0.003536703996360302,0.07401333749294281,ddim_lora,"a saxophone, trumpet, guitar, bass and drums playing."
977,31.706411216388677,0.9677590116826293,0.011433609761297703,0.29567791521549225,ddim_lora,"a saxophone, trumpet, guitar, bass and drums playing."
978,39.47670125240767,0.9906482632019158,0.005761083215475082,0.09787328541278839,ddim_lora,"a saxophone, trumpet, guitar, bass and drums playing."
979,40.360708035403135,0.9927223808666336,0.005248219706118107,0.1168973371386528,ddim_lora,"a saxophone, trumpet, guitar, bass and drums playing."
980,44.069931715501546,0.9902975576742261,0.003907834179699421,0.1838572919368744,ddim_lora,A recording of a cool mysterious rock song.
981,43.32259794628631,0.9939845172202203,0.004100681748241186,0.12213779985904694,ddim_lora,A recording of a cool mysterious rock song.
982,44.23782869698358,0.9936287406182629,0.003906137775629759,0.09279999136924744,ddim_lora,A recording of a cool mysterious rock song.
983,42.454924902252706,0.9926602010928468,0.004891234915703535,0.11499999463558197,ddim_lora,A recording of a cool mysterious rock song.
984,40.90369622600729,0.9895565501929806,0.005387738812714815,0.16117212921380997,ddim_lora,A recording of calm happy jazz music.
985,44.61165196370635,0.9958826345284576,0.003636997425928712,0.10575041174888611,ddim_lora,A recording of calm happy jazz music.
986,43.35825316197556,0.9931251973338322,0.0040756287053227425,0.11942440643906593,ddim_lora,A recording of calm happy jazz music.
987,43.24546736274401,0.991097752882387,0.004347303882241249,0.13090138882398605,ddim_lora,A recording of calm happy jazz music.
988,44.35925477165222,0.9935878005525085,0.004087667912244797,0.10781259834766388,ddim_lora,An orchestra playing classical music. You can hear flutes and a piano.
989,44.354508324918825,0.9934801236513581,0.003882158314809203,0.08572778478264809,ddim_lora,An orchestra playing classical music. You can hear flutes and a piano.
990,43.51274885988853,0.9929177011184042,0.004315324127674103,0.13884976506233215,ddim_lora,An orchestra playing classical music. You can hear flutes and a piano.
991,43.053534814538196,0.9941859988043834,0.00467164721339941,0.09622643887996674,ddim_lora,An orchestra playing classical music. You can hear flutes and a piano.
992,35.69357148271678,0.9812372191317944,0.010594421997666359,0.30383895337581635,ddim_lora,A high quality recording of flutes playing a wedding song.
993,45.514473455784774,0.9936939914613152,0.0032658197451382875,0.15038660168647766,ddim_lora,A high quality recording of flutes playing a wedding song.
994,38.8102690365621,0.9929875688329413,0.00667409086599946,0.11309268325567245,ddim_lora,A high quality recording of flutes playing a wedding song.
995,38.95246866373418,0.9868809864350317,0.006459089461714029,0.18647878617048264,ddim_lora,A high quality recording of flutes playing a wedding song.
996,44.00491689364043,0.9936340794485115,0.004028035327792168,0.11393336951732635,ddim_lora,A high quality recording of a piano and violins playing a happy and emotional  piece.
997,40.86513670249911,0.9936213168921291,0.0057777832262218,0.11201555654406548,ddim_lora,A high quality recording of a piano and violins playing a happy and emotional  piece.
998,43.71181543644303,0.993617600264886,0.004269038327038288,0.10071385651826859,ddim_lora,A high quality recording of a piano and violins playing a happy and emotional  piece.
999,42.634538047578104,0.9935158855517476,0.004772701300680637,0.10340763628482819,ddim_lora,A high quality recording of a piano and violins playing a happy and emotional  piece.
1000,43.12204157552421,0.9949386195409786,0.004379555583000183,0.11398535966873169,ddim_lora,"A saxophone playing a quiet jazz melody, with an accompaniment of bass and drums."
1001,44.91350879485068,0.9957753921929908,0.0036045918241143227,0.06602711603045464,ddim_lora,"A saxophone playing a quiet jazz melody, with an accompaniment of bass and drums."
1002,44.48885620681861,0.9954152315283205,0.003783506341278553,0.10286153107881546,ddim_lora,"A saxophone playing a quiet jazz melody, with an accompaniment of bass and drums."
1003,44.07947272856838,0.9951597295996744,0.003787212073802948,0.08229836449027061,ddim_lora,"A saxophone playing a quiet jazz melody, with an accompaniment of bass and drums."
1004,43.474451363928814,0.9943621496701054,0.004333047196269035,0.11360513418912888,ddim_lora,"Chinese flutes, Chinese wind instruments and Chinese strings playing a dramatic Chinese music piece."
1005,43.45409685601848,0.9925692842912804,0.004204301629215479,0.12064365670084953,ddim_lora,"Chinese flutes, Chinese wind instruments and Chinese strings playing a dramatic Chinese music piece."
1006,43.39284920938073,0.9913240956514242,0.004302796442061663,0.14779191464185715,ddim_lora,"Chinese flutes, Chinese wind instruments and Chinese strings playing a dramatic Chinese music piece."
1007,42.161376056550985,0.9921117916449586,0.00520941149443388,0.15857231244444847,ddim_lora,"Chinese flutes, Chinese wind instruments and Chinese strings playing a dramatic Chinese music piece."
1008,45.94420444269146,0.9963527982426409,0.003290636232122779,0.06680715456604958,ddim_lora,"A high quality recording of guitars, flutes and drums playing."
1009,43.78770728241322,0.994508670794815,0.0040366798639297485,0.08739947527647018,ddim_lora,"A high quality recording of guitars, flutes and drums playing."
1010,44.55509126664972,0.9951703082683756,0.0037737798411399126,0.08337980508804321,ddim_lora,"A high quality recording of guitars, flutes and drums playing."
1011,43.9843026774032,0.9942129780346922,0.004001321271061897,0.11315572634339333,ddim_lora,"A high quality recording of guitars, flutes and drums playing."
1012,42.828983230943656,0.9914345932484464,0.004785010125488043,0.14612215012311935,ddim_lora,A string section playing a happy calm song.
1013,42.86889329594985,0.9922237881956268,0.004451264161616564,0.12203308194875717,ddim_lora,A string section playing a happy calm song.
1014,44.05021967886428,0.9946065332771683,0.004165446385741234,0.08808447793126106,ddim_lora,A string section playing a happy calm song.
1015,43.71201782576413,0.9939154840478607,0.0042663379572331905,0.07736574485898018,ddim_lora,A string section playing a happy calm song.
1016,43.225749403045526,0.9921183909527893,0.004287720192223787,0.12963616847991943,ddim_lora,A high quality recording of a man singing while and orchestra accompany him.
1017,42.69138949286795,0.9925229279640515,0.004335643257945776,0.10601307451725006,ddim_lora,A high quality recording of a man singing while and orchestra accompany him.
1018,43.8965421934332,0.9936211953441172,0.004001461900770664,0.11844313144683838,ddim_lora,A high quality recording of a man singing while and orchestra accompany him.
1019,44.91465278158703,0.9939114806795357,0.003479071892797947,0.09907026588916779,ddim_lora,A high quality recording of a man singing while and orchestra accompany him.
1020,44.060027640359266,0.9932421766379607,0.003808022243902087,0.1214468888938427,ddim_lora,"A guitar playing a quiet harsh techno melody while an electric keyboard, bass and drums play in the background."
1021,44.59832464605111,0.996569986221516,0.0033691294956952333,0.06468396447598934,ddim_lora,"A guitar playing a quiet harsh techno melody while an electric keyboard, bass and drums play in the background."
1022,42.41445374579807,0.9958247723730602,0.004604843445122242,0.06212109699845314,ddim_lora,"A guitar playing a quiet harsh techno melody while an electric keyboard, bass and drums play in the background."
1023,45.363379344155206,0.9966417186859517,0.0034217291977256536,0.04426021873950958,ddim_lora,"A guitar playing a quiet harsh techno melody while an electric keyboard, bass and drums play in the background."
0,37.33934095766898,0.9592318311961451,0.00891848374158144,0.4711315631866455,ddpm,A high quality recording of an epic violin solo with an orchestra accompaniment.
1,37.967903537975936,0.9805415898671405,0.008170762099325657,0.3714611679315567,ddpm,A high quality recording of an epic violin solo with an orchestra accompaniment.
2,38.11332162250717,0.9775955376200561,0.007974292151629925,0.4010523408651352,ddpm,A high quality recording of an epic violin solo with an orchestra accompaniment.
3,35.89258064129577,0.9838149491614978,0.010263410396873951,0.3569052070379257,ddpm,A high quality recording of an epic violin solo with an orchestra accompaniment.
4,37.54113805300102,0.9720472091658459,0.00855020247399807,0.4442274570465088,ddpm,A recording of a happy upbeat song in an orchestral style.
5,37.30979124487567,0.9717301850034349,0.008884130977094173,0.5721629559993744,ddpm,A recording of a happy upbeat song in an orchestral style.
6,36.9563412730368,0.9638585365083608,0.009241793304681778,0.3954956978559494,ddpm,A recording of a happy upbeat song in an orchestral style.
7,37.750291390117475,0.9749674812286526,0.008490128442645073,0.36296917498111725,ddpm,A recording of a happy upbeat song in an orchestral style.
8,37.6655662066767,0.9765386179325505,0.008347772993147373,0.3644733130931854,ddpm,Strings playing a scary classical music melody with flutes and drums accompaniment in the background.
9,36.79052760114167,0.9737498645939636,0.009522142820060253,0.34072043001651764,ddpm,Strings playing a scary classical music melody with flutes and drums accompaniment in the background.
10,37.680744010362446,0.9676372575068457,0.008336735889315605,0.385434091091156,ddpm,Strings playing a scary classical music melody with flutes and drums accompaniment in the background.
11,36.43884321376526,0.9749052996440957,0.009763839654624462,0.45979297161102295,ddpm,Strings playing a scary classical music melody with flutes and drums accompaniment in the background.
12,37.46268891514195,0.9721717388527006,0.008689649403095245,0.4422508478164673,ddpm,A recording of an upbeat Arabic song.
13,37.762403049437125,0.9759809398468785,0.008474296890199184,0.34646473824977875,ddpm,A recording of an upbeat Arabic song.
14,38.050124112185564,0.9738058937860178,0.008164511993527412,0.33813151717185974,ddpm,A recording of an upbeat Arabic song.
15,38.018594174930776,0.9864760977936042,0.008209711872041225,0.22128045558929443,ddpm,A recording of an upbeat Arabic song.
16,37.9361579856495,0.9743330059886636,0.008303278125822544,0.3155342638492584,ddpm,"A banjo playing a funky country melody, with an accompaniment of a violin, bass and drums."
17,37.91503762068527,0.9776109110836668,0.00820845179259777,0.3031926453113556,ddpm,"A banjo playing a funky country melody, with an accompaniment of a violin, bass and drums."
18,37.284393735954374,0.9705869757607924,0.008938266895711422,0.3448219746351242,ddpm,"A banjo playing a funky country melody, with an accompaniment of a violin, bass and drums."
19,37.99537222950501,0.9741499123476568,0.00807340070605278,0.32850468158721924,ddpm,"A banjo playing a funky country melody, with an accompaniment of a violin, bass and drums."
20,37.88651086079556,0.9671426325293185,0.00854078121483326,0.37975116074085236,ddpm,A recording of a quiet metal song.
21,37.030888524341684,0.9686870677556441,0.008771328255534172,0.3662591129541397,ddpm,A recording of a quiet metal song.
22,39.920867476518104,0.9732213802994949,0.004279529210180044,0.3856223523616791,ddpm,A recording of a quiet metal song.
23,37.12688456334281,0.9361691841546349,0.009388290345668793,0.6309937238693237,ddpm,A recording of a quiet metal song.
24,37.130842521320474,0.9751471237302702,0.00899419467896223,0.451372891664505,ddpm,A string section playing classical music.
25,38.15858277498842,0.9745090903374496,0.008149436675012112,0.39399826526641846,ddpm,A string section playing classical music.
26,37.71304732874648,0.9751129382306366,0.008354931138455868,0.3835143595933914,ddpm,A string section playing classical music.
27,37.10639186103468,0.9808987051118453,0.008921252563595772,0.4038015753030777,ddpm,A string section playing classical music.
28,36.767125929553345,0.9743182467543362,0.009351646527647972,0.3278248459100723,ddpm,"A recording of a sneaky, quiet and scary techno song, that turns loud in the middle then turns quite again."
29,37.183111165038525,0.9835871543030195,0.008982871659100056,0.2736378014087677,ddpm,"A recording of a sneaky, quiet and scary techno song, that turns loud in the middle then turns quite again."
30,37.31536259507557,0.9696235592859593,0.008890324272215366,0.3517138659954071,ddpm,"A recording of a sneaky, quiet and scary techno song, that turns loud in the middle then turns quite again."
31,37.283944549164715,0.9556489125963661,0.009032396599650383,0.47055310010910034,ddpm,"A recording of a sneaky, quiet and scary techno song, that turns loud in the middle then turns quite again."
32,37.51036242380535,0.9647970885832069,0.0087467385455966,0.43961288034915924,ddpm,A recording of a happy upbeat rock song.
33,37.394291444473566,0.9831958592617751,0.008741145022213459,0.26338180899620056,ddpm,A recording of a happy upbeat rock song.
34,37.87731490277243,0.9739052522398688,0.008376909419894218,0.3150397092103958,ddpm,A recording of a happy upbeat rock song.
35,37.31049097545491,0.9627751769801614,0.008891976438462734,0.4235584884881973,ddpm,A recording of a happy upbeat rock song.
36,37.62943858021228,0.9558363035354012,0.008636663667857647,0.4105899780988693,ddpm,"A woman is singing a country song with a guitar, bass and drums playing in the background."
37,37.0843522253454,0.965519021234796,0.008969323709607124,0.410907506942749,ddpm,"A woman is singing a country song with a guitar, bass and drums playing in the background."
38,36.96959618474111,0.9634666068493979,0.009423218667507172,0.430791974067688,ddpm,"A woman is singing a country song with a guitar, bass and drums playing in the background."
39,37.27319551383938,0.9716930074226408,0.008741096593439579,0.34830598533153534,ddpm,"A woman is singing a country song with a guitar, bass and drums playing in the background."
40,37.184094548603134,0.9723612844927865,0.009101714007556438,0.46998703479766846,ddpm,A high quality recording of a violin playing a melody while another violin and drums are playing in the background.
41,37.30373342095267,0.9647702109380638,0.008871762081980705,0.36628325283527374,ddpm,A high quality recording of a violin playing a melody while another violin and drums are playing in the background.
42,36.28690756044439,0.9820697303945968,0.009693839587271214,0.30861930549144745,ddpm,A high quality recording of a violin playing a melody while another violin and drums are playing in the background.
43,37.92488292191437,0.9739054833679675,0.008210776373744011,0.4452905058860779,ddpm,A high quality recording of a violin playing a melody while another violin and drums are playing in the background.
44,37.66877902393597,0.962758933627292,0.008525945246219635,0.3637978881597519,ddpm,"A woman is singing while a guitar, bass and drums playing in the background."
45,37.11304071759745,0.9570757329205781,0.00900875125080347,0.41008463501930237,ddpm,"A woman is singing while a guitar, bass and drums playing in the background."
46,36.82791567885944,0.9524716696038569,0.009170977398753166,0.3232367932796478,ddpm,"A woman is singing while a guitar, bass and drums playing in the background."
47,37.078269110825055,0.9707243231455367,0.008905524387955666,0.3323252648115158,ddpm,"A woman is singing while a guitar, bass and drums playing in the background."
48,37.82303315111834,0.9682463632241581,0.008426444604992867,0.5122012495994568,ddpm,"A country song with a guitar, piano, bass and drums playing."
49,37.99494518495659,0.976419923595033,0.008188341744244099,0.3694853335618973,ddpm,"A country song with a guitar, piano, bass and drums playing."
50,37.917220641192735,0.9734361244284325,0.008342236280441284,0.3663394898176193,ddpm,"A country song with a guitar, piano, bass and drums playing."
51,37.9869612592961,0.9703636367342556,0.008284714072942734,0.44769594073295593,ddpm,"A country song with a guitar, piano, bass and drums playing."
52,37.54924845464678,0.9693952439553499,0.008689748123288155,0.39303115010261536,ddpm,A recording of a happy upbeat blues song.
53,37.758239556580705,0.9696411803601248,0.008433399721980095,0.41199764609336853,ddpm,A recording of a happy upbeat blues song.
54,37.599424474524355,0.973556530686999,0.008681199513375759,0.3461737334728241,ddpm,A recording of a happy upbeat blues song.
55,37.89398600363496,0.9736427496568446,0.008370458148419857,0.3503740131855011,ddpm,A recording of a happy upbeat blues song.
56,37.65130866129391,0.9729725069021203,0.008595536462962627,0.31731392443180084,ddpm,"A harp playing alongside a piano, bass and drums in an upbeat old-timey cool classical song."
57,37.91658229506669,0.974729568664263,0.008262371644377708,0.3282516747713089,ddpm,"A harp playing alongside a piano, bass and drums in an upbeat old-timey cool classical song."
58,37.180884151685056,0.9838218112160666,0.008693963289260864,0.24890213459730148,ddpm,"A harp playing alongside a piano, bass and drums in an upbeat old-timey cool classical song."
59,37.61587326042977,0.9789551483869173,0.008540261536836624,0.21995948255062103,ddpm,"A harp playing alongside a piano, bass and drums in an upbeat old-timey cool classical song."
60,36.76920474262936,0.9612296139591661,0.00958194024860859,0.4412504732608795,ddpm,A recording of angry metal music.
61,37.03863616918028,0.947616803020966,0.009272382594645023,0.43689437210559845,ddpm,A recording of angry metal music.
62,37.62712906247755,0.9677979366972396,0.008604741655290127,0.2965702414512634,ddpm,A recording of angry metal music.
63,37.108558334980074,0.9595199157947946,0.009278233163058758,0.42757847905158997,ddpm,A recording of angry metal music.
64,38.00049070203636,0.9732278974273032,0.00824156403541565,0.286433644592762,ddpm,A country song of a woman singing while bass and drums accompany her.
65,36.837684164882546,0.9802205888464633,0.009212017059326172,0.45077577233314514,ddpm,A country song of a woman singing while bass and drums accompany her.
66,37.809047207125126,0.9555125388523144,0.008507061749696732,0.5182656347751617,ddpm,A country song of a woman singing while bass and drums accompany her.
67,37.34022495667878,0.9461451789478873,0.008917230181396008,0.6507473587989807,ddpm,A country song of a woman singing while bass and drums accompany her.
68,37.51968013296713,0.9738568219754189,0.008063912391662598,0.4188246428966522,ddpm,"A violin playing while a guitar, bass and drums playing in the background a calm country song."
69,37.680022647161465,0.9685910714315661,0.008546903729438782,0.40739160776138306,ddpm,"A violin playing while a guitar, bass and drums playing in the background a calm country song."
70,36.99282591863538,0.9824050394390518,0.008823619224131107,0.28042227029800415,ddpm,"A violin playing while a guitar, bass and drums playing in the background a calm country song."
71,37.8697515046772,0.971084306547353,0.008302094414830208,0.5006364434957504,ddpm,"A violin playing while a guitar, bass and drums playing in the background a calm country song."
72,37.68643275940197,0.9599408230774779,0.008667911402881145,0.4412626773118973,ddpm,A recording of an upbeat angry punk song.
73,36.97224428503548,0.9660347196744068,0.008905147202312946,0.4938926696777344,ddpm,A recording of an upbeat angry punk song.
74,37.5091226424054,0.9696744273957099,0.008712811395525932,0.483360230922699,ddpm,A recording of an upbeat angry punk song.
75,37.53237389552835,0.949578440645004,0.008375797420740128,0.36146701127290726,ddpm,A recording of an upbeat angry punk song.
76,37.03232175913048,0.9750703045456249,0.008885889314115047,0.3371904343366623,ddpm,"A kid is singing while a piano, bass and drums are accompanying him in a happy upbeat rock song."
77,38.37075343749163,0.9683317210187299,0.007908071391284466,0.42198073863983154,ddpm,"A kid is singing while a piano, bass and drums are accompanying him in a happy upbeat rock song."
78,37.43709764499802,0.9807315223993801,0.008586354553699493,0.264787033200264,ddpm,"A kid is singing while a piano, bass and drums are accompanying him in a happy upbeat rock song."
79,37.39752726617906,0.9711425338475088,0.008762771263718605,0.3290623277425766,ddpm,"A kid is singing while a piano, bass and drums are accompanying him in a happy upbeat rock song."
80,37.48481128454258,0.9707991728011833,0.008736692368984222,0.32859137654304504,ddpm,A strings section playing techno music.
81,37.733817083439945,0.964384150181941,0.00861350353807211,0.3493587523698807,ddpm,A strings section playing techno music.
82,37.12265137623633,0.96790895640723,0.008396929129958153,0.5752576589584351,ddpm,A strings section playing techno music.
83,37.37807495570123,0.9761935066555176,0.00871268380433321,0.3306102752685547,ddpm,A strings section playing techno music.
84,37.822171065144154,0.9724555586173402,0.008328236639499664,0.36980077624320984,ddpm,"A metal song of a man singing while a guitar, bass and drums accompany him."
85,37.04400241879015,0.9752621505420699,0.008873121812939644,0.30190491676330566,ddpm,"A metal song of a man singing while a guitar, bass and drums accompany him."
86,37.19642467577766,0.9629569404024605,0.00904932338744402,0.41145704686641693,ddpm,"A metal song of a man singing while a guitar, bass and drums accompany him."
87,37.58539593581388,0.9697432197694194,0.008659103885293007,0.3750193417072296,ddpm,"A metal song of a man singing while a guitar, bass and drums accompany him."
88,37.458464641631195,0.9682345765483572,0.008781404234468937,0.39808058738708496,ddpm,A recording of an old rock song from the nineties.
89,37.51336730182133,0.9621092023222116,0.008646282367408276,0.3413112759590149,ddpm,A recording of an old rock song from the nineties.
90,37.09612841254882,0.9769105517564903,0.00878625176846981,0.34026557207107544,ddpm,A recording of an old rock song from the nineties.
91,37.49477413409633,0.974582955128755,0.008726384490728378,0.3722182661294937,ddpm,A recording of an old rock song from the nineties.
92,37.70018937053019,0.9788407518875296,0.008048498071730137,0.26618364453315735,ddpm,A recording of a slow and cool jazz song.
93,37.30685231627689,0.9743425684809697,0.008838792331516743,0.46339431405067444,ddpm,A recording of a slow and cool jazz song.
94,37.57539213953688,0.9696102783702634,0.008714566938579082,0.335994228720665,ddpm,A recording of a slow and cool jazz song.
95,37.49712293627569,0.9630115217569294,0.008767567574977875,0.3631913959980011,ddpm,A recording of a slow and cool jazz song.
96,36.919585832878674,0.9636112076692148,0.008587069809436798,0.45514442026615143,ddpm,"A high quality recording of strings, drums and flutes playing."
97,37.731951017931856,0.9758810141010659,0.008446648716926575,0.3133484274148941,ddpm,"A high quality recording of strings, drums and flutes playing."
98,37.496720730362426,0.9768545866387737,0.008782707154750824,0.35510723292827606,ddpm,"A high quality recording of strings, drums and flutes playing."
99,37.480331934220004,0.9790117422861357,0.008795066736638546,0.34060220420360565,ddpm,"A high quality recording of strings, drums and flutes playing."
100,37.633202648939076,0.9737149730517873,0.00863568764179945,0.3223676234483719,ddpm,A recording of a slow cool hip hop song.
101,37.78078178129385,0.9749050080132788,0.008484830148518085,0.3524105101823807,ddpm,A recording of a slow cool hip hop song.
102,37.25346583537666,0.9776085060692282,0.008980166167020798,0.3325717896223068,ddpm,A recording of a slow cool hip hop song.
103,37.22335216763285,0.9762825941455364,0.008755113929510117,0.2876090556383133,ddpm,A recording of a slow cool hip hop song.
104,38.06964971417047,0.9718740775118258,0.00796270277351141,0.43843136727809906,ddpm,"Chinese strings, flutes, and harps playing an upbeat piece."
105,37.564638467917064,0.9765917408918553,0.008213336579501629,0.3816281110048294,ddpm,"Chinese strings, flutes, and harps playing an upbeat piece."
106,37.06647897388392,0.9572022828980027,0.009010951966047287,0.6110944449901581,ddpm,"Chinese strings, flutes, and harps playing an upbeat piece."
107,38.14311075166667,0.9806877698469822,0.00800810381770134,0.4123549908399582,ddpm,"Chinese strings, flutes, and harps playing an upbeat piece."
108,37.87620671655907,0.9738228471090513,0.008335292339324951,0.3412182927131653,ddpm,A recording of a calm and cool jazz song.
109,37.594185229920555,0.9716775290195778,0.008598677814006805,0.36826369166374207,ddpm,A recording of a calm and cool jazz song.
110,37.332835892386825,0.9587764025172189,0.008957114070653915,0.46712660789489746,ddpm,A recording of a calm and cool jazz song.
111,37.56258151610049,0.9682376380277516,0.008650662377476692,0.34819141030311584,ddpm,A recording of a calm and cool jazz song.
112,37.7160199940399,0.9686973758657299,0.00858373288065195,0.3208984136581421,ddpm,A recording of a funky jazz song.
113,37.287734794528255,0.970536406266258,0.008822326548397541,0.4040440320968628,ddpm,A recording of a funky jazz song.
114,37.48205861631164,0.9661418972366421,0.008709295652806759,0.39761973917484283,ddpm,A recording of a funky jazz song.
115,37.80916878738936,0.9632714983331891,0.008405046537518501,0.4855794310569763,ddpm,A recording of a funky jazz song.
116,37.59981527968251,0.972252930206763,0.008535213768482208,0.4476007670164108,ddpm,A recording of a classical music piece.
117,37.445577700035926,0.9815374170135175,0.00876559130847454,0.2759828418493271,ddpm,A recording of a classical music piece.
118,37.151788378444095,0.9740010932305231,0.0089121637865901,0.4402669072151184,ddpm,A recording of a classical music piece.
119,37.403225596048436,0.9716588766212766,0.008510533720254898,0.5055385231971741,ddpm,A recording of a classical music piece.
120,36.9521435409337,0.973099692825464,0.008902033790946007,0.494911253452301,ddpm,A high quality recording of an electric guitar playing a cool metal solo with accompaniment.
121,37.325207314555385,0.9783014942789185,0.00880337879061699,0.2949010282754898,ddpm,A high quality recording of an electric guitar playing a cool metal solo with accompaniment.
122,38.79646903670762,0.9717091552953278,0.006211400032043457,0.24348780512809753,ddpm,A high quality recording of an electric guitar playing a cool metal solo with accompaniment.
123,37.81648215517751,0.9775935250223601,0.008498884737491608,0.3542337715625763,ddpm,A high quality recording of an electric guitar playing a cool metal solo with accompaniment.
124,37.577958350275345,0.9734455643410264,0.008531447499990463,0.3504188060760498,ddpm,A recording of a happy calm Chinese song.
125,37.77322514087965,0.9775450661254532,0.008457805961370468,0.3354666531085968,ddpm,A recording of a happy calm Chinese song.
126,37.36222917800343,0.958178172199937,0.008888189680874348,0.5179409384727478,ddpm,A recording of a happy calm Chinese song.
127,37.87620067348928,0.9749224529803366,0.008298682980239391,0.4392922669649124,ddpm,A recording of a happy calm Chinese song.
128,36.93147746906527,0.9590770132505109,0.009374648332595825,0.4210357218980789,ddpm,A recording of a funky arcade game soundtrack.
129,36.67598605594728,0.9749794287609532,0.009127717465162277,0.2941198945045471,ddpm,A recording of a funky arcade game soundtrack.
130,37.138572912613235,0.9698173090266413,0.008960495702922344,0.29062964022159576,ddpm,A recording of a funky arcade game soundtrack.
131,36.98193344388681,0.9698148337607738,0.008910628966987133,0.27585364878177643,ddpm,A recording of a funky arcade game soundtrack.
132,38.05025108598535,0.9704259187552914,0.00818223599344492,0.3694296032190323,ddpm,A recording of a calm arcade game soundtrack.
133,37.415931646583275,0.973660646276177,0.008748158812522888,0.3615579605102539,ddpm,A recording of a calm arcade game soundtrack.
134,37.43768314050859,0.9893102167278033,0.00862790271639824,0.2307109385728836,ddpm,A recording of a calm arcade game soundtrack.
135,36.28792598633625,0.9858315079201135,0.009628338739275932,0.24897967278957367,ddpm,A recording of a calm arcade game soundtrack.
136,37.49929063582619,0.9554019933916591,0.008824676275253296,0.511378675699234,ddpm,"A jazz song with 2 trumpets, piano, bass and drums playing."
137,37.194855399722925,0.9761654205529775,0.00900284480303526,0.3886435776948929,ddpm,"A jazz song with 2 trumpets, piano, bass and drums playing."
138,38.394456643466015,0.9753212080851477,0.007862349040806293,0.23120275139808655,ddpm,"A jazz song with 2 trumpets, piano, bass and drums playing."
139,37.68727819531981,0.9804675941557889,0.00839540921151638,0.2953084409236908,ddpm,"A jazz song with 2 trumpets, piano, bass and drums playing."
140,36.73660423075769,0.9508711135552613,0.009477036073803902,0.5299653112888336,ddpm,"A recording of a sneaky, quiet and dramatic Chinese music piece, that turns loud in the middle then turns quite again."
141,37.22269418381234,0.9832239574936013,0.008794603869318962,0.2627178728580475,ddpm,"A recording of a sneaky, quiet and dramatic Chinese music piece, that turns loud in the middle then turns quite again."
142,37.77793395145528,0.9624420108135523,0.008445246145129204,0.3957654982805252,ddpm,"A recording of a sneaky, quiet and dramatic Chinese music piece, that turns loud in the middle then turns quite again."
143,37.37469904535165,0.9754988196448728,0.008832218125462532,0.3077706843614578,ddpm,"A recording of a sneaky, quiet and dramatic Chinese music piece, that turns loud in the middle then turns quite again."
144,37.158253636857225,0.9638085151058757,0.009057552553713322,0.476694718003273,ddpm,"A woman is singing while a guitar, bass and drums playing in the background a calm country song."
145,37.223776441587184,0.9508972405673308,0.009163777343928814,0.5213916301727295,ddpm,"A woman is singing while a guitar, bass and drums playing in the background a calm country song."
146,38.63711784767958,0.9765500425858762,0.007655504625290632,0.3235790431499481,ddpm,"A woman is singing while a guitar, bass and drums playing in the background a calm country song."
147,37.372254924660155,0.9754931554891612,0.008840793743729591,0.3722573518753052,ddpm,"A woman is singing while a guitar, bass and drums playing in the background a calm country song."
148,37.486775395098036,0.9627880604633168,0.008847031742334366,0.4466944634914398,ddpm,"A cool 70s rock song of a man singing while a guitar, bass and drums accompany him."
149,37.155480971967904,0.9575760261695246,0.009185458533465862,0.5118651688098907,ddpm,"A cool 70s rock song of a man singing while a guitar, bass and drums accompany him."
150,36.598641895054406,0.9581163762489199,0.009631706401705742,0.5366682708263397,ddpm,"A cool 70s rock song of a man singing while a guitar, bass and drums accompany him."
151,37.91082260425299,0.972119681182914,0.008402237668633461,0.2926631569862366,ddpm,"A cool 70s rock song of a man singing while a guitar, bass and drums accompany him."
152,37.157246301166886,0.932791408990338,0.009122252464294434,0.7045191526412964,ddpm,"A high quality recording of a saxophone playing, and a guitar, bass and drums playing."
153,36.96154798718717,0.9728805093425433,0.009191669523715973,0.36979854106903076,ddpm,"A high quality recording of a saxophone playing, and a guitar, bass and drums playing."
154,37.62518957956515,0.9707186907930208,0.008497888222336769,0.39296384155750275,ddpm,"A high quality recording of a saxophone playing, and a guitar, bass and drums playing."
155,37.70646528160568,0.9813230299567625,0.008492972701787949,0.25708261877298355,ddpm,"A high quality recording of a saxophone playing, and a guitar, bass and drums playing."
156,37.092673052592936,0.9747118786330844,0.009135792963206768,0.2989584505558014,ddpm,A recording of a cool jazz song.
157,37.405879710011064,0.9723782636557273,0.008787503466010094,0.3731961250305176,ddpm,A recording of a cool jazz song.
158,38.64975260751004,0.9790136838926647,0.0077402652241289616,0.29823024570941925,ddpm,A recording of a cool jazz song.
159,38.040114199490105,0.9769296722794777,0.008171251974999905,0.24644365906715393,ddpm,A recording of a cool jazz song.
160,37.443013680478295,0.9609996333260943,0.008844331838190556,0.4505244791507721,ddpm,A recording of an old rock song.
161,38.03915380127458,0.9755248569106133,0.008110125549137592,0.3523799628019333,ddpm,A recording of an old rock song.
162,37.5445061443324,0.9577553031527327,0.008732660673558712,0.4423733949661255,ddpm,A recording of an old rock song.
163,37.91889750497239,0.9710475272553201,0.008391975425183773,0.3832313120365143,ddpm,A recording of an old rock song.
164,36.99267033577199,0.9633715779112663,0.009319121949374676,0.4364308714866638,ddpm,A recording of a death metal song.
165,37.49263103405463,0.971483810413453,0.008759134449064732,0.38940948247909546,ddpm,A recording of a death metal song.
166,37.2136018553649,0.9604895640753203,0.009134858846664429,0.4985117018222809,ddpm,A recording of a death metal song.
167,36.81628404246317,0.9580079484716462,0.009639263153076172,0.5217183828353882,ddpm,A recording of a death metal song.
168,37.69834999303947,0.9594008949957807,0.008546650409698486,0.5058253705501556,ddpm,A high quality recording of a rock band playing a happy song.
169,36.76286734596154,0.9632924585931414,0.00939303170889616,0.5130134522914886,ddpm,A high quality recording of a rock band playing a happy song.
170,37.50410471135859,0.9623754151849504,0.008756169117987156,0.45917491614818573,ddpm,A high quality recording of a rock band playing a happy song.
171,38.09887607076245,0.9661130183374639,0.0082065649330616,0.4142731726169586,ddpm,A high quality recording of a rock band playing a happy song.
172,37.54520099865386,0.9766182235132712,0.008690622635185719,0.3380982130765915,ddpm,A recording of an old upbeat cool arcade game soundtrack.
173,37.57707053076481,0.9851695275902527,0.008624703623354435,0.23813869059085846,ddpm,A recording of an old upbeat cool arcade game soundtrack.
174,37.44736162866125,0.9745944897267892,0.008807859383523464,0.307198628783226,ddpm,A recording of an old upbeat cool arcade game soundtrack.
175,37.9024853778657,0.9830342296192374,0.008366028778254986,0.21802467107772827,ddpm,A recording of an old upbeat cool arcade game soundtrack.
176,37.10943681896326,0.9809935388629688,0.008837212808430195,0.24220484495162964,ddpm,A recording of a happy upbeat song in a retro arcade game soundtrack style.
177,37.834729143829634,0.969069322838097,0.008337106555700302,0.359827920794487,ddpm,A recording of a happy upbeat song in a retro arcade game soundtrack style.
178,38.012618694793005,0.9801579169914656,0.008061877451837063,0.24514582008123398,ddpm,A recording of a happy upbeat song in a retro arcade game soundtrack style.
179,37.5644656509135,0.9843770203672163,0.00855264626443386,0.25532127916812897,ddpm,A recording of a happy upbeat song in a retro arcade game soundtrack style.
180,37.72229017497411,0.9717900973707281,0.008486120961606503,0.45698580145835876,ddpm,"A high quality recording of a trumpet, saxophone, electric keyboard, bass and drums playing."
181,37.86420618664001,0.9672475404693756,0.008275805041193962,0.3920922726392746,ddpm,"A high quality recording of a trumpet, saxophone, electric keyboard, bass and drums playing."
182,36.93871310219543,0.970482007463242,0.009259234182536602,0.3969796746969223,ddpm,"A high quality recording of a trumpet, saxophone, electric keyboard, bass and drums playing."
183,37.99426720754045,0.9784622051998958,0.007881847210228443,0.4151849001646042,ddpm,"A high quality recording of a trumpet, saxophone, electric keyboard, bass and drums playing."
184,38.313547341425604,0.9753838115246993,0.007272535469383001,0.20910239964723587,ddpm,"A trumpet and a guitar playing a cool jazz melody, with an accompaniment of a piano, bass and drums."
185,37.56480242714199,0.9720757000408239,0.008671384304761887,0.3264082074165344,ddpm,"A trumpet and a guitar playing a cool jazz melody, with an accompaniment of a piano, bass and drums."
186,37.83195995764734,0.9778933579312747,0.008201994001865387,0.27433469891548157,ddpm,"A trumpet and a guitar playing a cool jazz melody, with an accompaniment of a piano, bass and drums."
187,37.11483080565707,0.972400880895457,0.009137952700257301,0.34733107686042786,ddpm,"A trumpet and a guitar playing a cool jazz melody, with an accompaniment of a piano, bass and drums."
188,36.259389143318096,0.9813580375178236,0.009411489591002464,0.2223789170384407,ddpm,A recording of a Arabic song.
189,37.65833839473874,0.9826801641098897,0.008563579060137272,0.28537294268608093,ddpm,A recording of a Arabic song.
190,37.492814800471066,0.9805661995758208,0.008687450550496578,0.24124311655759811,ddpm,A recording of a Arabic song.
191,37.34416237868323,0.9772691592059278,0.008684390224516392,0.31408077478408813,ddpm,A recording of a Arabic song.
192,37.564165921379946,0.9643819971635803,0.008496709167957306,0.38855940103530884,ddpm,A high quality recording of an epic guitar country solo with a country band accompaniment.
193,37.556729959053634,0.9583510521450509,0.008728564716875553,0.4872126877307892,ddpm,A high quality recording of an epic guitar country solo with a country band accompaniment.
194,37.128581035597875,0.9627723495121805,0.009012101218104362,0.42163391411304474,ddpm,A high quality recording of an epic guitar country solo with a country band accompaniment.
195,37.92830422269388,0.9780632925706847,0.008237745612859726,0.3565499484539032,ddpm,A high quality recording of an epic guitar country solo with a country band accompaniment.
196,37.73179818251043,0.9718656241651727,0.008538777939975262,0.3844760060310364,ddpm,"An electric guitar playing epic riffs while a piano, bass and drums are playing in the background."
197,38.001576395507584,0.9823446275729955,0.008354149758815765,0.3484857976436615,ddpm,"An electric guitar playing epic riffs while a piano, bass and drums are playing in the background."
198,37.28800172843931,0.9721562999109138,0.008624251000583172,0.44621580839157104,ddpm,"An electric guitar playing epic riffs while a piano, bass and drums are playing in the background."
199,36.93870735922322,0.9782442024470481,0.008448474109172821,0.48143918812274933,ddpm,"An electric guitar playing epic riffs while a piano, bass and drums are playing in the background."
200,37.74126755608718,0.9529255333003173,0.008348030038177967,0.6646564602851868,ddpm,A recording of an upbeat angry movie soundtrack.
201,36.57325374063214,0.9736206966996988,0.009644078090786934,0.31509584188461304,ddpm,A recording of an upbeat angry movie soundtrack.
202,37.26900456890964,0.9559386878795242,0.008127152919769287,0.5388775616884232,ddpm,A recording of an upbeat angry movie soundtrack.
203,37.586637018502856,0.9722435669480901,0.008695248514413834,0.36972473561763763,ddpm,A recording of an upbeat angry movie soundtrack.
204,37.5560169804739,0.9730315474367663,0.008667804300785065,0.3523774594068527,ddpm,A recording of a sneaky arcade game soundtrack.
205,37.68532094997327,0.9825359897988124,0.008563489653170109,0.27381134033203125,ddpm,A recording of a sneaky arcade game soundtrack.
206,37.58548955942632,0.970087548015622,0.008586199954152107,0.3037233054637909,ddpm,A recording of a sneaky arcade game soundtrack.
207,37.33176574934555,0.9689735711954124,0.008762613870203495,0.3893412947654724,ddpm,A recording of a sneaky arcade game soundtrack.
208,37.86677038007217,0.9740525106541263,0.008325481787323952,0.392509326338768,ddpm,A recording of a romantic country song.
209,37.538184846146095,0.9676104686923094,0.008669300936162472,0.49875587224960327,ddpm,A recording of a romantic country song.
210,37.01774709744694,0.9702456286383467,0.009042222052812576,0.435943067073822,ddpm,A recording of a romantic country song.
211,37.67614242993667,0.9582486690131505,0.008558853529393673,0.38907141983509064,ddpm,A recording of a romantic country song.
212,37.52226417943037,0.9606403981561019,0.008718363009393215,0.48592808842658997,ddpm,A high quality recording of a metal band playing a happy song.
213,37.024118919769066,0.9707356880888762,0.009226946160197258,0.27523073554039,ddpm,A high quality recording of a metal band playing a happy song.
214,37.477347731518705,0.9556388161008215,0.008831522427499294,0.5431875288486481,ddpm,A high quality recording of a metal band playing a happy song.
215,37.643664555186184,0.9573472743722001,0.00865841843187809,0.5286379158496857,ddpm,A high quality recording of a metal band playing a happy song.
216,37.194541908682815,0.9553737133703055,0.008896181359887123,0.41292978823184967,ddpm,A high quality recording of a trumpet playing a melody while another trumpet and drums are playing in the background.
217,37.41172422815639,0.9835681029301739,0.008602050133049488,0.29400353133678436,ddpm,A high quality recording of a trumpet playing a melody while another trumpet and drums are playing in the background.
218,37.791113854492046,0.9739899985039159,0.008338801562786102,0.3010779172182083,ddpm,A high quality recording of a trumpet playing a melody while another trumpet and drums are playing in the background.
219,37.59513989419946,0.9835074827221743,0.007873106747865677,0.24695070087909698,ddpm,A high quality recording of a trumpet playing a melody while another trumpet and drums are playing in the background.
220,37.513643950532895,0.9562289444806269,0.00874614529311657,0.5136700570583344,ddpm,A recording of a slow cool metal song.
221,37.54126987490252,0.9606367491067418,0.008733256720006466,0.4967377781867981,ddpm,A recording of a slow cool metal song.
222,37.392174293496076,0.9702888252656394,0.008547368459403515,0.3610025644302368,ddpm,A recording of a slow cool metal song.
223,37.04861707551706,0.9620100652422019,0.009193015284836292,0.44878077507019043,ddpm,A recording of a slow cool metal song.
224,37.30167728328185,0.9663324216814687,0.008928234688937664,0.41639870405197144,ddpm,"A jazz song with a guitar, trumpet, piano, bass and drums playing."
225,37.63799673845853,0.9720156541792763,0.008619150146842003,0.44186994433403015,ddpm,"A jazz song with a guitar, trumpet, piano, bass and drums playing."
226,37.67876601924709,0.9820560031802734,0.008362038992345333,0.28905194997787476,ddpm,"A jazz song with a guitar, trumpet, piano, bass and drums playing."
227,37.55258627765178,0.9776668235070128,0.008586069568991661,0.33095768094062805,ddpm,"A jazz song with a guitar, trumpet, piano, bass and drums playing."
228,37.44417394875804,0.946301341215159,0.00895126536488533,0.6790935695171356,ddpm,"A metal song with an electric guitar, bass and drums playing."
229,37.3999354597256,0.9505582158779163,0.009001456201076508,0.561350017786026,ddpm,"A metal song with an electric guitar, bass and drums playing."
230,37.54971247554106,0.9646831336868487,0.00862418208271265,0.4581476151943207,ddpm,"A metal song with an electric guitar, bass and drums playing."
231,37.791600183208935,0.964333401922889,0.008525125682353973,0.3894948810338974,ddpm,"A metal song with an electric guitar, bass and drums playing."
232,37.82679610738719,0.9674132450553294,0.008322687819600105,0.5324542224407196,ddpm,A cello playing a melody and then slowly a violin joins and more strings and they play a happy emotional song.
233,38.48989846195408,0.9789878319941222,0.007669053506106138,0.40834835171699524,ddpm,A cello playing a melody and then slowly a violin joins and more strings and they play a happy emotional song.
234,37.52246154668614,0.9642065741982275,0.008547293953597546,0.5337427854537964,ddpm,A cello playing a melody and then slowly a violin joins and more strings and they play a happy emotional song.
235,37.472681739416615,0.9815009870372574,0.008635349571704865,0.2774200439453125,ddpm,A cello playing a melody and then slowly a violin joins and more strings and they play a happy emotional song.
236,37.41862492525887,0.9697574224896748,0.008844593539834023,0.3180204927921295,ddpm,"A recording of a sneaky, quiet and dramatic arcade game soundtrack, that turns loud in the middle then turns quite again."
237,37.73309126428482,0.974565619967689,0.00847971998155117,0.39865270256996155,ddpm,"A recording of a sneaky, quiet and dramatic arcade game soundtrack, that turns loud in the middle then turns quite again."
238,37.2386766678186,0.9872573080389541,0.00879593938589096,0.36479151248931885,ddpm,"A recording of a sneaky, quiet and dramatic arcade game soundtrack, that turns loud in the middle then turns quite again."
239,37.13900653970582,0.973654980185649,0.009030765853822231,0.2835492864251137,ddpm,"A recording of a sneaky, quiet and dramatic arcade game soundtrack, that turns loud in the middle then turns quite again."
240,37.31642701922573,0.9712989131021305,0.008757396601140499,0.5144394189119339,ddpm,A high quality recording of a cello and violins playing a happy and emotional piece.
241,37.153687086716104,0.9888665969420365,0.008735721930861473,0.2500189393758774,ddpm,A high quality recording of a cello and violins playing a happy and emotional piece.
242,37.566669084204804,0.9604126980178977,0.008620353415608406,0.5523171722888947,ddpm,A high quality recording of a cello and violins playing a happy and emotional piece.
243,37.649941946135925,0.9706222731187046,0.008473447524011135,0.4366028308868408,ddpm,A high quality recording of a cello and violins playing a happy and emotional piece.
244,37.72499990116826,0.9772118249876133,0.008426494896411896,0.27347084879875183,ddpm,"A cool 60s jazz song of a saxophone playing while a guitar, bass and drums accompany him."
245,37.67906460379272,0.9629083644474046,0.00869551207870245,0.4768959581851959,ddpm,"A cool 60s jazz song of a saxophone playing while a guitar, bass and drums accompany him."
246,37.135797637162796,0.9677161237160077,0.009060307405889034,0.4273679256439209,ddpm,"A cool 60s jazz song of a saxophone playing while a guitar, bass and drums accompany him."
247,37.21431672281589,0.9765922610402563,0.008599030785262585,0.3462914228439331,ddpm,"A cool 60s jazz song of a saxophone playing while a guitar, bass and drums accompany him."
248,37.39219207553844,0.9462049847096785,0.00879527349025011,0.39402198791503906,ddpm,"A techno song of a synthesizer playing while an electric guitar, bass and drums are playing in the background."
249,37.03063894220593,0.9705003216897472,0.008815063163638115,0.3189483731985092,ddpm,"A techno song of a synthesizer playing while an electric guitar, bass and drums are playing in the background."
250,37.197697951020984,0.9765616398897071,0.009093201719224453,0.38431933522224426,ddpm,"A techno song of a synthesizer playing while an electric guitar, bass and drums are playing in the background."
251,37.529597645765584,0.9698409075061463,0.008574452251195908,0.3427095413208008,ddpm,"A techno song of a synthesizer playing while an electric guitar, bass and drums are playing in the background."
252,38.08947586542797,0.9815306967537011,0.007713313680142164,0.33806565403938293,ddpm,A man singing a melody and then slowly a woman joins and strings and they play a happy emotional song.
253,38.1899917022985,0.9628647175767184,0.008017195388674736,0.4712244123220444,ddpm,A man singing a melody and then slowly a woman joins and strings and they play a happy emotional song.
254,37.40691964618385,0.9546864715573639,0.008851463906466961,0.49055907130241394,ddpm,A man singing a melody and then slowly a woman joins and strings and they play a happy emotional song.
255,37.418732553563316,0.9815699844419894,0.008701512590050697,0.3926679193973541,ddpm,A man singing a melody and then slowly a woman joins and strings and they play a happy emotional song.
256,37.372256359519106,0.9646907513151556,0.008802634663879871,0.448074534535408,ddpm,"A clarinet playing a quiet jazz melody, with an accompaniment of bass and drums."
257,37.90051697942289,0.9800874143258992,0.008315304294228554,0.2663176655769348,ddpm,"A clarinet playing a quiet jazz melody, with an accompaniment of bass and drums."
258,37.37482882026765,0.964768365542379,0.008875124156475067,0.5272911190986633,ddpm,"A clarinet playing a quiet jazz melody, with an accompaniment of bass and drums."
259,37.10311857447344,0.965347189071606,0.008960911072790623,0.34557904303073883,ddpm,"A clarinet playing a quiet jazz melody, with an accompaniment of bass and drums."
260,37.58844392272886,0.9742253171821152,0.008681097067892551,0.4160281717777252,ddpm,A recording of a happy movie score.
261,37.96987843577424,0.9796958477830876,0.008121398277580738,0.29439298808574677,ddpm,A recording of a happy movie score.
262,37.491443994665914,0.9658098238353007,0.008712264709174633,0.5021680593490601,ddpm,A recording of a happy movie score.
263,37.414459440910505,0.9709031972351512,0.008716778829693794,0.33921000361442566,ddpm,A recording of a happy movie score.
264,36.37988747499634,0.9886125031148821,0.009196054190397263,0.25862637162208557,ddpm,"A high quality recording of strings, flutes and drums playing."
265,36.59275120995537,0.9564170050990549,0.009719773195683956,0.4565792381763458,ddpm,"A high quality recording of strings, flutes and drums playing."
266,37.60648013685292,0.9713392699657529,0.008729444816708565,0.37963809072971344,ddpm,"A high quality recording of strings, flutes and drums playing."
267,37.31443095478533,0.9684085021333313,0.008866528980433941,0.34085723757743835,ddpm,"A high quality recording of strings, flutes and drums playing."
268,38.02341095862996,0.95970012905763,0.008325974456965923,0.4415901154279709,ddpm,A high quality recording of an epic saxophone jazz solo with a jazz band accompaniment.
269,38.04426580221674,0.9775288470251049,0.008180681616067886,0.3595728576183319,ddpm,A high quality recording of an epic saxophone jazz solo with a jazz band accompaniment.
270,37.562709194858456,0.9746925634344639,0.008581310510635376,0.431281179189682,ddpm,A high quality recording of an epic saxophone jazz solo with a jazz band accompaniment.
271,37.14992257035932,0.9732969889366172,0.008944670669734478,0.3755669444799423,ddpm,A high quality recording of an epic saxophone jazz solo with a jazz band accompaniment.
272,37.81050299511373,0.9858442330236569,0.007438758388161659,0.1887129470705986,ddpm,A high quality recording of wind instruments playing.
273,37.387167100264584,0.9814621095118645,0.008693914860486984,0.21691439300775528,ddpm,A high quality recording of wind instruments playing.
274,37.76352759789397,0.9706091110169643,0.008325174450874329,0.4027819335460663,ddpm,A high quality recording of wind instruments playing.
275,36.96683664211853,0.977196417426963,0.009160175919532776,0.39314037561416626,ddpm,A high quality recording of wind instruments playing.
276,37.328088599585165,0.9724600620761684,0.008915637619793415,0.36433154344558716,ddpm,A recording of a dramatic metal song.
277,37.57011725438108,0.9506212517501642,0.008747201412916183,0.5280069410800934,ddpm,A recording of a dramatic metal song.
278,37.265519371109825,0.9769305399454877,0.008867364376783371,0.4782589375972748,ddpm,A recording of a dramatic metal song.
279,37.0192810611043,0.9646788580981448,0.009109931997954845,0.3767075687646866,ddpm,A recording of a dramatic metal song.
280,37.79218091929736,0.9696651592657557,0.008370835334062576,0.3768298029899597,ddpm,"A high quality recording of a saxophone playing and drums, guitar and bass playing a song, and later a trumpet is playing."
281,37.90791012933404,0.9793156686097344,0.008223697543144226,0.3378969430923462,ddpm,"A high quality recording of a saxophone playing and drums, guitar and bass playing a song, and later a trumpet is playing."
282,38.06985862717175,0.9756428444713494,0.008097843267023563,0.38082754611968994,ddpm,"A high quality recording of a saxophone playing and drums, guitar and bass playing a song, and later a trumpet is playing."
283,38.101723238590765,0.9806632673368048,0.008028673008084297,0.2832136005163193,ddpm,"A high quality recording of a saxophone playing and drums, guitar and bass playing a song, and later a trumpet is playing."
284,36.919041635721406,0.9742215490525541,0.009045508690178394,0.34713196754455566,ddpm,Flutes and strings playing a happy calm classical score.
285,37.858562597743244,0.9700690349977128,0.008186500519514084,0.4371660351753235,ddpm,Flutes and strings playing a happy calm classical score.
286,37.63157547986739,0.9773838596837596,0.008510648272931576,0.3441522419452667,ddpm,Flutes and strings playing a happy calm classical score.
287,37.0730708152111,0.9455757447144032,0.009186963550746441,0.5567144453525543,ddpm,Flutes and strings playing a happy calm classical score.
288,37.99945357404355,0.9766286058750198,0.008246677927672863,0.344338983297348,ddpm,"Strings, flutes, and harp playing an upbeat happy piece."
289,37.532394127397204,0.97706463829821,0.008643225766718388,0.2779800668358803,ddpm,"Strings, flutes, and harp playing an upbeat happy piece."
290,37.54393402400146,0.975772239015952,0.008526650257408619,0.39413362741470337,ddpm,"Strings, flutes, and harp playing an upbeat happy piece."
291,37.315856813376314,0.9654388219347049,0.008800599724054337,0.5080656856298447,ddpm,"Strings, flutes, and harp playing an upbeat happy piece."
292,34.94180839469894,0.9615536638158662,0.010854149237275124,0.42925575375556946,ddpm,"Flutes, wind instruments and strings playing a dramatic classical music piece."
293,37.2215214417307,0.9755546323248192,0.008439037948846817,0.37613236904144287,ddpm,"Flutes, wind instruments and strings playing a dramatic classical music piece."
294,37.42347909758076,0.9692221302786824,0.008670802228152752,0.4908761829137802,ddpm,"Flutes, wind instruments and strings playing a dramatic classical music piece."
295,37.830969340020474,0.9748663803237468,0.008335364982485771,0.36397475004196167,ddpm,"Flutes, wind instruments and strings playing a dramatic classical music piece."
296,37.68216130205702,0.9460560056825268,0.008555381558835506,0.5377503037452698,ddpm,"A high quality recording of a saxophone playing and drums, guitar and bass playing a song, and later a woman is singing."
297,36.82882632720579,0.9495123218182626,0.009506870992481709,0.49035558104515076,ddpm,"A high quality recording of a saxophone playing and drums, guitar and bass playing a song, and later a woman is singing."
298,37.67432481154819,0.9788481024980811,0.00834733434021473,0.3356809467077255,ddpm,"A high quality recording of a saxophone playing and drums, guitar and bass playing a song, and later a woman is singing."
299,37.137143818197174,0.9754197349835078,0.00896835420280695,0.39010484516620636,ddpm,"A high quality recording of a saxophone playing and drums, guitar and bass playing a song, and later a woman is singing."
300,37.25049255743072,0.9439751947012042,0.00900859571993351,0.5855483412742615,ddpm,A recording of a cool movie soundtrack.
301,37.52501729815862,0.9724608556019554,0.008800515905022621,0.3746815174818039,ddpm,A recording of a cool movie soundtrack.
302,37.10682950396093,0.9674693549196917,0.009212037548422813,0.3862563669681549,ddpm,A recording of a cool movie soundtrack.
303,37.94420865151784,0.9792335671517842,0.008307088166475296,0.3390195667743683,ddpm,A recording of a cool movie soundtrack.
304,38.32766946043649,0.9737266400841375,0.007906216196715832,0.414827823638916,ddpm,A recording of a happy orchestral score.
305,38.096558551654105,0.9754762505491407,0.008003507740795612,0.36920659244060516,ddpm,A recording of a happy orchestral score.
306,37.87961072145177,0.9670665944124017,0.008186103776097298,0.448491632938385,ddpm,A recording of a happy orchestral score.
307,36.990140438311684,0.9600747108298364,0.009226707741618156,0.45888277888298035,ddpm,A recording of a happy orchestral score.
308,37.79176877861181,0.9786295837780928,0.008344477973878384,0.37258294224739075,ddpm,"A jazz song with a saxophone, violin, bass and drums playing."
309,38.09850469134021,0.9787143011600781,0.008141118101775646,0.2928224354982376,ddpm,"A jazz song with a saxophone, violin, bass and drums playing."
310,38.70290511997514,0.9739855092284457,0.007587582804262638,0.3584381341934204,ddpm,"A jazz song with a saxophone, violin, bass and drums playing."
311,38.02963874155944,0.9716233794170646,0.008197509683668613,0.38501179218292236,ddpm,"A jazz song with a saxophone, violin, bass and drums playing."
312,36.98375501733289,0.9747288332782676,0.009096700698137283,0.32754868268966675,ddpm,A high quality recording of a synthesizer playing with a guitar and drums playing in the background.
313,36.8278424016238,0.9731034245111951,0.009269753471016884,0.24287671595811844,ddpm,A high quality recording of a synthesizer playing with a guitar and drums playing in the background.
314,37.95379131622766,0.9642903672614512,0.008277644403278828,0.43892161548137665,ddpm,A high quality recording of a synthesizer playing with a guitar and drums playing in the background.
315,37.19539534382079,0.9814216946561963,0.008916723541915417,0.3601004481315613,ddpm,A high quality recording of a synthesizer playing with a guitar and drums playing in the background.
316,37.462860974027684,0.982403789990477,0.008750519715249538,0.2490813434123993,ddpm,A recording of hip hop music.
317,37.264490805771594,0.970395987771908,0.008912881836295128,0.3119696378707886,ddpm,A recording of hip hop music.
318,37.47857244197692,0.9753770432308125,0.008918234147131443,0.27790433913469315,ddpm,A recording of hip hop music.
319,37.34202805465309,0.9802048642437033,0.008317985571920872,0.29321660101413727,ddpm,A recording of hip hop music.
320,38.08002201096425,0.9787290919646366,0.008175471797585487,0.3468775153160095,ddpm,"Guitars, trumpets, and piano playing a happy song."
321,37.080074500358734,0.9691701187651305,0.009270372800529003,0.4034896194934845,ddpm,"Guitars, trumpets, and piano playing a happy song."
322,37.39811511160431,0.9670253354534273,0.008839822374284267,0.3610621243715286,ddpm,"Guitars, trumpets, and piano playing a happy song."
323,38.103514025248685,0.9785309796121365,0.008160143159329891,0.28702789545059204,ddpm,"Guitars, trumpets, and piano playing a happy song."
324,36.82668282146963,0.9735954115989507,0.009341203607618809,0.3340936303138733,ddpm,"A jazz song with a trumpet, piano, bass and drums playing."
325,37.47864182384585,0.970132460276821,0.008724709041416645,0.3995084762573242,ddpm,"A jazz song with a trumpet, piano, bass and drums playing."
326,37.99155893924018,0.961325059740024,0.008244297467172146,0.39365459978580475,ddpm,"A jazz song with a trumpet, piano, bass and drums playing."
327,37.37385727233103,0.9724452805639722,0.008846728131175041,0.29858796298503876,ddpm,"A jazz song with a trumpet, piano, bass and drums playing."
328,37.4611864868216,0.9646652401197559,0.008800560608506203,0.3746773302555084,ddpm,"A cool 90s hip hop song of a man singing while a guitar, bass and drums accompany him."
329,37.882128804936016,0.9700157780731347,0.008427156135439873,0.428941547870636,ddpm,"A cool 90s hip hop song of a man singing while a guitar, bass and drums accompany him."
330,38.52456566611282,0.9771046469322191,0.007760006934404373,0.3527381867170334,ddpm,"A cool 90s hip hop song of a man singing while a guitar, bass and drums accompany him."
331,37.504117274850636,0.9690448930390914,0.008698520250618458,0.36326752603054047,ddpm,"A cool 90s hip hop song of a man singing while a guitar, bass and drums accompany him."
332,37.08892191785508,0.9659687632002817,0.008667340502142906,0.3954476863145828,ddpm,A recording of an old timey Chinese song from the forties.
333,38.129093160946525,0.9774237406559493,0.008148431777954102,0.34190772473812103,ddpm,A recording of an old timey Chinese song from the forties.
334,36.98416368157273,0.953431320627213,0.008678174577653408,0.6390493512153625,ddpm,A recording of an old timey Chinese song from the forties.
335,38.54015301190013,0.9793809097852607,0.007600980345159769,0.3840439021587372,ddpm,A recording of an old timey Chinese song from the forties.
336,37.208953399438236,0.9554587038125021,0.009020850993692875,0.5335595607757568,ddpm,A high quality recording of a woman singing with an orchestra rock band accompaniment.
337,36.95834739005656,0.9701267097522626,0.009204761125147343,0.41176462173461914,ddpm,A high quality recording of a woman singing with an orchestra rock band accompaniment.
338,37.73193365457324,0.974538130873206,0.008280026726424694,0.3879055827856064,ddpm,A high quality recording of a woman singing with an orchestra rock band accompaniment.
339,38.50043265324744,0.9742801043320531,0.007860520854592323,0.41901490092277527,ddpm,A high quality recording of a woman singing with an orchestra rock band accompaniment.
340,37.30959712338161,0.9622280921699158,0.00861547514796257,0.38547787070274353,ddpm,A recording of happy techno music.
341,37.37905567918449,0.9583746768204655,0.008874685503542423,0.5268616378307343,ddpm,A recording of happy techno music.
342,37.009339656005345,0.9647623708391668,0.009173781611025333,0.4415922611951828,ddpm,A recording of happy techno music.
343,37.286666632952205,0.9747422607609602,0.009076698683202267,0.3409387320280075,ddpm,A recording of happy techno music.
344,38.314862618351334,0.9755890567223395,0.007917666807770729,0.3682532012462616,ddpm,"Strings playing a mysterious song, alongside drums and flutes."
345,37.27861804514105,0.9688245998470155,0.008858849294483662,0.46500054001808167,ddpm,"Strings playing a mysterious song, alongside drums and flutes."
346,37.4589848959376,0.9825468063021686,0.008531242609024048,0.25917795300483704,ddpm,"Strings playing a mysterious song, alongside drums and flutes."
347,37.453405379046515,0.9643784092164944,0.00872088223695755,0.4459511488676071,ddpm,"Strings playing a mysterious song, alongside drums and flutes."
348,37.11414755652752,0.9832695013863363,0.008939968422055244,0.5251714736223221,ddpm,A high quality recording of a choir and violins playing a happy and emotional  piece.
349,37.549179198723486,0.9753189225210313,0.008752134628593922,0.4137132465839386,ddpm,A high quality recording of a choir and violins playing a happy and emotional  piece.
350,38.06326064182211,0.9675522318027866,0.00804228987544775,0.43128637969493866,ddpm,A high quality recording of a choir and violins playing a happy and emotional  piece.
351,38.05695710911234,0.9694126523827696,0.008116582408547401,0.4771370589733124,ddpm,A high quality recording of a choir and violins playing a happy and emotional  piece.
352,38.0791896284457,0.9774671060587725,0.007519159931689501,0.3410402685403824,ddpm,"A classical piece with a string section, piano, bass and drums playing."
353,37.38614824614253,0.9596426152165604,0.008947969414293766,0.39607663452625275,ddpm,"A classical piece with a string section, piano, bass and drums playing."
354,37.74206490093982,0.9668436420657285,0.008485966362059116,0.4464566707611084,ddpm,"A classical piece with a string section, piano, bass and drums playing."
355,37.3295647711116,0.9717438067011892,0.00862115528434515,0.42975687980651855,ddpm,"A classical piece with a string section, piano, bass and drums playing."
356,37.3899108304379,0.9687314057520797,0.00871717743575573,0.4266708642244339,ddpm,A recording of an old classical song.
357,37.582522805847,0.9792426801621178,0.008337900973856449,0.4340934604406357,ddpm,A recording of an old classical song.
358,37.343800156184294,0.973366971656492,0.008843974210321903,0.3771301954984665,ddpm,A recording of an old classical song.
359,37.4510591389879,0.9720893608148576,0.008935787715017796,0.4325020909309387,ddpm,A recording of an old classical song.
360,37.41537177605734,0.9693836050385981,0.00887458585202694,0.31960438191890717,ddpm,"A high quality recording of a man singing, and a piano, bass and drums playing."
361,37.07579911324021,0.9642561427629408,0.009123493917286396,0.3713580071926117,ddpm,"A high quality recording of a man singing, and a piano, bass and drums playing."
362,36.90378827319851,0.9741245755892809,0.009152882732450962,0.328608974814415,ddpm,"A high quality recording of a man singing, and a piano, bass and drums playing."
363,37.425492998919296,0.9644833122395867,0.00882247369736433,0.47418659925460815,ddpm,"A high quality recording of a man singing, and a piano, bass and drums playing."
364,37.708672278731655,0.9701270162988639,0.008485762402415276,0.4279674291610718,ddpm,A recording of a dramatic Chinese music piece.
365,37.23878291183445,0.9592580419393172,0.008999691344797611,0.399881049990654,ddpm,A recording of a dramatic Chinese music piece.
366,37.258178760170686,0.9666968677922201,0.008763035759329796,0.45749542117118835,ddpm,A recording of a dramatic Chinese music piece.
367,37.33490824312729,0.9551241282020816,0.008387899026274681,0.3870120197534561,ddpm,A recording of a dramatic Chinese music piece.
368,36.76340789065677,0.9750163438607503,0.009510444477200508,0.4165739566087723,ddpm,A saxophone playing a melody and then slowly a violin joins and more strings and they play a happy emotional song.
369,37.41266745742854,0.9689301338995666,0.008763547986745834,0.3545098900794983,ddpm,A saxophone playing a melody and then slowly a violin joins and more strings and they play a happy emotional song.
370,36.846726694158434,0.960084700963811,0.009370849467813969,0.5675085484981537,ddpm,A saxophone playing a melody and then slowly a violin joins and more strings and they play a happy emotional song.
371,37.76444887170308,0.9677449553546387,0.008504955098032951,0.36856016516685486,ddpm,A saxophone playing a melody and then slowly a violin joins and more strings and they play a happy emotional song.
372,37.44197718354188,0.9753636735142607,0.008663173764944077,0.3066323548555374,ddpm,"A woman is singing a country song with a violin, bass and drums playing in the background."
373,37.55019173982952,0.9610017615090183,0.008625682443380356,0.4482116550207138,ddpm,"A woman is singing a country song with a violin, bass and drums playing in the background."
374,38.04101600639471,0.9704142508904207,0.008201388642191887,0.4179285317659378,ddpm,"A woman is singing a country song with a violin, bass and drums playing in the background."
375,38.20760244788377,0.9728219512987328,0.00809629075229168,0.42282870411872864,ddpm,"A woman is singing a country song with a violin, bass and drums playing in the background."
376,37.19894546149922,0.9657082239192438,0.008960983715951443,0.516814261674881,ddpm,A recording of a classical song.
377,37.69013022460386,0.9649300814115643,0.008380853570997715,0.4116024225950241,ddpm,A recording of a classical song.
378,37.31275103725,0.9793677006976331,0.008389607071876526,0.3143501579761505,ddpm,A recording of a classical song.
379,37.3891559905888,0.9778722396411572,0.008719498291611671,0.3064716309309006,ddpm,A recording of a classical song.
380,37.95568999252212,0.9765704796986387,0.008264245465397835,0.3648088127374649,ddpm,Flutes playing alongside a woman vocalizing a happy upbeat melody.
381,37.10714274742692,0.951930029765954,0.009093126282095909,0.5801335871219635,ddpm,Flutes playing alongside a woman vocalizing a happy upbeat melody.
382,36.92136568782405,0.9655547461946039,0.009276006370782852,0.4120055288076401,ddpm,Flutes playing alongside a woman vocalizing a happy upbeat melody.
383,36.790310722674285,0.9599683682917177,0.009357591159641743,0.459303617477417,ddpm,Flutes playing alongside a woman vocalizing a happy upbeat melody.
384,37.38440227596746,0.9792539667673335,0.008709871210157871,0.3221964091062546,ddpm,"Trumpets playing alongside a piano, bass and drums in an upbeat old-timey cool jazz song."
385,37.821250455183566,0.972879973589549,0.008380211889743805,0.3579934537410736,ddpm,"Trumpets playing alongside a piano, bass and drums in an upbeat old-timey cool jazz song."
386,38.27227765472599,0.9777819963250804,0.007895917631685734,0.3281063735485077,ddpm,"Trumpets playing alongside a piano, bass and drums in an upbeat old-timey cool jazz song."
387,37.476432897962404,0.9689931126150628,0.00855342485010624,0.3642173558473587,ddpm,"Trumpets playing alongside a piano, bass and drums in an upbeat old-timey cool jazz song."
388,37.41253089331843,0.9842459367945741,0.008173595182597637,0.3054150640964508,ddpm,"A high quality recording of a man singing while a piano, bass and drums accompany him."
389,37.858792820758296,0.9789164159419851,0.008311893790960312,0.3598339706659317,ddpm,"A high quality recording of a man singing while a piano, bass and drums accompany him."
390,37.50995582249386,0.9564565827042063,0.008652900345623493,0.5243931412696838,ddpm,"A high quality recording of a man singing while a piano, bass and drums accompany him."
391,37.64786370355573,0.9668947893840392,0.008662065491080284,0.4344860464334488,ddpm,"A high quality recording of a man singing while a piano, bass and drums accompany him."
392,36.41763272592444,0.971580603392708,0.00946082267910242,0.466112419962883,ddpm,"A techno song of a synthesizer playing while a guitar, bass and drums are playing in the background."
393,37.285443293731234,0.95981213432783,0.009087029844522476,0.555247038602829,ddpm,"A techno song of a synthesizer playing while a guitar, bass and drums are playing in the background."
394,37.72349608256587,0.9624103822883328,0.008544934913516045,0.46310295164585114,ddpm,"A techno song of a synthesizer playing while a guitar, bass and drums are playing in the background."
395,37.31261864173254,0.9640095839292353,0.008951516821980476,0.40356457233428955,ddpm,"A techno song of a synthesizer playing while a guitar, bass and drums are playing in the background."
396,37.251173184856114,0.9702703887710499,0.00853387638926506,0.2907509356737137,ddpm,"strings, bass and drums playing."
397,37.136040008036844,0.9602653022447958,0.009134056977927685,0.43977171182632446,ddpm,"strings, bass and drums playing."
398,37.000299996651314,0.979476756934349,0.008454632014036179,0.19256336241960526,ddpm,"strings, bass and drums playing."
399,37.98266146682791,0.9668301266479813,0.00818801112473011,0.36534422636032104,ddpm,"strings, bass and drums playing."
400,37.82651937085881,0.9681841371882438,0.008343777619302273,0.35794204473495483,ddpm,"A rock song of a guitar, bass and drums are playing in the background."
401,37.64859855307476,0.956206520598478,0.008650886826217175,0.3366456478834152,ddpm,"A rock song of a guitar, bass and drums are playing in the background."
402,37.7444464155704,0.9759874451348416,0.008400189690291882,0.39388495683670044,ddpm,"A rock song of a guitar, bass and drums are playing in the background."
403,37.662360490590544,0.9750663455773497,0.008479881100356579,0.4252946674823761,ddpm,"A rock song of a guitar, bass and drums are playing in the background."
404,37.48533734785451,0.9610257935688978,0.008728141896426678,0.43522346019744873,ddpm,A high quality recording of a rock band playing a slow metal song.
405,37.408680479676136,0.975823646669666,0.008839267306029797,0.3427390605211258,ddpm,A high quality recording of a rock band playing a slow metal song.
406,37.57763933602468,0.9741771088038268,0.008574771694839,0.3430827409029007,ddpm,A high quality recording of a rock band playing a slow metal song.
407,37.49565468571567,0.9673625437320862,0.008640417829155922,0.4646342545747757,ddpm,A high quality recording of a rock band playing a slow metal song.
408,37.90431660105891,0.9739364492123125,0.008183816447854042,0.39929714798927307,ddpm,"Arabic strings, flutes, and harp playing calm happy Arabic music."
409,37.82270247178454,0.9744028777004091,0.008353335782885551,0.49081872403621674,ddpm,"Arabic strings, flutes, and harp playing calm happy Arabic music."
410,37.346009757303406,0.9655163904383423,0.008848404511809349,0.45224374532699585,ddpm,"Arabic strings, flutes, and harp playing calm happy Arabic music."
411,37.80348248460222,0.9670516493772194,0.008417336270213127,0.49552208185195923,ddpm,"Arabic strings, flutes, and harp playing calm happy Arabic music."
412,37.60679263544596,0.9659551255063823,0.008739686571061611,0.45787644386291504,ddpm,A recording of a scary techno song.
413,37.10879496017092,0.9492745317705537,0.009253904223442078,0.5079382061958313,ddpm,A recording of a scary techno song.
414,37.28360751889413,0.9739997848050977,0.008879457600414753,0.3196150213479996,ddpm,A recording of a scary techno song.
415,37.50160704615899,0.9700622436564681,0.008821391500532627,0.3753683865070343,ddpm,A recording of a scary techno song.
416,37.498843952644,0.9697120611494009,0.008765123784542084,0.38782086968421936,ddpm,A rock band playing rock music. You can hear guitars and a piano.
417,37.594574729155006,0.9665213508750738,0.00853008683770895,0.4443623274564743,ddpm,A rock band playing rock music. You can hear guitars and a piano.
418,37.29060750489,0.9687733359485869,0.008928616531193256,0.4434487223625183,ddpm,A rock band playing rock music. You can hear guitars and a piano.
419,37.56831040146437,0.9765509415236001,0.008730889298021793,0.3125511556863785,ddpm,A rock band playing rock music. You can hear guitars and a piano.
420,36.88934661554783,0.9602001561641716,0.009098357520997524,0.5635739862918854,ddpm,A recording of a dramatic epic Arabic piece.
421,37.762105416828426,0.9685852016699842,0.008420540019869804,0.35162968933582306,ddpm,A recording of a dramatic epic Arabic piece.
422,37.579328539995316,0.9734297781438417,0.008213551715016365,0.33343254029750824,ddpm,A recording of a dramatic epic Arabic piece.
423,36.99533247639305,0.9676276726569989,0.009212050586938858,0.459022119641304,ddpm,A recording of a dramatic epic Arabic piece.
424,36.71238796000493,0.9834654598990485,0.00894374679774046,0.3145405054092407,ddpm,A high quality recording of a violin playing while an orchestra play in the background.
425,36.989540781729744,0.9870045126928645,0.009053563699126244,0.23335819691419601,ddpm,A high quality recording of a violin playing while an orchestra play in the background.
426,36.80660971239822,0.9460643118906132,0.009462065063416958,0.4817540794610977,ddpm,A high quality recording of a violin playing while an orchestra play in the background.
427,37.80281543833731,0.9848513850273931,0.008335701189935207,0.2895294427871704,ddpm,A high quality recording of a violin playing while an orchestra play in the background.
428,37.29557871241682,0.957855965335907,0.008880944922566414,0.4400973618030548,ddpm,A high quality recording of drums and strings playing.
429,36.7697622047349,0.9533805593004614,0.009229143150150776,0.399539977312088,ddpm,A high quality recording of drums and strings playing.
430,36.96745732787309,0.9503160442756455,0.009074107743799686,0.32685139775276184,ddpm,A high quality recording of drums and strings playing.
431,37.254301818743606,0.9667846381579561,0.008745805360376835,0.37565772235393524,ddpm,A high quality recording of drums and strings playing.
432,37.20018504668261,0.9745847107559238,0.008942141197621822,0.3459184467792511,ddpm,"A trumpet playing a cool jazz melody, with an accompaniment of a piano, bass and drums."
433,37.57963751901328,0.9648210780045162,0.008531435392796993,0.3815244436264038,ddpm,"A trumpet playing a cool jazz melody, with an accompaniment of a piano, bass and drums."
434,37.30471566339822,0.9713354294323617,0.008799110539257526,0.4238649308681488,ddpm,"A trumpet playing a cool jazz melody, with an accompaniment of a piano, bass and drums."
435,37.00936420194794,0.9797001361941723,0.008883083239197731,0.3432210087776184,ddpm,"A trumpet playing a cool jazz melody, with an accompaniment of a piano, bass and drums."
436,37.403158505534094,0.970510798260332,0.008557000197470188,0.5067106485366821,ddpm,A high quality recording of a woman singing with an orchestra accompaniment.
437,37.0980376653869,0.969873297369717,0.008575859479606152,0.46371397376060486,ddpm,A high quality recording of a woman singing with an orchestra accompaniment.
438,37.79076480126087,0.9774482881759436,0.007988995872437954,0.32715971767902374,ddpm,A high quality recording of a woman singing with an orchestra accompaniment.
439,37.381698902140116,0.9798155499248512,0.008537521585822105,0.3087822049856186,ddpm,A high quality recording of a woman singing with an orchestra accompaniment.
440,37.904446393259846,0.9751054856895065,0.008332368917763233,0.3027990460395813,ddpm,"A jazz song with a trumpet, bass and drums playing."
441,37.006184860664874,0.9574889177872822,0.009300904348492622,0.3967498689889908,ddpm,"A jazz song with a trumpet, bass and drums playing."
442,37.80693616718024,0.9796987833809253,0.00830793846398592,0.2944498658180237,ddpm,"A jazz song with a trumpet, bass and drums playing."
443,37.8661954155354,0.9752388518183999,0.008399643003940582,0.3528767228126526,ddpm,"A jazz song with a trumpet, bass and drums playing."
444,37.439856369033336,0.9671475885190809,0.008765188045799732,0.35041195154190063,ddpm,A rhythmic song with a synthesizer and drums playing.
445,37.363326757219845,0.9662360988731558,0.008827326819300652,0.48123128712177277,ddpm,A rhythmic song with a synthesizer and drums playing.
446,37.79969887564747,0.9714320003323267,0.008371291682124138,0.335734561085701,ddpm,A rhythmic song with a synthesizer and drums playing.
447,37.79961130128981,0.9751595427001948,0.008384456858038902,0.3602178394794464,ddpm,A rhythmic song with a synthesizer and drums playing.
448,37.78613992651424,0.9738232386478906,0.008371666073799133,0.2927847057580948,ddpm,"a saxophone, flute, piano, bass and drums playing."
449,37.54651256740185,0.9747610858606488,0.00866665132343769,0.31955182552337646,ddpm,"a saxophone, flute, piano, bass and drums playing."
450,38.22911078451106,0.9735112675528959,0.007931376807391644,0.36323094367980957,ddpm,"a saxophone, flute, piano, bass and drums playing."
451,36.97961272190669,0.9707456661385694,0.009120523929595947,0.4472876638174057,ddpm,"a saxophone, flute, piano, bass and drums playing."
452,37.33746913966709,0.9765111073690823,0.008528944104909897,0.4317326247692108,ddpm,A recording of a sad and mysterious classical music piece.
453,37.580313119749476,0.9744986270270627,0.007732718717306852,0.3440529853105545,ddpm,A recording of a sad and mysterious classical music piece.
454,37.59217982945465,0.9713170646306065,0.008489500731229782,0.4591200649738312,ddpm,A recording of a sad and mysterious classical music piece.
455,37.066789108043984,0.9667496979297113,0.009074626490473747,0.498778373003006,ddpm,A recording of a sad and mysterious classical music piece.
456,37.88025227513577,0.9819653971282517,0.00837154220789671,0.22215355932712555,ddpm,A synthesizer playing a scary arcade game melody with another synthesizer accompaniment in the background.
457,37.396011794747174,0.9839945940310845,0.008180412463843822,0.2334790751338005,ddpm,A synthesizer playing a scary arcade game melody with another synthesizer accompaniment in the background.
458,37.616941386494126,0.9672298580029907,0.008787084370851517,0.3592507839202881,ddpm,A synthesizer playing a scary arcade game melody with another synthesizer accompaniment in the background.
459,37.3091157626475,0.9716472186236159,0.008743940852582455,0.2976217567920685,ddpm,A synthesizer playing a scary arcade game melody with another synthesizer accompaniment in the background.
460,37.34662990954146,0.9652396779192115,0.008897037245333195,0.4685429781675339,ddpm,"Strings, flutes, and harp playing an angry metal song."
461,38.022818800456974,0.9604143351018943,0.006840650457888842,0.35360267758369446,ddpm,"Strings, flutes, and harp playing an angry metal song."
462,37.77360420001231,0.9638369452628197,0.00840742327272892,0.4915250241756439,ddpm,"Strings, flutes, and harp playing an angry metal song."
463,37.276067272532096,0.9694712966108705,0.008936909958720207,0.3578614294528961,ddpm,"Strings, flutes, and harp playing an angry metal song."
464,37.601961742188415,0.9708063608609473,0.008339503780007362,0.4671267420053482,ddpm,A recording of a string quartet playing.
465,37.53101332769742,0.9781396827107053,0.008459015749394894,0.40571022033691406,ddpm,A recording of a string quartet playing.
466,37.22925856640532,0.9794132368941222,0.008560878224670887,0.26847124099731445,ddpm,A recording of a string quartet playing.
467,36.845997917725214,0.9821261703445643,0.009370464831590652,0.2698330879211426,ddpm,A recording of a string quartet playing.
468,37.196660046856024,0.9748208558114465,0.008884793147444725,0.3217318505048752,ddpm,A recording of a slow reggae song.
469,37.676706628741876,0.9768162809129805,0.008386257104575634,0.27767522633075714,ddpm,A recording of a slow reggae song.
470,37.44321119314369,0.9688946032886364,0.00887552835047245,0.43091294169425964,ddpm,A recording of a slow reggae song.
471,37.653399351517535,0.9728152703232,0.00858504232019186,0.36957232654094696,ddpm,A recording of a slow reggae song.
472,38.031344175339555,0.9822888326328832,0.008215922862291336,0.2958217114210129,ddpm,A recording of a happy upbeat arcade game soundtrack.
473,37.22101512171007,0.9847708400360949,0.008907943964004517,0.19055761396884918,ddpm,A recording of a happy upbeat arcade game soundtrack.
474,37.824550660004704,0.976654409677469,0.008480091579258442,0.3435070514678955,ddpm,A recording of a happy upbeat arcade game soundtrack.
475,37.5149938785074,0.9746872078801189,0.008335254155099392,0.23443477600812912,ddpm,A recording of a happy upbeat arcade game soundtrack.
476,37.74067354715249,0.9805675644200246,0.008656601421535015,0.2640148550271988,ddpm,A recording of an upbeat hip hop song.
477,37.580434581365544,0.9736136102916617,0.008672173134982586,0.36620622873306274,ddpm,A recording of an upbeat hip hop song.
478,37.16831271350552,0.9787789186470512,0.009041393175721169,0.24399832636117935,ddpm,A recording of an upbeat hip hop song.
479,36.98354816139093,0.9634956070626151,0.009139035828411579,0.36148442327976227,ddpm,A recording of an upbeat hip hop song.
480,37.354291188045856,0.965918024810961,0.008937125094234943,0.4471440613269806,ddpm,"A man is singing while a guitar, bass and drums playing in the background an angry metal song."
481,37.21350537164459,0.9745725458293416,0.00880059227347374,0.2877546399831772,ddpm,"A man is singing while a guitar, bass and drums playing in the background an angry metal song."
482,37.93082813772894,0.9642596406182848,0.00832571554929018,0.4372061491012573,ddpm,"A man is singing while a guitar, bass and drums playing in the background an angry metal song."
483,37.398080268481,0.9759398133035626,0.008869071491062641,0.31583456695079803,ddpm,"A man is singing while a guitar, bass and drums playing in the background an angry metal song."
484,37.042676075162184,0.9476426450142276,0.00923097413033247,0.6668717861175537,ddpm,"A high quality recording of a saxophone, bass and drums playing."
485,38.039644343043186,0.9822135462266274,0.0081963911652565,0.23526211082935333,ddpm,"A high quality recording of a saxophone, bass and drums playing."
486,37.88583757897159,0.9809755418545574,0.00832099188119173,0.2590964287519455,ddpm,"A high quality recording of a saxophone, bass and drums playing."
487,37.448663227818,0.9653769909018434,0.008789751678705215,0.4353702962398529,ddpm,"A high quality recording of a saxophone, bass and drums playing."
488,37.390603165948065,0.9830446922564473,0.008761833421885967,0.22564619779586792,ddpm,A recording of a cool calm techno song.
489,36.638045739700736,0.9706978815435366,0.008316464722156525,0.28853435814380646,ddpm,A recording of a cool calm techno song.
490,37.47201532602228,0.970399268545607,0.008841615170240402,0.3199518471956253,ddpm,A recording of a cool calm techno song.
491,37.23645656609657,0.9350349316046018,0.008964966982603073,0.6256933808326721,ddpm,A recording of a cool calm techno song.
492,37.346608040754965,0.977225171286686,0.008968319743871689,0.3013746067881584,ddpm,"A high quality recording of a guitars, bass, drums and piano playing."
493,37.9103225765671,0.9788003164704675,0.007472780998796225,0.4604027271270752,ddpm,"A high quality recording of a guitars, bass, drums and piano playing."
494,37.80092319105613,0.9735286716987088,0.008409545756876469,0.44880296289920807,ddpm,"A high quality recording of a guitars, bass, drums and piano playing."
495,37.68834539769519,0.9778272695775113,0.008555225096642971,0.31067343056201935,ddpm,"A high quality recording of a guitars, bass, drums and piano playing."
496,37.87199483891067,0.9760945908772409,0.008404762484133244,0.39580973982810974,ddpm,A high quality recording of flutes and a trumpet playing.
497,36.35199544297774,0.986199807430507,0.009507800452411175,0.24073700606822968,ddpm,A high quality recording of flutes and a trumpet playing.
498,36.875803289338876,0.9578312705880934,0.009288993664085865,0.40381139516830444,ddpm,A high quality recording of flutes and a trumpet playing.
499,37.18157591512811,0.9540463013125129,0.008987242355942726,0.5866555571556091,ddpm,A high quality recording of flutes and a trumpet playing.
500,36.87616150536741,0.9693701012252103,0.009057012386620045,0.36830395460128784,ddpm,"A high quality recording of strings, trumpets and drums playing."
501,37.47064296367085,0.9602844640731102,0.008704849518835545,0.38861100375652313,ddpm,"A high quality recording of strings, trumpets and drums playing."
502,37.44018734615346,0.961676276882148,0.008673221804201603,0.5478764772415161,ddpm,"A high quality recording of strings, trumpets and drums playing."
503,37.45979812436402,0.9665649290423858,0.008771194145083427,0.44324803352355957,ddpm,"A high quality recording of strings, trumpets and drums playing."
504,37.687678917295415,0.9809890485724387,0.007734473329037428,0.20690489932894707,ddpm,A recording of Arabic instruments playing.
505,37.189763753773896,0.971467759644641,0.009019640274345875,0.36645202338695526,ddpm,A recording of Arabic instruments playing.
506,36.11515713065916,0.984686252141953,0.009617568925023079,0.3369463384151459,ddpm,A recording of Arabic instruments playing.
507,36.794147055610516,0.980686614817643,0.009224511682987213,0.2910885512828827,ddpm,A recording of Arabic instruments playing.
508,36.844945749683376,0.9526436734947229,0.008891959674656391,0.4517124593257904,ddpm,A cool old rock song of a man singing while a guitar and drums accompany him.
509,37.50337275343022,0.9739496122121263,0.008629530668258667,0.41645272076129913,ddpm,A cool old rock song of a man singing while a guitar and drums accompany him.
510,37.85195669915058,0.9694100588621624,0.008514604531228542,0.37772589921951294,ddpm,A cool old rock song of a man singing while a guitar and drums accompany him.
511,37.4205103446843,0.9666891835703308,0.008829968050122261,0.4257977306842804,ddpm,A cool old rock song of a man singing while a guitar and drums accompany him.
512,37.27181186278783,0.9702805579878514,0.008818389847874641,0.44921478629112244,ddpm,A recording of a happy classical music piece.
513,37.335301185384836,0.9720706577210422,0.008695163764059544,0.43139684200286865,ddpm,A recording of a happy classical music piece.
514,37.80423430875195,0.9780418288596394,0.008308940567076206,0.3030618876218796,ddpm,A recording of a happy classical music piece.
515,37.583284659009124,0.9788946241199867,0.008605564944446087,0.3719513416290283,ddpm,A recording of a happy classical music piece.
516,36.88027282627366,0.9720748430057139,0.00938358809798956,0.277815617620945,ddpm,A recording of a scary classical music piece.
517,36.97052449289588,0.9636256217201173,0.00917248334735632,0.43545298278331757,ddpm,A recording of a scary classical music piece.
518,36.94356048778088,0.9397103316111999,0.00934392400085926,0.5729032158851624,ddpm,A recording of a scary classical music piece.
519,37.14162843351596,0.9605266437792205,0.009088629856705666,0.44173750281333923,ddpm,A recording of a scary classical music piece.
520,37.71307059288633,0.9830948611829999,0.008645055815577507,0.2649099752306938,ddpm,A recording of a mysterious Arabic song.
521,37.479329725204316,0.9712183298995978,0.008730633184313774,0.4382132589817047,ddpm,A recording of a mysterious Arabic song.
522,37.56020975356155,0.979892968442661,0.008606497198343277,0.38190528750419617,ddpm,A recording of a mysterious Arabic song.
523,37.26995372963812,0.973907666835102,0.008867965079843998,0.3370114862918854,ddpm,A recording of a mysterious Arabic song.
524,37.39808205646079,0.9745095271712604,0.00867956317961216,0.2240569293498993,ddpm,"A high quality recording of electric keyboard, bass and drums playing."
525,37.29103775901291,0.9566796522381172,0.008952253498136997,0.423938050866127,ddpm,"A high quality recording of electric keyboard, bass and drums playing."
526,37.2127467955757,0.9628602496200291,0.009087296202778816,0.35480761528015137,ddpm,"A high quality recording of electric keyboard, bass and drums playing."
527,37.26929766077443,0.9706443714222558,0.0087240319699049,0.30487391352653503,ddpm,"A high quality recording of electric keyboard, bass and drums playing."
528,37.59166286252501,0.9732571812098548,0.008641164749860764,0.3410009890794754,ddpm,An orchestra playing classical music. You can hear flutes and strings.
529,37.209535193303665,0.9614729412059639,0.00902094691991806,0.4905872344970703,ddpm,An orchestra playing classical music. You can hear flutes and strings.
530,37.34207653660064,0.9784125836483456,0.008797562681138515,0.46323783695697784,ddpm,An orchestra playing classical music. You can hear flutes and strings.
531,37.8737727675331,0.9730059888134075,0.00826175231486559,0.4496425986289978,ddpm,An orchestra playing classical music. You can hear flutes and strings.
532,37.14620572922775,0.9765681755353005,0.008895210921764374,0.4316740036010742,ddpm,A high quality recording of a guitar and violins playing a happy and emotional  piece.
533,36.73921603268531,0.9471456836242812,0.009461484849452972,0.6020207703113556,ddpm,A high quality recording of a guitar and violins playing a happy and emotional  piece.
534,38.35679790961047,0.979376867717585,0.007840489968657494,0.3548046797513962,ddpm,A high quality recording of a guitar and violins playing a happy and emotional  piece.
535,37.55545504591258,0.9759355245273992,0.008620447479188442,0.3529588282108307,ddpm,A high quality recording of a guitar and violins playing a happy and emotional  piece.
536,38.04908858408551,0.9667947630066019,0.008090888150036335,0.42399974167346954,ddpm,A recording of a tense classical music score.
537,37.71009577640964,0.9721864381440298,0.00842934288084507,0.34453296661376953,ddpm,A recording of a tense classical music score.
538,37.58021145668544,0.9715704701875923,0.008613142184913158,0.36842580139636993,ddpm,A recording of a tense classical music score.
539,37.7220260946308,0.9701837663146099,0.00838056392967701,0.396352082490921,ddpm,A recording of a tense classical music score.
540,37.31852773732974,0.9617853830205273,0.008999034762382507,0.4689253270626068,ddpm,A metal band playing metal music.
541,37.43309952466615,0.9776136584592299,0.008856411091983318,0.36405688524246216,ddpm,A metal band playing metal music.
542,37.20912800644251,0.9498233298124474,0.009206661954522133,0.46334390342235565,ddpm,A metal band playing metal music.
543,37.648730347220486,0.9702236000799551,0.00874541886150837,0.4073554277420044,ddpm,A metal band playing metal music.
544,37.51934518063091,0.9657477594102475,0.008676302619278431,0.5162415504455566,ddpm,A recording of happy Chinese music.
545,36.86985967898779,0.9868338745952052,0.008991831913590431,0.20131385326385498,ddpm,A recording of happy Chinese music.
546,37.987790852344226,0.9691372313492109,0.008267760276794434,0.4207350015640259,ddpm,A recording of happy Chinese music.
547,38.16236255544274,0.982388462779413,0.007922204211354256,0.2901502549648285,ddpm,A recording of happy Chinese music.
548,37.52791691719239,0.9734094025649934,0.008699781261384487,0.4174492061138153,ddpm,"Strings, flutes, and harp playing calm happy rock music."
549,38.07975261974329,0.9682818529129932,0.008146924898028374,0.3217487186193466,ddpm,"Strings, flutes, and harp playing calm happy rock music."
550,36.9771333973482,0.9588206077677107,0.00914697628468275,0.534257173538208,ddpm,"Strings, flutes, and harp playing calm happy rock music."
551,37.91871743811813,0.9682813776591873,0.008192365057766438,0.4526287019252777,ddpm,"Strings, flutes, and harp playing calm happy rock music."
552,37.48978001168946,0.96880143511328,0.008811633102595806,0.3602599799633026,ddpm,A recording of an old timey rock song from the sixties.
553,37.510706305759086,0.9731652774976912,0.008651739917695522,0.3875133544206619,ddpm,A recording of an old timey rock song from the sixties.
554,37.389808923787406,0.9655819390101351,0.008854896761476994,0.40892137587070465,ddpm,A recording of an old timey rock song from the sixties.
555,37.69934416151193,0.9776744142193378,0.008453289046883583,0.34786146879196167,ddpm,A recording of an old timey rock song from the sixties.
556,37.83566251893427,0.9774164088018202,0.008377905935049057,0.33843404054641724,ddpm,"A jazz song with a saxophone, trumpet, guitar, bass and drums playing."
557,38.07565323709919,0.9708624741703615,0.008231858722865582,0.349003329873085,ddpm,"A jazz song with a saxophone, trumpet, guitar, bass and drums playing."
558,37.76555357714054,0.9651362217534379,0.008382712490856647,0.4198947250843048,ddpm,"A jazz song with a saxophone, trumpet, guitar, bass and drums playing."
559,37.478947557143684,0.971036575164558,0.00871776882559061,0.3862265944480896,ddpm,"A jazz song with a saxophone, trumpet, guitar, bass and drums playing."
560,37.31706673707282,0.9700074528315391,0.008833645842969418,0.4383145123720169,ddpm,"A banjo is playing a country song, accompanied by guitar and drums."
561,37.72818105249042,0.9789148167480144,0.008566048927605152,0.28970780968666077,ddpm,"A banjo is playing a country song, accompanied by guitar and drums."
562,37.685352818772856,0.9619244007462233,0.008577609434723854,0.5448898375034332,ddpm,"A banjo is playing a country song, accompanied by guitar and drums."
563,37.42036765074349,0.9824650718794188,0.008672785945236683,0.30540937185287476,ddpm,"A banjo is playing a country song, accompanied by guitar and drums."
564,37.46982643012228,0.9732588817656075,0.0088425911962986,0.37940602004528046,ddpm,A recording of a jazz song.
565,37.385916389638666,0.9811436263426787,0.008711152710020542,0.25795306265354156,ddpm,A recording of a jazz song.
566,37.54645031803583,0.975210060983869,0.008687726221978664,0.3814089149236679,ddpm,A recording of a jazz song.
567,37.201483950075016,0.9559139826951997,0.009128840640187263,0.5418228805065155,ddpm,A recording of a jazz song.
568,37.682108146186984,0.9697597364744621,0.008515637367963791,0.3956814557313919,ddpm,A high quality recording of a woman singing while a piano and drums play in the background.
569,37.33180344008181,0.9572024542711893,0.008870071731507778,0.5420387387275696,ddpm,A high quality recording of a woman singing while a piano and drums play in the background.
570,37.3557483037022,0.9640515197340371,0.008733367547392845,0.4078119397163391,ddpm,A high quality recording of a woman singing while a piano and drums play in the background.
571,37.07704648952249,0.9694778071864236,0.009035088121891022,0.32057106494903564,ddpm,A high quality recording of a woman singing while a piano and drums play in the background.
572,37.193949725796216,0.9823211340122685,0.009106896817684174,0.2546868473291397,ddpm,"A death metal song of a man singing while an electric guitar, bass and drums are playing in the background."
573,35.863491196881796,0.947877223531666,0.009987893514335155,0.6576686501502991,ddpm,"A death metal song of a man singing while an electric guitar, bass and drums are playing in the background."
574,37.9943158097275,0.9766593012560532,0.008306575007736683,0.3206271678209305,ddpm,"A death metal song of a man singing while an electric guitar, bass and drums are playing in the background."
575,37.864709609406894,0.9690930959200207,0.00835803709924221,0.4524601399898529,ddpm,"A death metal song of a man singing while an electric guitar, bass and drums are playing in the background."
576,37.411184865572025,0.9632750310263195,0.008684178814291954,0.4630887657403946,ddpm,"A jazz song with a saxophone, trumpet, piano, bass and drums playing."
577,37.95511925547809,0.9793111610435188,0.008186685852706432,0.2992638349533081,ddpm,"A jazz song with a saxophone, trumpet, piano, bass and drums playing."
578,37.136712997086796,0.9771226929393356,0.008964687585830688,0.252720445394516,ddpm,"A jazz song with a saxophone, trumpet, piano, bass and drums playing."
579,37.58576596924431,0.9616829654310468,0.008655096404254436,0.37825748324394226,ddpm,"A jazz song with a saxophone, trumpet, piano, bass and drums playing."
580,37.38829240766944,0.9680148891711057,0.008871815167367458,0.3391604721546173,ddpm,"Guitars, saxophones, and piano playing calm happy jazz music."
581,37.640212246983666,0.969977595621283,0.008479736745357513,0.38543272018432617,ddpm,"Guitars, saxophones, and piano playing calm happy jazz music."
582,37.01201141661183,0.9727834640934013,0.009185048751533031,0.28535376489162445,ddpm,"Guitars, saxophones, and piano playing calm happy jazz music."
583,37.09945177914524,0.9620852400932145,0.009141989052295685,0.4624776393175125,ddpm,"Guitars, saxophones, and piano playing calm happy jazz music."
584,37.46510201416909,0.9500476564867986,0.008764789439737797,0.5276179611682892,ddpm,"A high quality recording of a rock song. a woman singing while a guitar, bass and drums playing in the background, when later a man joins."
585,37.82591902325185,0.971681802328809,0.00829189084470272,0.3522954434156418,ddpm,"A high quality recording of a rock song. a woman singing while a guitar, bass and drums playing in the background, when later a man joins."
586,37.32656594653132,0.9485336935688391,0.00902172178030014,0.5716927945613861,ddpm,"A high quality recording of a rock song. a woman singing while a guitar, bass and drums playing in the background, when later a man joins."
587,37.190719401599225,0.9524175950552718,0.008905588649213314,0.4077497124671936,ddpm,"A high quality recording of a rock song. a woman singing while a guitar, bass and drums playing in the background, when later a man joins."
588,37.61268857551863,0.9771065872569386,0.008622301742434502,0.35972845554351807,ddpm,"A saxophone, piano, bass and drums playing a cool happy song."
589,38.09884792004871,0.975804325151692,0.008011706173419952,0.3603751063346863,ddpm,"A saxophone, piano, bass and drums playing a cool happy song."
590,38.69462165392128,0.9788268194535933,0.007648393977433443,0.296711802482605,ddpm,"A saxophone, piano, bass and drums playing a cool happy song."
591,37.95937625215531,0.9786111770838086,0.008151733316481113,0.3295150399208069,ddpm,"A saxophone, piano, bass and drums playing a cool happy song."
592,37.02021152966378,0.9724091637223704,0.009194344282150269,0.4522024244070053,ddpm,"A guitar playing a cool rock melody while an electric keyboard, bass and drums play in the background."
593,36.991910819544806,0.9602933383234858,0.008597721345722675,0.2206441182643175,ddpm,"A guitar playing a cool rock melody while an electric keyboard, bass and drums play in the background."
594,37.466248442779026,0.9540897340912661,0.008914636448025703,0.46026670932769775,ddpm,"A guitar playing a cool rock melody while an electric keyboard, bass and drums play in the background."
595,37.71100231298446,0.9717552939738797,0.008335000835359097,0.3968494385480881,ddpm,"A guitar playing a cool rock melody while an electric keyboard, bass and drums play in the background."
596,37.48823289406376,0.9535042380549202,0.008748259395360947,0.5267002582550049,ddpm,An orchestra playing an epic movie soundtrack score. You can hear flutes and strings.
597,37.70974079778193,0.9669615503090827,0.00808840710669756,0.5006937980651855,ddpm,An orchestra playing an epic movie soundtrack score. You can hear flutes and strings.
598,37.48801916583564,0.9787917317239723,0.00824319664388895,0.4443832039833069,ddpm,An orchestra playing an epic movie soundtrack score. You can hear flutes and strings.
599,37.4462922881584,0.96902402249723,0.008814217522740364,0.515089750289917,ddpm,An orchestra playing an epic movie soundtrack score. You can hear flutes and strings.
600,36.26507723911666,0.9786143151903987,0.010014276951551437,0.32164108753204346,ddpm,Flutes playing classical music.
601,36.697596203995474,0.9768198457535848,0.009414046071469784,0.3028031885623932,ddpm,Flutes playing classical music.
602,37.13034181980576,0.9777503567728705,0.008887124247848988,0.35909274220466614,ddpm,Flutes playing classical music.
603,36.18314241470963,0.9683238146867911,0.009822994470596313,0.31442077457904816,ddpm,Flutes playing classical music.
604,36.800939128713026,0.9716543005927194,0.009380447678267956,0.30424708127975464,ddpm,A recording of a cool rhythmic arcade game soundtrack.
605,37.485786132657424,0.9859767534679086,0.008670306764543056,0.19725673645734787,ddpm,A recording of a cool rhythmic arcade game soundtrack.
606,37.439418703710324,0.9798978820580815,0.008782061748206615,0.42990171909332275,ddpm,A recording of a cool rhythmic arcade game soundtrack.
607,37.35831731753925,0.9717161605585724,0.008736086077988148,0.33493414521217346,ddpm,A recording of a cool rhythmic arcade game soundtrack.
608,37.418520382964495,0.9723102081691726,0.008646437898278236,0.4194750189781189,ddpm,A recording of an old upbeat cool jazz song.
609,37.43507234863128,0.9740545980289161,0.00853373110294342,0.31971830129623413,ddpm,A recording of an old upbeat cool jazz song.
610,36.82767480552002,0.960469693392248,0.009342139586806297,0.48270681500434875,ddpm,A recording of an old upbeat cool jazz song.
611,37.865379532953426,0.9721077101121138,0.00829122494906187,0.3195544481277466,ddpm,A recording of an old upbeat cool jazz song.
612,37.20399253194536,0.9644348247132484,0.008961235173046589,0.3816733658313751,ddpm,A recording of a dark and sad gospel song.
613,36.827918205302964,0.9645488662199903,0.009072180837392807,0.5637182593345642,ddpm,A recording of a dark and sad gospel song.
614,37.674873764610496,0.979667430068066,0.008472738787531853,0.2681643217802048,ddpm,A recording of a dark and sad gospel song.
615,37.029822611183604,0.9548074726249428,0.009188255295157433,0.42468026280403137,ddpm,A recording of a dark and sad gospel song.
616,37.088964106340626,0.9781887749500765,0.008996961638331413,0.362586572766304,ddpm,A jazz song of a saxophone playing while bass and drums accompany him.
617,37.453808353936275,0.9615227700122895,0.008735968731343746,0.3627704828977585,ddpm,A jazz song of a saxophone playing while bass and drums accompany him.
618,37.767199305952744,0.980873332096717,0.008374176919460297,0.2388150468468666,ddpm,A jazz song of a saxophone playing while bass and drums accompany him.
619,36.938736100029494,0.9516098281975418,0.009395495057106018,0.4705994576215744,ddpm,A jazz song of a saxophone playing while bass and drums accompany him.
620,37.36849189369349,0.9527533866268686,0.009023735299706459,0.5393546521663666,ddpm,A recording of an angry metal song.
621,37.16599455510079,0.9835791535861342,0.008618129417300224,0.27443236857652664,ddpm,A recording of an angry metal song.
622,37.18093119135739,0.9690282863834974,0.008726383559405804,0.26936791092157364,ddpm,A recording of an angry metal song.
623,37.21426344736298,0.9588296396226625,0.008987577632069588,0.35919609665870667,ddpm,A recording of an angry metal song.
624,38.0071804531745,0.9591408574211227,0.00827652495354414,0.41463758051395416,ddpm,"A trumpet playing an epic solo while a guitar, bass and drums are playing in the background."
625,36.91449383255574,0.9409252180723905,0.009362379088997841,0.5168574750423431,ddpm,"A trumpet playing an epic solo while a guitar, bass and drums are playing in the background."
626,37.96683425623098,0.9703862975797114,0.00804322399199009,0.36254969239234924,ddpm,"A trumpet playing an epic solo while a guitar, bass and drums are playing in the background."
627,37.95935722120004,0.9793461006959076,0.008133281953632832,0.33255311846733093,ddpm,"A trumpet playing an epic solo while a guitar, bass and drums are playing in the background."
628,37.34750530560467,0.9699144565326131,0.008680904284119606,0.2870657593011856,ddpm,A high quality recording of a woman singing while a bass and drums play in the background.
629,37.83706653532244,0.9724942344269177,0.008385381661355495,0.41050487756729126,ddpm,A high quality recording of a woman singing while a bass and drums play in the background.
630,37.81421910786017,0.9701172553610711,0.00818495824933052,0.29226304590702057,ddpm,A high quality recording of a woman singing while a bass and drums play in the background.
631,37.63197639857885,0.9595307226165055,0.008464640937745571,0.4692320227622986,ddpm,A high quality recording of a woman singing while a bass and drums play in the background.
632,37.511630711749476,0.9810629570703209,0.008489586412906647,0.361004501581192,ddpm,"A high quality recording of a trumpet, bass and drums playing."
633,37.57408926059346,0.9661940739034279,0.008649872615933418,0.3682861328125,ddpm,"A high quality recording of a trumpet, bass and drums playing."
634,37.380990112632226,0.9747484138034442,0.008779612369835377,0.31321024894714355,ddpm,"A high quality recording of a trumpet, bass and drums playing."
635,36.86430468708342,0.9543334699861854,0.009290583431720734,0.41739457845687866,ddpm,"A high quality recording of a trumpet, bass and drums playing."
636,35.866928030169205,0.9696294850951899,0.00991149339824915,0.42230576276779175,ddpm,A recording of a techno song.
637,37.523972169935234,0.9880989823606485,0.008925753645598888,0.15137438476085663,ddpm,A recording of a techno song.
638,37.41787004537958,0.9834769690368773,0.008871753700077534,0.32008126378059387,ddpm,A recording of a techno song.
639,37.054167505277114,0.9652272034492563,0.009119655936956406,0.39148518443107605,ddpm,A recording of a techno song.
640,38.077498174757324,0.9701242277692496,0.00814597588032484,0.4058244228363037,ddpm,A recording of an upbeat country song.
641,37.93912339529013,0.9726842127301432,0.008211949840188026,0.43927545845508575,ddpm,A recording of an upbeat country song.
642,37.449677835597754,0.9588731937083951,0.008874215185642242,0.4367995411157608,ddpm,A recording of an upbeat country song.
643,37.29941833464986,0.9669229385254346,0.008942616172134876,0.43173034489154816,ddpm,A recording of an upbeat country song.
644,37.64612992789763,0.978142721464959,0.00824765209108591,0.2615659087896347,ddpm,A high quality recording of a flute playing a cool rock solo with accompaniment.
645,36.91814450774917,0.9636593530149509,0.009404911659657955,0.43826961517333984,ddpm,A high quality recording of a flute playing a cool rock solo with accompaniment.
646,37.006161130510435,0.9743044636164102,0.0087098004296422,0.2769100219011307,ddpm,A high quality recording of a flute playing a cool rock solo with accompaniment.
647,36.48496776249261,0.9848029495388888,0.00966721586883068,0.21673060953617096,ddpm,A high quality recording of a flute playing a cool rock solo with accompaniment.
648,37.395934752245154,0.9621662507070986,0.008676172234117985,0.41127127408981323,ddpm,A recording of harsh and scary Chinese music.
649,37.184474843549296,0.96450265743889,0.009057197719812393,0.442738339304924,ddpm,A recording of harsh and scary Chinese music.
650,37.822686842605776,0.9742796412740947,0.008433349430561066,0.3619738519191742,ddpm,A recording of harsh and scary Chinese music.
651,37.290870667096385,0.9666814283603,0.008909651078283787,0.47746504843235016,ddpm,A recording of harsh and scary Chinese music.
652,37.42513829584263,0.9680361469545677,0.008805831894278526,0.4604777693748474,ddpm,"A banjo playing alongside a piano, bass and drums in an upbeat old-timey cool country song."
653,37.32127030666324,0.9741349837037013,0.008892075158655643,0.3473607897758484,ddpm,"A banjo playing alongside a piano, bass and drums in an upbeat old-timey cool country song."
654,38.179661971152925,0.9712146623108957,0.00808844342827797,0.39311257004737854,ddpm,"A banjo playing alongside a piano, bass and drums in an upbeat old-timey cool country song."
655,37.891568704785115,0.9745233128334737,0.008292286656796932,0.3583836257457733,ddpm,"A banjo playing alongside a piano, bass and drums in an upbeat old-timey cool country song."
656,37.08859491635393,0.9557055629496607,0.009412945248186588,0.5281760543584824,ddpm,A recording of a movie soundtrack.
657,37.1614362767276,0.9466058072430733,0.009058919735252857,0.4590758979320526,ddpm,A recording of a movie soundtrack.
658,37.45297190971785,0.9578367684499522,0.008768233470618725,0.5050831735134125,ddpm,A recording of a movie soundtrack.
659,37.1902566615388,0.9576651716737762,0.009133431129157543,0.5090862959623337,ddpm,A recording of a movie soundtrack.
660,37.67612161438635,0.9760926882731185,0.008541170507669449,0.2546612024307251,ddpm,A rap song of a man singing while bass and drums accompany him.
661,37.07361765859521,0.9727293663335764,0.009111771360039711,0.27991145849227905,ddpm,A rap song of a man singing while bass and drums accompany him.
662,37.38594685760718,0.973333429564956,0.008703697472810745,0.27674970030784607,ddpm,A rap song of a man singing while bass and drums accompany him.
663,36.53625806504526,0.9722587250298903,0.009586821310222149,0.2771393209695816,ddpm,A rap song of a man singing while bass and drums accompany him.
664,38.3435524095436,0.9700403039009493,0.007863606326282024,0.36682242155075073,ddpm,A recording of an old timey rock song from the eighties.
665,37.01397346159529,0.9681328051219571,0.009259714744985104,0.3750046044588089,ddpm,A recording of an old timey rock song from the eighties.
666,37.83118077596263,0.9670998426420564,0.00847316812723875,0.4722786694765091,ddpm,A recording of an old timey rock song from the eighties.
667,37.47869318961612,0.9649264110035873,0.00885941181331873,0.5047614276409149,ddpm,A recording of an old timey rock song from the eighties.
668,37.31028382436512,0.9678934712320579,0.008873279206454754,0.39496853947639465,ddpm,"A high quality recording of a piano, flutes and drums playing."
669,37.55399350577608,0.9832404328363364,0.008658701553940773,0.23063068836927414,ddpm,"A high quality recording of a piano, flutes and drums playing."
670,37.158970738264976,0.9694593097650397,0.00909227505326271,0.3517472594976425,ddpm,"A high quality recording of a piano, flutes and drums playing."
671,38.014968515669516,0.9789734426904122,0.00813249871134758,0.2820194214582443,ddpm,"A high quality recording of a piano, flutes and drums playing."
672,37.030412795188575,0.9292600248818922,0.009334038011729717,0.5703120231628418,ddpm,A recording of a cool mysterious orchestral movie soundtrack song.
673,37.66259549211978,0.9819005249091274,0.008266917429864407,0.4132702350616455,ddpm,A recording of a cool mysterious orchestral movie soundtrack song.
674,37.71066110372016,0.9734288645076661,0.00830800086259842,0.43437816202640533,ddpm,A recording of a cool mysterious orchestral movie soundtrack song.
675,36.715533428816315,0.9687243114988847,0.009088839404284954,0.44732674956321716,ddpm,A recording of a cool mysterious orchestral movie soundtrack song.
676,37.33058057492469,0.9591248583306129,0.008736521936953068,0.5420812368392944,ddpm,"A guitar, piano, bass and drums playing a cool happy song."
677,37.48941458254055,0.9783292988876269,0.008506451733410358,0.40408244729042053,ddpm,"A guitar, piano, bass and drums playing a cool happy song."
678,37.6442031154344,0.9735622313566319,0.008571330457925797,0.38097643852233887,ddpm,"A guitar, piano, bass and drums playing a cool happy song."
679,38.04217969550216,0.9735058971493907,0.007948613725602627,0.371979296207428,ddpm,"A guitar, piano, bass and drums playing a cool happy song."
680,37.366097766111096,0.9758673421018704,0.008653346449136734,0.5669042766094208,ddpm,A recording of an epic classical score.
681,37.048823155349154,0.9790449142143418,0.009156949818134308,0.3039117157459259,ddpm,A recording of an epic classical score.
682,37.302553040345366,0.9753098986060368,0.008471553213894367,0.3831247538328171,ddpm,A recording of an epic classical score.
683,37.86966785421109,0.9748792599221421,0.008396150544285774,0.4394431859254837,ddpm,A recording of an epic classical score.
684,37.7342529789197,0.9757409371933087,0.008104519918560982,0.40912094712257385,ddpm,"A high quality recording of violins playing a melody and a piano, bass and drums accompany them."
685,37.278340095791236,0.9625478045943868,0.008926075883209705,0.4671078324317932,ddpm,"A high quality recording of violins playing a melody and a piano, bass and drums accompany them."
686,37.33873221800753,0.9845952491869818,0.008607670664787292,0.3661733865737915,ddpm,"A high quality recording of violins playing a melody and a piano, bass and drums accompany them."
687,37.19919672300798,0.9599104027131549,0.008805561810731888,0.42586977779865265,ddpm,"A high quality recording of violins playing a melody and a piano, bass and drums accompany them."
688,37.084060913990015,0.9774325230872666,0.00918942503631115,0.331038162112236,ddpm,A recording of a pop song.
689,37.02512836091326,0.9388747107522354,0.009157300926744938,0.6088579893112183,ddpm,A recording of a pop song.
690,36.71781952500005,0.9649901663390542,0.009541927836835384,0.4430590271949768,ddpm,A recording of a pop song.
691,37.248362980742414,0.9779033370025831,0.008901049382984638,0.29019269347190857,ddpm,A recording of a pop song.
692,37.854690555035155,0.9555827177031577,0.00843281764537096,0.48833173513412476,ddpm,A recording of a grunge rock song.
693,37.33710165232284,0.9658287395904852,0.008940615691244602,0.4998782128095627,ddpm,A recording of a grunge rock song.
694,37.20919243661215,0.9626198308775903,0.008782478980720043,0.527646541595459,ddpm,A recording of a grunge rock song.
695,38.176264357958416,0.9736502991102338,0.007930918596684933,0.3296385407447815,ddpm,A recording of a grunge rock song.
696,37.02261199119307,0.9811416278403485,0.009067004546523094,0.3377852886915207,ddpm,A high quality recording of flutes and drums playing.
697,37.19694432350004,0.952623036676347,0.00901345070451498,0.6520470976829529,ddpm,A high quality recording of flutes and drums playing.
698,37.24007454908981,0.9496953935989216,0.009030712768435478,0.4673882722854614,ddpm,A high quality recording of flutes and drums playing.
699,37.66831411631408,0.9761866956312868,0.008549796417355537,0.2912813127040863,ddpm,A high quality recording of flutes and drums playing.
700,35.12356242735585,0.9664933064610924,0.01100132055580616,0.2470691129565239,ddpm,A recording of an epic soundtrack.
701,37.85751356793983,0.9810623642510882,0.008218344300985336,0.23531274497509003,ddpm,A recording of an epic soundtrack.
702,38.03842722355724,0.9756077601035789,0.00802571140229702,0.35530221462249756,ddpm,A recording of an epic soundtrack.
703,37.16538991394551,0.9615798399491741,0.008876741863787174,0.5157263278961182,ddpm,A recording of an epic soundtrack.
704,37.49432912339622,0.974310817802131,0.00863154698163271,0.376259982585907,ddpm,"A trumpet, piano, bass and drums playing a cool happy song."
705,38.04997624700258,0.9748697547542516,0.008076079189777374,0.3252212256193161,ddpm,"A trumpet, piano, bass and drums playing a cool happy song."
706,37.70918142508102,0.9669930175143948,0.008459615521132946,0.439804807305336,ddpm,"A trumpet, piano, bass and drums playing a cool happy song."
707,37.00048945576845,0.9692967173242435,0.009267865680158138,0.4159858226776123,ddpm,"A trumpet, piano, bass and drums playing a cool happy song."
708,37.364222402432645,0.9719118414375044,0.008762008510529995,0.38179224729537964,ddpm,A recording of a cool rock song.
709,37.65891993740154,0.9685351197451151,0.008523566648364067,0.38027580082416534,ddpm,A recording of a cool rock song.
710,37.77837982207291,0.9647984215460559,0.008498027920722961,0.4474264234304428,ddpm,A recording of a cool rock song.
711,36.973083505095865,0.9427226255551873,0.009350140579044819,0.5076574385166168,ddpm,A recording of a cool rock song.
712,37.56048733735322,0.9580098435780404,0.008725976571440697,0.39466293156147003,ddpm,A high quality recording of a rock band playing.
713,37.665766076535576,0.9634593990864776,0.008589404635131359,0.4198719710111618,ddpm,A high quality recording of a rock band playing.
714,38.13498672675896,0.9737802711992569,0.008132069371640682,0.3645095229148865,ddpm,A high quality recording of a rock band playing.
715,37.47952464287897,0.9629385955658206,0.0086901243776083,0.5264312028884888,ddpm,A high quality recording of a rock band playing.
716,37.28889622982812,0.9688566997569127,0.008958391845226288,0.38143688440322876,ddpm,A high quality recording of a jazz band playing a happy song.
717,37.083964969669026,0.9711985716002551,0.009083893150091171,0.38023754954338074,ddpm,A high quality recording of a jazz band playing a happy song.
718,37.77741916708813,0.977208229142927,0.008344799280166626,0.2769332230091095,ddpm,A high quality recording of a jazz band playing a happy song.
719,38.19071571758469,0.9733702487178851,0.008169506676495075,0.30813243985176086,ddpm,A high quality recording of a jazz band playing a happy song.
720,37.7800335189267,0.9774804637040274,0.008169603534042835,0.40753336250782013,ddpm,"a saxophone, violin, piano, bass and drums playing."
721,37.731499805706655,0.9743249022570574,0.008570055477321148,0.317207470536232,ddpm,"a saxophone, violin, piano, bass and drums playing."
722,37.409246133209344,0.9664053644090291,0.008727225475013256,0.42753687500953674,ddpm,"a saxophone, violin, piano, bass and drums playing."
723,37.527053348320074,0.972930866783837,0.00833217054605484,0.2492518052458763,ddpm,"a saxophone, violin, piano, bass and drums playing."
724,37.26175550560739,0.9643485576538647,0.008971692994236946,0.39938563108444214,ddpm,"A metal song with a singer, bass and drums playing."
725,36.001156094167726,0.9575347912139704,0.007996920496225357,0.47131073474884033,ddpm,"A metal song with a singer, bass and drums playing."
726,37.51380571673679,0.9527752652458239,0.008796402253210545,0.5318114310503006,ddpm,"A metal song with a singer, bass and drums playing."
727,37.022574008650786,0.947438501504096,0.009191409684717655,0.6657470166683197,ddpm,"A metal song with a singer, bass and drums playing."
728,38.25657036761084,0.9839110187736123,0.00763710355386138,0.25469404458999634,ddpm,"A high quality recording of a trumpet, a piano, a bass guitar and drums playing."
729,37.152664089657534,0.953523581007149,0.00881919451057911,0.33901362121105194,ddpm,"A high quality recording of a trumpet, a piano, a bass guitar and drums playing."
730,36.915226690774915,0.9723156262638565,0.009117445908486843,0.3596762418746948,ddpm,"A high quality recording of a trumpet, a piano, a bass guitar and drums playing."
731,37.871500690320616,0.9756975352072296,0.008203506469726562,0.3349957913160324,ddpm,"A high quality recording of a trumpet, a piano, a bass guitar and drums playing."
732,37.36404055165363,0.9719427933009489,0.00885581411421299,0.41466498374938965,ddpm,A high quality recording of a piano playing a melody while another piano and drums are playing in the background.
733,38.319281951721926,0.9753173149605054,0.007874426431953907,0.3446580767631531,ddpm,A high quality recording of a piano playing a melody while another piano and drums are playing in the background.
734,37.55518734469727,0.9681208233357944,0.00811054278165102,0.4410894364118576,ddpm,A high quality recording of a piano playing a melody while another piano and drums are playing in the background.
735,37.70477750354016,0.9824796518974186,0.008391836658120155,0.2570451721549034,ddpm,A high quality recording of a piano playing a melody while another piano and drums are playing in the background.
736,37.78755079213942,0.970749868461676,0.008290818892419338,0.44357092678546906,ddpm,"A woman humming a quiet jazz melody, with an accompaniment of bass and drums."
737,37.044909238051616,0.9621972791997556,0.009221237152814865,0.3917413651943207,ddpm,"A woman humming a quiet jazz melody, with an accompaniment of bass and drums."
738,37.08361609909182,0.981314081118892,0.0084351422265172,0.48455025255680084,ddpm,"A woman humming a quiet jazz melody, with an accompaniment of bass and drums."
739,37.818852795077404,0.9630164297479191,0.008422906510531902,0.3955986797809601,ddpm,"A woman humming a quiet jazz melody, with an accompaniment of bass and drums."
740,37.12680554903935,0.9745580326580588,0.008848687633872032,0.41737115383148193,ddpm,A high quality recording of a man singing and violins playing a happy and emotional  piece.
741,37.37438324010387,0.9750028351515765,0.00853500422090292,0.3451097309589386,ddpm,A high quality recording of a man singing and violins playing a happy and emotional  piece.
742,36.430208344685546,0.9823793367543263,0.00961888488382101,0.3584446609020233,ddpm,A high quality recording of a man singing and violins playing a happy and emotional  piece.
743,37.78343354701345,0.9748079195310532,0.008339032530784607,0.41184625029563904,ddpm,A high quality recording of a man singing and violins playing a happy and emotional  piece.
744,37.14071350153309,0.9589151624610455,0.009190673008561134,0.4619027227163315,ddpm,A high quality recording of a rock band playing a somber rock song.
745,37.42562975145226,0.9602416002178902,0.008713789284229279,0.4314900040626526,ddpm,A high quality recording of a rock band playing a somber rock song.
746,37.22358764452287,0.9698987836585804,0.009024510160088539,0.4637517184019089,ddpm,A high quality recording of a rock band playing a somber rock song.
747,37.629428136656124,0.9687209543614621,0.008477688767015934,0.39912739396095276,ddpm,A high quality recording of a rock band playing a somber rock song.
748,37.27817327109009,0.9590988994967873,0.008995411917567253,0.5518758893013,ddpm,A recording of an old upbeat cool rock song.
749,37.63969603826139,0.9789112844219797,0.008510561659932137,0.31264153122901917,ddpm,A recording of an old upbeat cool rock song.
750,37.91975099573544,0.9794266445677654,0.008328869938850403,0.32430069148540497,ddpm,A recording of an old upbeat cool rock song.
751,37.557221490864556,0.9690620852768883,0.008708012290298939,0.4316711574792862,ddpm,A recording of an old upbeat cool rock song.
752,37.457919906948895,0.9580039647167207,0.008751291781663895,0.4755178540945053,ddpm,A recording of a heavy metal song.
753,36.85172626207643,0.9722363077100814,0.009296935983002186,0.4082360863685608,ddpm,A recording of a heavy metal song.
754,37.235451971818506,0.9685590645975761,0.008617929182946682,0.3846561461687088,ddpm,A recording of a heavy metal song.
755,38.23954423516709,0.9764948567518433,0.008072102442383766,0.3369321972131729,ddpm,A recording of a heavy metal song.
756,37.59645110489072,0.960083179582029,0.008560487069189548,0.5749342739582062,ddpm,A recording of a Chinese song.
757,38.489972801684125,0.9742754610886748,0.007559507619589567,0.4065430760383606,ddpm,A recording of a Chinese song.
758,37.55699186798989,0.9566947221766067,0.008684536442160606,0.42910584807395935,ddpm,A recording of a Chinese song.
759,37.07521419854502,0.9836896595083627,0.009027400054037571,0.22901692241430283,ddpm,A recording of a Chinese song.
760,38.25773956850372,0.9761783267658118,0.007986629381775856,0.34470272064208984,ddpm,"A high quality recording of a trumpet, a guitar, a piano, a bass guitar and drums playing."
761,38.08165793344456,0.9658662839745238,0.008132752031087875,0.5107634663581848,ddpm,"A high quality recording of a trumpet, a guitar, a piano, a bass guitar and drums playing."
762,37.63937932036076,0.9768810290400136,0.00861433520913124,0.37104812264442444,ddpm,"A high quality recording of a trumpet, a guitar, a piano, a bass guitar and drums playing."
763,37.379253237438,0.9685037847073694,0.008913198485970497,0.3952926844358444,ddpm,"A high quality recording of a trumpet, a guitar, a piano, a bass guitar and drums playing."
764,37.196141032750276,0.956563799378271,0.009082727134227753,0.47744496166706085,ddpm,A recording of calm happy rock song.
765,37.02828077076837,0.9645824764902259,0.009034411981701851,0.4709102064371109,ddpm,A recording of calm happy rock song.
766,37.67593632170053,0.9781138365399652,0.008465860970318317,0.23696992546319962,ddpm,A recording of calm happy rock song.
767,37.25132910399679,0.9669184270216385,0.008796440437436104,0.4414445161819458,ddpm,A recording of calm happy rock song.
768,37.50260262986346,0.976606267039568,0.008754381909966469,0.31433022022247314,ddpm,A recording of a rave techno song.
769,37.506579284836874,0.9764086868417173,0.00863383524119854,0.28286275267601013,ddpm,A recording of a rave techno song.
770,36.42113286038947,0.975398144879594,0.009986760094761848,0.31487396359443665,ddpm,A recording of a rave techno song.
771,38.640508971663714,0.9795486956188342,0.007678135763853788,0.2513357400894165,ddpm,A recording of a rave techno song.
772,35.46881087426299,0.9850241730810886,0.01086763571947813,0.24499541521072388,ddpm,A high quality recording of a woman vocalizing an epic opera solo with accompaniment.
773,37.52004295262539,0.9687083706333852,0.008743404410779476,0.4655488431453705,ddpm,A high quality recording of a woman vocalizing an epic opera solo with accompaniment.
774,37.66395408939333,0.9724820886615466,0.008385524153709412,0.38305437564849854,ddpm,A high quality recording of a woman vocalizing an epic opera solo with accompaniment.
775,37.88703292798202,0.9602152384730113,0.008240018971264362,0.39701730012893677,ddpm,A high quality recording of a woman vocalizing an epic opera solo with accompaniment.
776,37.07500975541342,0.9858867228777451,0.008964111097157001,0.2171366810798645,ddpm,A high quality recording of Arabic instruments playing.
777,37.5853591150123,0.9773044979780855,0.008733276277780533,0.3116917759180069,ddpm,A high quality recording of Arabic instruments playing.
778,37.53294581438272,0.9772605650556305,0.008721614256501198,0.3754351735115051,ddpm,A high quality recording of Arabic instruments playing.
779,35.500445577050996,0.9820109437570601,0.010056069120764732,0.30584676563739777,ddpm,A high quality recording of Arabic instruments playing.
780,37.10250861439789,0.9766150296484734,0.009001320227980614,0.3700961470603943,ddpm,A calm song with violins and drums playing.
781,37.45259119878179,0.9764409751241564,0.008775758557021618,0.2884732037782669,ddpm,A calm song with violins and drums playing.
782,37.20672026767989,0.9618340005017727,0.008916378021240234,0.5021531879901886,ddpm,A calm song with violins and drums playing.
783,37.68105558672077,0.9776335328273783,0.008411172777414322,0.3311711698770523,ddpm,A calm song with violins and drums playing.
784,37.664175812251784,0.9687154896690706,0.008428120985627174,0.43113701045513153,ddpm,Flutes and guitars playing a happy calm song.
785,38.17805642574545,0.9754146066181051,0.008071577176451683,0.37671317160129547,ddpm,Flutes and guitars playing a happy calm song.
786,37.46621450182464,0.9836094434640681,0.00859165471047163,0.31953343749046326,ddpm,Flutes and guitars playing a happy calm song.
787,37.52139297540903,0.9785981736158236,0.008362341672182083,0.3039512634277344,ddpm,Flutes and guitars playing a happy calm song.
788,36.98158280018511,0.9743413833951649,0.008798866532742977,0.35158856213092804,ddpm,"A violin and a saxophone playing a cool jazz melody, with an accompaniment of a piano, bass and drums."
789,37.417828706930514,0.9645323364941434,0.008751402609050274,0.47529634833335876,ddpm,"A violin and a saxophone playing a cool jazz melody, with an accompaniment of a piano, bass and drums."
790,36.74458897417547,0.9741780878954872,0.009266320616006851,0.4681581109762192,ddpm,"A violin and a saxophone playing a cool jazz melody, with an accompaniment of a piano, bass and drums."
791,36.97676060356641,0.9862231339344474,0.008957156911492348,0.23755688965320587,ddpm,"A violin and a saxophone playing a cool jazz melody, with an accompaniment of a piano, bass and drums."
792,38.44374486751213,0.9790184465621612,0.007842970080673695,0.30970536172389984,ddpm,A recording of upbeat pop music.
793,37.752208545673554,0.9727432850599168,0.008479434065520763,0.3705800026655197,ddpm,A recording of upbeat pop music.
794,37.24148286472325,0.9669256221314807,0.00896080955862999,0.44612063467502594,ddpm,A recording of upbeat pop music.
795,37.420090521810494,0.9694166478065988,0.0087980255484581,0.3908880650997162,ddpm,A recording of upbeat pop music.
796,38.046192319795885,0.9741357600768404,0.008094977587461472,0.3411252647638321,ddpm,"A saxophone playing while a guitar, bass and drums playing in the background."
797,36.805041347533944,0.9693020738819876,0.009212017059326172,0.46027079224586487,ddpm,"A saxophone playing while a guitar, bass and drums playing in the background."
798,37.16091033619095,0.9694409794407824,0.009020494297146797,0.3786954879760742,ddpm,"A saxophone playing while a guitar, bass and drums playing in the background."
799,38.64175509951758,0.9805158422883241,0.007272985763847828,0.2874589264392853,ddpm,"A saxophone playing while a guitar, bass and drums playing in the background."
800,37.4940121473131,0.964778058258863,0.008736709132790565,0.5156046450138092,ddpm,A recording of a happy country song.
801,37.30157292562333,0.960303870924953,0.008914710953831673,0.5256806164979935,ddpm,A recording of a happy country song.
802,37.25570278843784,0.9682700794294422,0.008975244127213955,0.36070454120635986,ddpm,A recording of a happy country song.
803,37.46792353699921,0.9687677383894832,0.008858689107000828,0.3560810685157776,ddpm,A recording of a happy country song.
804,37.25578465949113,0.9676620933802688,0.008895259350538254,0.42106562852859497,ddpm,"A woman is singing a country song with a trumpet, bass and drums playing in the background."
805,37.87035248993671,0.9782891575757479,0.008294574916362762,0.3508038818836212,ddpm,"A woman is singing a country song with a trumpet, bass and drums playing in the background."
806,37.32359510373005,0.9729114152796922,0.008954891003668308,0.2969598323106766,ddpm,"A woman is singing a country song with a trumpet, bass and drums playing in the background."
807,37.663944944895526,0.9675904666716699,0.0084137674421072,0.31169089674949646,ddpm,"A woman is singing a country song with a trumpet, bass and drums playing in the background."
808,38.31389956356768,0.9833569823828273,0.007820880971848965,0.21748681366443634,ddpm,A recording of an old upbeat cool Arabic song.
809,38.10167095790928,0.9783953921699527,0.008245390839874744,0.25485242903232574,ddpm,A recording of an old upbeat cool Arabic song.
810,36.61505445046706,0.9739565598458825,0.009396002627909184,0.5143135488033295,ddpm,A recording of an old upbeat cool Arabic song.
811,37.698928557769314,0.9676857048472972,0.008613022975623608,0.388722762465477,ddpm,A recording of an old upbeat cool Arabic song.
812,38.39771978480922,0.9681872673851315,0.007918436080217361,0.34319159388542175,ddpm,"A guitar playing a romantic country melody while a piano, bass and drums play in the background."
813,37.832531103615196,0.9741705521083451,0.008188813924789429,0.3684069812297821,ddpm,"A guitar playing a romantic country melody while a piano, bass and drums play in the background."
814,37.408235339298805,0.9625242286428599,0.00872236117720604,0.5201351046562195,ddpm,"A guitar playing a romantic country melody while a piano, bass and drums play in the background."
815,37.41170143818303,0.965414152451951,0.008801504969596863,0.4492972195148468,ddpm,"A guitar playing a romantic country melody while a piano, bass and drums play in the background."
816,37.45905521474051,0.9797678536188582,0.008454116061329842,0.19221502542495728,ddpm,A high quality recording of a retro arcade soundtrack playing.
817,37.62019530740242,0.9673664540194613,0.008718027733266354,0.4119156301021576,ddpm,A high quality recording of a retro arcade soundtrack playing.
818,37.863353707455836,0.9698184803947653,0.008434482850134373,0.4002465754747391,ddpm,A high quality recording of a retro arcade soundtrack playing.
819,36.87057128904803,0.9921820315940421,0.008182038553059101,0.12519243732094765,ddpm,A high quality recording of a retro arcade soundtrack playing.
820,36.09986471257673,0.9851068389007902,0.01017236802726984,0.2789517194032669,ddpm,Strings playing a scary death metal melody with trumpets and drums accompaniment in the background.
821,37.48691133547911,0.9589929015542613,0.008725989609956741,0.4701581746339798,ddpm,Strings playing a scary death metal melody with trumpets and drums accompaniment in the background.
822,37.18748566761159,0.9730168913356593,0.00885610468685627,0.4931025058031082,ddpm,Strings playing a scary death metal melody with trumpets and drums accompaniment in the background.
823,37.39396085111449,0.9475978630185551,0.00890960730612278,0.51438969373703,ddpm,Strings playing a scary death metal melody with trumpets and drums accompaniment in the background.
824,37.74931979108125,0.9674910144117543,0.008520283736288548,0.39958202838897705,ddpm,"A punk song of a man singing while a guitar, bass and drums accompany him."
825,36.96635162437928,0.9538409543234678,0.00922134704887867,0.4502723515033722,ddpm,"A punk song of a man singing while a guitar, bass and drums accompany him."
826,37.72964198460318,0.9678879741996941,0.008500142022967339,0.397491917014122,ddpm,"A punk song of a man singing while a guitar, bass and drums accompany him."
827,37.597504843892764,0.9553973236518367,0.008670846931636333,0.47957567870616913,ddpm,"A punk song of a man singing while a guitar, bass and drums accompany him."
828,37.65648876115199,0.974333216902294,0.008522886782884598,0.3045988231897354,ddpm,A recording of a calm reggae song.
829,37.82840926907624,0.9816441628167377,0.00845181941986084,0.22623981535434723,ddpm,A recording of a calm reggae song.
830,37.01670300773783,0.9774992031156099,0.008954952470958233,0.2679034322500229,ddpm,A recording of a calm reggae song.
831,37.655633715572016,0.9677984240218381,0.008531665429472923,0.5000489801168442,ddpm,A recording of a calm reggae song.
832,37.694058762913116,0.9776401549556535,0.008123639039695263,0.23402515053749084,ddpm,A recording of an upbeat cool jazz song.
833,37.46241895324792,0.9617522689472103,0.008819830603897572,0.49538686871528625,ddpm,A recording of an upbeat cool jazz song.
834,37.66347493370769,0.9675146464663977,0.008567911572754383,0.3952784836292267,ddpm,A recording of an upbeat cool jazz song.
835,37.06743202049887,0.9595368542403667,0.009141244925558567,0.48028212785720825,ddpm,A recording of an upbeat cool jazz song.
836,37.38073969827454,0.9819541260061044,0.008649785071611404,0.36318421363830566,ddpm,A recording of a happy upbeat classical music piece.
837,37.48165668703564,0.976974934566689,0.008530575782060623,0.43854519724845886,ddpm,A recording of a happy upbeat classical music piece.
838,37.47594623535066,0.9819668267865314,0.008706086315214634,0.2859836369752884,ddpm,A recording of a happy upbeat classical music piece.
839,37.83033545250556,0.9640446594019944,0.008412421680986881,0.3756694793701172,ddpm,A recording of a happy upbeat classical music piece.
840,37.48442031762253,0.9646332359179632,0.008865823969244957,0.40106938779354095,ddpm,A high quality recording of strings playing.
841,37.76947897557741,0.9823413311069635,0.008454426191747189,0.2412426695227623,ddpm,A high quality recording of strings playing.
842,37.42244014300647,0.9426307117433533,0.008925422094762325,0.5195759683847427,ddpm,A high quality recording of strings playing.
843,37.26360651046941,0.9719525735596748,0.008837239816784859,0.39747174084186554,ddpm,A high quality recording of strings playing.
844,37.22234718324345,0.9750603373666039,0.008833379484713078,0.29530537873506546,ddpm,"A high quality recording of a woman singing, and a piano, bass and drums playing."
845,38.03745618826429,0.9815832232576567,0.00820301752537489,0.3226484954357147,ddpm,"A high quality recording of a woman singing, and a piano, bass and drums playing."
846,37.071603680099194,0.9622192031054885,0.009030504152178764,0.602590799331665,ddpm,"A high quality recording of a woman singing, and a piano, bass and drums playing."
847,37.23221067973618,0.9681975979183108,0.008907170966267586,0.3648274838924408,ddpm,"A high quality recording of a woman singing, and a piano, bass and drums playing."
848,37.28514515536885,0.9699279745517981,0.008980292826890945,0.4157748520374298,ddpm,"A woman is singing while another woman, guitars, drums and bass are playing in the background."
849,37.34910571193956,0.9723528346131205,0.008831176906824112,0.3625709116458893,ddpm,"A woman is singing while another woman, guitars, drums and bass are playing in the background."
850,37.33678582222627,0.9790859994997305,0.008693329058587551,0.2495647668838501,ddpm,"A woman is singing while another woman, guitars, drums and bass are playing in the background."
851,37.6883611366233,0.9878907832950994,0.008346425369381905,0.23302725702524185,ddpm,"A woman is singing while another woman, guitars, drums and bass are playing in the background."
852,37.420356123031965,0.9744554330738203,0.008779333904385567,0.40403975546360016,ddpm,A reggae song of a woman singing while bass and drums accompany her.
853,36.911288355684775,0.974262908614915,0.00924872886389494,0.3597022593021393,ddpm,A reggae song of a woman singing while bass and drums accompany her.
854,37.3599204181157,0.9681151777093396,0.008974958211183548,0.3249567598104477,ddpm,A reggae song of a woman singing while bass and drums accompany her.
855,37.517757228477535,0.9787704933638065,0.008618447929620743,0.26050157099962234,ddpm,A reggae song of a woman singing while bass and drums accompany her.
856,36.90593260408148,0.968923390973607,0.009176206775009632,0.3825635313987732,ddpm,A high quality recording of flutes and a saxophone playing.
857,36.99616391624284,0.9703910518402956,0.008988956920802593,0.5560823827981949,ddpm,A high quality recording of flutes and a saxophone playing.
858,37.42767249531384,0.982304079427295,0.00807602982968092,0.15748571045696735,ddpm,A high quality recording of flutes and a saxophone playing.
859,35.8689016246815,0.9787163739982812,0.010399715043604374,0.23209066689014435,ddpm,A high quality recording of flutes and a saxophone playing.
860,37.175265032110254,0.9732472535753116,0.0089920274913311,0.3182738423347473,ddpm,A high quality recording of a woman singing while an orchestra play in the background.
861,38.10881826161082,0.9789425777973877,0.008009313605725765,0.34542258083820343,ddpm,A high quality recording of a woman singing while an orchestra play in the background.
862,37.316661681823845,0.9659236620476651,0.008645080961287022,0.3898506462574005,ddpm,A high quality recording of a woman singing while an orchestra play in the background.
863,37.56182170840559,0.9686770082449921,0.00863766297698021,0.3768251836299896,ddpm,A high quality recording of a woman singing while an orchestra play in the background.
864,37.15427817369044,0.9799688670304313,0.008784948848187923,0.3457207828760147,ddpm,"A woman vocalizing a slow cool jazz melody while an electric keyboard, bass and drums play in the background, later a saxophone preforms a solo as well."
865,37.49025811533629,0.9815084451735716,0.008553184568881989,0.3405279666185379,ddpm,"A woman vocalizing a slow cool jazz melody while an electric keyboard, bass and drums play in the background, later a saxophone preforms a solo as well."
866,37.3263615139722,0.9646196598169755,0.008767775259912014,0.43534956872463226,ddpm,"A woman vocalizing a slow cool jazz melody while an electric keyboard, bass and drums play in the background, later a saxophone preforms a solo as well."
867,37.34672851451178,0.9668180723397414,0.008968118578195572,0.4594269245862961,ddpm,"A woman vocalizing a slow cool jazz melody while an electric keyboard, bass and drums play in the background, later a saxophone preforms a solo as well."
868,38.63854505807812,0.9741701232457556,0.006648736540228128,0.2007039152085781,ddpm,"A high quality recording of a woman singing while a guitar, bass and drums accompany her."
869,37.45166411489292,0.9768882280874364,0.008787107653915882,0.2804587483406067,ddpm,"A high quality recording of a woman singing while a guitar, bass and drums accompany her."
870,37.655431755800294,0.9780947527557955,0.008539046160876751,0.26117874681949615,ddpm,"A high quality recording of a woman singing while a guitar, bass and drums accompany her."
871,37.86519970138073,0.9728947123724097,0.008419016376137733,0.3706325739622116,ddpm,"A high quality recording of a woman singing while a guitar, bass and drums accompany her."
872,37.83192980286054,0.9684651050929559,0.008340395987033844,0.45462487637996674,ddpm,Guitars playing alongside a trumpet a happy upbeat melody.
873,37.19505502823493,0.9717182760434137,0.009017467498779297,0.3767494261264801,ddpm,Guitars playing alongside a trumpet a happy upbeat melody.
874,37.40113813851787,0.9731917563614185,0.008706687949597836,0.28742170333862305,ddpm,Guitars playing alongside a trumpet a happy upbeat melody.
875,37.55002986000355,0.9765581858615822,0.008658739738166332,0.2544732093811035,ddpm,Guitars playing alongside a trumpet a happy upbeat melody.
876,37.13855008134709,0.9660358721552547,0.009103202261030674,0.37618309259414673,ddpm,"A violin playing a slow cool jazz melody while an electric keyboard, bass and drums play in the background, later a saxophone preforms a solo as well."
877,37.5553429174508,0.9742192327945972,0.008584755472838879,0.396797850728035,ddpm,"A violin playing a slow cool jazz melody while an electric keyboard, bass and drums play in the background, later a saxophone preforms a solo as well."
878,37.70965563320476,0.9818656518039298,0.008433675393462181,0.2981822043657303,ddpm,"A violin playing a slow cool jazz melody while an electric keyboard, bass and drums play in the background, later a saxophone preforms a solo as well."
879,37.227002654520845,0.9618146003466532,0.009079060517251492,0.4572567641735077,ddpm,"A violin playing a slow cool jazz melody while an electric keyboard, bass and drums play in the background, later a saxophone preforms a solo as well."
880,38.280070768020074,0.9695709756018043,0.00797401275485754,0.36620618402957916,ddpm,A recording of a calm rock song.
881,38.04332812163151,0.9749663360191236,0.008264499716460705,0.30652792751789093,ddpm,A recording of a calm rock song.
882,37.059159268578505,0.9585309980079078,0.009165455587208271,0.5048328936100006,ddpm,A recording of a calm rock song.
883,37.47956319104993,0.9590983833995496,0.008646183647215366,0.4182840883731842,ddpm,A recording of a calm rock song.
884,37.14522471317957,0.9632111085483432,0.00918644294142723,0.5010003298521042,ddpm,A recording of a happy calm country song.
885,38.56108789836267,0.9780630646617331,0.007770246360450983,0.3100728541612625,ddpm,A recording of a happy calm country song.
886,37.6687903674937,0.9746278739200219,0.008546174503862858,0.38864879310131073,ddpm,A recording of a happy calm country song.
887,37.599814509228416,0.9699544980882497,0.008576208725571632,0.32696084678173065,ddpm,A recording of a happy calm country song.
888,37.632942009101455,0.977857303742019,0.0085069565102458,0.3173931986093521,ddpm,A high quality recording of a woman singing while bass and drums accompany her.
889,37.00944078408347,0.9683128020988576,0.009135701693594456,0.4033302962779999,ddpm,A high quality recording of a woman singing while bass and drums accompany her.
890,37.706034508873415,0.9688289485717239,0.008556113578379154,0.29024720937013626,ddpm,A high quality recording of a woman singing while bass and drums accompany her.
891,37.057187180134605,0.9618288307856603,0.009210816584527493,0.40375126898288727,ddpm,A high quality recording of a woman singing while bass and drums accompany her.
892,37.361976007577496,0.9697257567511359,0.008825387805700302,0.4188229441642761,ddpm,An electric guitar playing epic riffs while bass and drums are playing in the background.
893,37.75158885286322,0.9622606057749961,0.008389757014811039,0.3600456118583679,ddpm,An electric guitar playing epic riffs while bass and drums are playing in the background.
894,37.5476731857528,0.97139114445125,0.008699391968548298,0.3415997326374054,ddpm,An electric guitar playing epic riffs while bass and drums are playing in the background.
895,37.49273233752667,0.9740018427204566,0.008379397913813591,0.36923524737358093,ddpm,An electric guitar playing epic riffs while bass and drums are playing in the background.
896,38.08737868601543,0.9754946023111823,0.00814197026193142,0.40912482142448425,ddpm,"strings, flutes, and harps playing an upbeat piece."
897,38.17830729933818,0.9736426849925317,0.0081143444404006,0.3983980715274811,ddpm,"strings, flutes, and harps playing an upbeat piece."
898,37.030511822831905,0.9641142868731262,0.009010344743728638,0.4458686113357544,ddpm,"strings, flutes, and harps playing an upbeat piece."
899,36.70561390062692,0.9801833887587439,0.009120270609855652,0.4530506730079651,ddpm,"strings, flutes, and harps playing an upbeat piece."
900,37.285899886745966,0.9604919194380469,0.008364833891391754,0.4101182371377945,ddpm,A recording of  calm jazz song.
901,37.234588215099144,0.9736353780593102,0.008965537883341312,0.33280032873153687,ddpm,A recording of  calm jazz song.
902,37.58919541932518,0.9613380762484791,0.008661649189889431,0.5155028849840164,ddpm,A recording of  calm jazz song.
903,37.27087247091199,0.9693013856491338,0.008721213787794113,0.33510859310626984,ddpm,A recording of  calm jazz song.
904,37.486429861424895,0.959664967793393,0.008777298033237457,0.47887155413627625,ddpm,An upbeat song with electric guitars and drums playing.
905,37.18430328749322,0.9825428340199925,0.008151238784193993,0.24261166155338287,ddpm,An upbeat song with electric guitars and drums playing.
906,37.41259661829593,0.9652276959510137,0.008785776793956757,0.323652446269989,ddpm,An upbeat song with electric guitars and drums playing.
907,38.286540506086304,0.96593892347901,0.008005620911717415,0.47476935386657715,ddpm,An upbeat song with electric guitars and drums playing.
908,37.878687406016915,0.969161753938717,0.0083437729626894,0.38439981639385223,ddpm,"A cool 80s rock song of a man singing while a guitar, bass and drums accompany him."
909,37.58445395782474,0.9657360290271619,0.008307494223117828,0.4184693247079849,ddpm,"A cool 80s rock song of a man singing while a guitar, bass and drums accompany him."
910,37.56952052958954,0.9682470735987327,0.008676066994667053,0.43739305436611176,ddpm,"A cool 80s rock song of a man singing while a guitar, bass and drums accompany him."
911,38.022119822376304,0.965912103506721,0.008251824416220188,0.4447363018989563,ddpm,"A cool 80s rock song of a man singing while a guitar, bass and drums accompany him."
912,37.50793319593594,0.9556456677788854,0.00873338058590889,0.5081340074539185,ddpm,"A country song of a woman singing while a guitar, bass and drums accompany her."
913,36.79335481614848,0.9741181390420067,0.009155459702014923,0.48472797870635986,ddpm,"A country song of a woman singing while a guitar, bass and drums accompany her."
914,37.60606153340589,0.9666198660001502,0.008543114177882671,0.42837393283843994,ddpm,"A country song of a woman singing while a guitar, bass and drums accompany her."
915,37.14759351602527,0.9663161500793742,0.00907836202532053,0.5007257461547852,ddpm,"A country song of a woman singing while a guitar, bass and drums accompany her."
916,36.88335332721191,0.9632881389461448,0.009291050024330616,0.3619987368583679,ddpm,A recording of an old timey rock song from the seventies.
917,37.48232072534195,0.9711546531337065,0.00864314753562212,0.39261938631534576,ddpm,A recording of an old timey rock song from the seventies.
918,37.26652129221276,0.9716412621427319,0.009294495917856693,0.3131473660469055,ddpm,A recording of an old timey rock song from the seventies.
919,37.37936660458237,0.9715694493963426,0.008732435293495655,0.38328441977500916,ddpm,A recording of an old timey rock song from the seventies.
920,37.72374760455659,0.9768303362214905,0.008358585648238659,0.30274099111557007,ddpm,"A saxophone, guitar, bass and drums playing a cool happy song."
921,37.7971153949378,0.9640232159971912,0.0084436209872365,0.3823757767677307,ddpm,"A saxophone, guitar, bass and drums playing a cool happy song."
922,37.84745880105285,0.9774946094653871,0.008337398059666157,0.28986358642578125,ddpm,"A saxophone, guitar, bass and drums playing a cool happy song."
923,37.52979409375343,0.9758999906438711,0.008701655082404613,0.3343278169631958,ddpm,"A saxophone, guitar, bass and drums playing a cool happy song."
924,37.49369963812295,0.955737407032076,0.00848495215177536,0.5943437814712524,ddpm,A recording of a scary classical music score.
925,37.16362520548684,0.9584549748095489,0.00887216255068779,0.5091363787651062,ddpm,A recording of a scary classical music score.
926,37.931673894921595,0.9754556688793314,0.008362912572920322,0.28112100064754486,ddpm,A recording of a scary classical music score.
927,37.89147639212694,0.9675941628393782,0.008298239670693874,0.38555626571178436,ddpm,A recording of a scary classical music score.
928,37.30941571713967,0.9575609038961966,0.008913799189031124,0.5108422487974167,ddpm,"A man is singing in high pitched voice while a guitar, bass and drums are accompanying him in an angry metal song."
929,36.56143022841381,0.962762349087802,0.009420312009751797,0.4015062153339386,ddpm,"A man is singing in high pitched voice while a guitar, bass and drums are accompanying him in an angry metal song."
930,37.222685815741265,0.9438172125024871,0.009045206941664219,0.5091692805290222,ddpm,"A man is singing in high pitched voice while a guitar, bass and drums are accompanying him in an angry metal song."
931,37.970083377904956,0.9630498564161553,0.00805868860334158,0.4246646761894226,ddpm,"A man is singing in high pitched voice while a guitar, bass and drums are accompanying him in an angry metal song."
932,37.44592611270286,0.9743974739517045,0.00878767017275095,0.4204229712486267,ddpm,A recording of Hindu instruments playing.
933,37.513076924768974,0.95112215391307,0.008335772901773453,0.34390589594841003,ddpm,A recording of Hindu instruments playing.
934,37.03120442519092,0.9776842750656572,0.00918777659535408,0.40303903818130493,ddpm,A recording of Hindu instruments playing.
935,38.005827463150474,0.9672215056265676,0.008227494545280933,0.4150870144367218,ddpm,A recording of Hindu instruments playing.
936,37.97354178050953,0.9888696426232048,0.006056622136384249,0.21035873889923096,ddpm,A recording of an old metal song.
937,37.566657902509355,0.9759615042882015,0.008629386313259602,0.3931790292263031,ddpm,A recording of an old metal song.
938,38.20029070585461,0.9775055556907488,0.00781482644379139,0.24712246656417847,ddpm,A recording of an old metal song.
939,37.63667104205513,0.9672787647001885,0.00858461856842041,0.3381677567958832,ddpm,A recording of an old metal song.
940,37.12960361935359,0.9701525312801903,0.009115058928728104,0.3929987847805023,ddpm,A recording of an old country song.
941,37.31977043392956,0.9733746489025543,0.008952564559876919,0.39000940322875977,ddpm,A recording of an old country song.
942,37.590101208790415,0.9776076100924742,0.008494377136230469,0.41984735429286957,ddpm,A recording of an old country song.
943,37.14561026259206,0.9707880080001398,0.009090032428503036,0.30393052101135254,ddpm,A recording of an old country song.
944,37.74648175437086,0.9673488718080244,0.008543378673493862,0.3438829034566879,ddpm,A high quality recording of a rock band accompaniment.
945,38.393065684293084,0.9807154730364238,0.00767560163512826,0.2906123250722885,ddpm,A high quality recording of a rock band accompaniment.
946,38.2279006886309,0.973442253321263,0.00793517753481865,0.41283150017261505,ddpm,A high quality recording of a rock band accompaniment.
947,37.40851555087239,0.9560280254938361,0.00892229937016964,0.4543285220861435,ddpm,A high quality recording of a rock band accompaniment.
948,36.492530332497445,0.9840602814618724,0.009352050721645355,0.40667232871055603,ddpm,A high quality recording of violins and a trumpet playing.
949,36.81672872922244,0.9839234913778339,0.009287502616643906,0.4414981007575989,ddpm,A high quality recording of violins and a trumpet playing.
950,37.338404240028844,0.9846487603429884,0.008329604752361774,0.3355986624956131,ddpm,A high quality recording of violins and a trumpet playing.
951,36.5617483570002,0.9796405309937108,0.00907470379024744,0.22767823189496994,ddpm,A high quality recording of violins and a trumpet playing.
952,37.33243742949698,0.9758852662735512,0.008831950835883617,0.3121684640645981,ddpm,A woman vocalizing playing alongside a trumpet a happy upbeat melody.
953,37.46235573042439,0.9681820870696347,0.008720288053154945,0.3697626441717148,ddpm,A woman vocalizing playing alongside a trumpet a happy upbeat melody.
954,37.81142800366894,0.9603059693688383,0.008442072197794914,0.3853975236415863,ddpm,A woman vocalizing playing alongside a trumpet a happy upbeat melody.
955,38.079313198020316,0.9633015636655345,0.008155087009072304,0.5045676529407501,ddpm,A woman vocalizing playing alongside a trumpet a happy upbeat melody.
956,37.36882810948241,0.964649908698689,0.008876968175172806,0.4257475435733795,ddpm,"A rock song with a guitar, piano, bass and drums playing."
957,37.62166803405065,0.9693919716127504,0.00858709029853344,0.40195584297180176,ddpm,"A rock song with a guitar, piano, bass and drums playing."
958,37.382789703269964,0.9549851009571098,0.008911045268177986,0.4758554697036743,ddpm,"A rock song with a guitar, piano, bass and drums playing."
959,37.603045399388144,0.9731821640375435,0.00874924473464489,0.47880516946315765,ddpm,"A rock song with a guitar, piano, bass and drums playing."
960,37.5057112668154,0.9594160199643376,0.008741074241697788,0.4709080308675766,ddpm,"A recording of a sneaky, quiet and dramatic metal song, that turns loud in the middle then turns quite again."
961,37.82736465785072,0.9769891997262438,0.008302862755954266,0.3516029566526413,ddpm,"A recording of a sneaky, quiet and dramatic metal song, that turns loud in the middle then turns quite again."
962,37.020247311649705,0.9321716313862178,0.00929873064160347,0.5725632309913635,ddpm,"A recording of a sneaky, quiet and dramatic metal song, that turns loud in the middle then turns quite again."
963,37.28943065483732,0.9726397188440934,0.00866878591477871,0.32770588994026184,ddpm,"A recording of a sneaky, quiet and dramatic metal song, that turns loud in the middle then turns quite again."
964,37.013831791634345,0.9655150297395969,0.009254349395632744,0.3804999142885208,ddpm,A rock band playing alongside a trumpet a happy upbeat melody.
965,37.64550047371253,0.9714134834979836,0.008547283709049225,0.3986708074808121,ddpm,A rock band playing alongside a trumpet a happy upbeat melody.
966,37.18981202664142,0.9763531603842136,0.008968164213001728,0.35316844284534454,ddpm,A rock band playing alongside a trumpet a happy upbeat melody.
967,37.55369172038203,0.9724807943227888,0.008668438531458378,0.2894810438156128,ddpm,A rock band playing alongside a trumpet a happy upbeat melody.
968,37.988430252707595,0.9728167820495581,0.008303176611661911,0.2992303967475891,ddpm,A high quality recording of an epic piano hard rock solo with a rock band accompaniment.
969,38.11495433443278,0.9606265749245674,0.008092813193798065,0.5148155391216278,ddpm,A high quality recording of an epic piano hard rock solo with a rock band accompaniment.
970,37.91906236140759,0.96055336950019,0.008008617907762527,0.5229020714759827,ddpm,A high quality recording of an epic piano hard rock solo with a rock band accompaniment.
971,37.809539777599504,0.9694512947657109,0.008491819724440575,0.3673616647720337,ddpm,A high quality recording of an epic piano hard rock solo with a rock band accompaniment.
972,38.090586818952666,0.9758627055040338,0.008088224567472935,0.32542335987091064,ddpm,A recording of a cool calm arcade game soundtrack.
973,36.951540225262264,0.9603194182789623,0.009040639735758305,0.5207144170999527,ddpm,A recording of a cool calm arcade game soundtrack.
974,37.297021555998995,0.9750027625009149,0.008795389905571938,0.29749739170074463,ddpm,A recording of a cool calm arcade game soundtrack.
975,37.839291481410214,0.9855208923492265,0.008490651845932007,0.2035728320479393,ddpm,A recording of a cool calm arcade game soundtrack.
976,37.18633659623831,0.9698685963506171,0.00902595091611147,0.4385422021150589,ddpm,"a saxophone, trumpet, guitar, bass and drums playing."
977,37.85677584400058,0.9786257130992355,0.008153853937983513,0.2037363424897194,ddpm,"a saxophone, trumpet, guitar, bass and drums playing."
978,37.23489799671038,0.9780081166794996,0.008966387249529362,0.2309851199388504,ddpm,"a saxophone, trumpet, guitar, bass and drums playing."
979,37.342493948496724,0.9793705914539798,0.008680678904056549,0.28840772807598114,ddpm,"a saxophone, trumpet, guitar, bass and drums playing."
980,37.30848779885713,0.9484125153866562,0.009198644198477268,0.527485653758049,ddpm,A recording of a cool mysterious rock song.
981,36.77182977152922,0.9676245460322349,0.009196162223815918,0.3979604244232178,ddpm,A recording of a cool mysterious rock song.
982,37.20005641583022,0.9564128900186644,0.009025252424180508,0.3887343406677246,ddpm,A recording of a cool mysterious rock song.
983,36.78363283157277,0.9679368685235478,0.009335463866591454,0.35656487941741943,ddpm,A recording of a cool mysterious rock song.
984,36.920612660309075,0.9667947153721517,0.009174762293696404,0.4762111008167267,ddpm,A recording of calm happy jazz music.
985,37.58604785857358,0.973283872880176,0.00847117230296135,0.41814395785331726,ddpm,A recording of calm happy jazz music.
986,37.15263042812296,0.9700148931707707,0.008841294795274734,0.311807245016098,ddpm,A recording of calm happy jazz music.
987,37.48367077405009,0.9615034194403036,0.008727421052753925,0.4956759512424469,ddpm,A recording of calm happy jazz music.
988,38.28400331301003,0.9691607363887383,0.008001222275197506,0.37727659940719604,ddpm,An orchestra playing classical music. You can hear flutes and a piano.
989,37.7750942106878,0.9685819877167813,0.008462116122245789,0.4423193782567978,ddpm,An orchestra playing classical music. You can hear flutes and a piano.
990,37.501981189785525,0.9689039506326008,0.008718032389879227,0.4735877066850662,ddpm,An orchestra playing classical music. You can hear flutes and a piano.
991,36.88259676775966,0.9724842653206441,0.00923363957554102,0.4268553704023361,ddpm,An orchestra playing classical music. You can hear flutes and a piano.
992,36.24496603778344,0.9806882352451601,0.009333931840956211,0.3514097183942795,ddpm,A high quality recording of flutes playing a wedding song.
993,37.51466594680001,0.9570381048467856,0.008723568171262741,0.41463519632816315,ddpm,A high quality recording of flutes playing a wedding song.
994,36.73784451473167,0.985224008636827,0.009161346592009068,0.24956801533699036,ddpm,A high quality recording of flutes playing a wedding song.
995,36.72524180930401,0.9745375530701039,0.009447259828448296,0.31735947728157043,ddpm,A high quality recording of flutes playing a wedding song.
996,38.002202359781606,0.9686640395583173,0.008353539742529392,0.3699634373188019,ddpm,A high quality recording of a piano and violins playing a happy and emotional  piece.
997,35.93330530178803,0.9774684598467394,0.009962049312889576,0.3849124014377594,ddpm,A high quality recording of a piano and violins playing a happy and emotional  piece.
998,37.36701696992099,0.9709281603021955,0.0087822824716568,0.4670252203941345,ddpm,A high quality recording of a piano and violins playing a happy and emotional  piece.
999,37.36133395933641,0.9786425597602908,0.008708527311682701,0.35525839030742645,ddpm,A high quality recording of a piano and violins playing a happy and emotional  piece.
1000,38.110767786200995,0.9814388328381414,0.008000575006008148,0.3023163229227066,ddpm,"A saxophone playing a quiet jazz melody, with an accompaniment of bass and drums."
1001,38.00080390979118,0.9752978715783532,0.007999221794307232,0.3285236656665802,ddpm,"A saxophone playing a quiet jazz melody, with an accompaniment of bass and drums."
1002,37.138907093131806,0.9743955191761212,0.008919606916606426,0.4610620439052582,ddpm,"A saxophone playing a quiet jazz melody, with an accompaniment of bass and drums."
1003,37.545810282216074,0.9740521247124883,0.008624346926808357,0.39092373847961426,ddpm,"A saxophone playing a quiet jazz melody, with an accompaniment of bass and drums."
1004,37.78550316779398,0.9753062944941333,0.008349589072167873,0.4112458974123001,ddpm,"Chinese flutes, Chinese wind instruments and Chinese strings playing a dramatic Chinese music piece."
1005,37.32642841950263,0.9660828956393541,0.008866451680660248,0.4214266538619995,ddpm,"Chinese flutes, Chinese wind instruments and Chinese strings playing a dramatic Chinese music piece."
1006,37.05924204894921,0.959987272458679,0.009021584875881672,0.5666684508323669,ddpm,"Chinese flutes, Chinese wind instruments and Chinese strings playing a dramatic Chinese music piece."
1007,37.21655147414585,0.9724970823231698,0.009114260785281658,0.410354420542717,ddpm,"Chinese flutes, Chinese wind instruments and Chinese strings playing a dramatic Chinese music piece."
1008,38.047256244997534,0.9708132093581874,0.008170307613909245,0.3624947965145111,ddpm,"A high quality recording of guitars, flutes and drums playing."
1009,37.301233810869626,0.9711457187185878,0.008890419267117977,0.4002147912979126,ddpm,"A high quality recording of guitars, flutes and drums playing."
1010,37.62638233665018,0.9740613112523953,0.008371783420443535,0.45527586340904236,ddpm,"A high quality recording of guitars, flutes and drums playing."
1011,37.57838378486563,0.9704849999478043,0.008541563525795937,0.3638221025466919,ddpm,"A high quality recording of guitars, flutes and drums playing."
1012,37.87705949412805,0.9687717622657511,0.00811761524528265,0.3971426486968994,ddpm,A string section playing a happy calm song.
1013,37.241753417138774,0.9712067388353854,0.008300135843455791,0.4952983856201172,ddpm,A string section playing a happy calm song.
1014,37.671492456998244,0.9728467246166265,0.00851431768387556,0.43627455830574036,ddpm,A string section playing a happy calm song.
1015,37.72954156058912,0.9733974775460476,0.008351432159543037,0.373407244682312,ddpm,A string section playing a happy calm song.
1016,37.62681800676651,0.9663954714599879,0.008600911125540733,0.3852919489145279,ddpm,A high quality recording of a man singing while and orchestra accompany him.
1017,37.38221249789788,0.9739498259117508,0.008376548066735268,0.28803735971450806,ddpm,A high quality recording of a man singing while and orchestra accompany him.
1018,37.245006704508164,0.9625987433509001,0.008860103785991669,0.3584565073251724,ddpm,A high quality recording of a man singing while and orchestra accompany him.
1019,37.24903756262395,0.9569356604129271,0.008888250216841698,0.45217637717723846,ddpm,A high quality recording of a man singing while and orchestra accompany him.
1020,37.50149599458993,0.9638435475538073,0.008638212457299232,0.4985895901918411,ddpm,"A guitar playing a quiet harsh techno melody while an electric keyboard, bass and drums play in the background."
1021,37.630978606114816,0.9816952852501949,0.008104412816464901,0.2580156698822975,ddpm,"A guitar playing a quiet harsh techno melody while an electric keyboard, bass and drums play in the background."
1022,36.17282031722927,0.9820733571925614,0.010020258836448193,0.21688319742679596,ddpm,"A guitar playing a quiet harsh techno melody while an electric keyboard, bass and drums play in the background."
1023,37.33283760885881,0.9768001297942951,0.009104040451347828,0.27239152789115906,ddpm,"A guitar playing a quiet harsh techno melody while an electric keyboard, bass and drums play in the background."
